ISO-10303-21;
HEADER;
/* Generated by software containing ST-Developer
 * from STEP Tools, Inc. (www.steptools.com) 
 */
/* OPTION: using custom renumber hook */

FILE_DESCRIPTION(
/* description */ ('STEP AP242',
'CAx-IF Rec.Pracs.---Representation and Presentation of Product Manufa
cturing Information (PMI)---4.0---2014-10-13',
'CAx-IF Rec.Pracs.---3D Tessellated Geometry---0.4---2014-09-14','2;1'),

/* implementation_level */ '2;1');

FILE_NAME(
/* name */ '65f4ce06e64d9970a3acb3d1',
/* time_stamp */ '2024-03-15T22:39:03Z',
/* author */ (''),
/* organization */ (''),
/* preprocessor_version */ 'ST-DEVELOPER v19.4',
/* originating_system */ '  ',
/* authorisation */ '  ');

FILE_SCHEMA (('AP242_MANAGED_MODEL_BASED_3D_ENGINEERING_MIM_LF { 1 0 10303 442 1 1 4 }'));
ENDSEC;

DATA;
#10=SHAPE_REPRESENTATION_RELATIONSHIP('','',#3087,#11);
#11=ADVANCED_BREP_SHAPE_REPRESENTATION('',(#3085),#5317);
#12=LINE('',#4478,#220);
#13=LINE('',#4483,#221);
#14=LINE('',#4488,#222);
#15=LINE('',#4493,#223);
#16=LINE('',#4521,#224);
#17=LINE('',#4524,#225);
#18=LINE('',#4526,#226);
#19=LINE('',#4528,#227);
#20=LINE('',#4530,#228);
#21=LINE('',#4533,#229);
#22=LINE('',#4535,#230);
#23=LINE('',#4537,#231);
#24=LINE('',#4539,#232);
#25=LINE('',#4542,#233);
#26=LINE('',#4544,#234);
#27=LINE('',#4546,#235);
#28=LINE('',#4552,#236);
#29=LINE('',#4557,#237);
#30=LINE('',#4564,#238);
#31=LINE('',#4568,#239);
#32=LINE('',#4572,#240);
#33=LINE('',#4576,#241);
#34=LINE('',#4580,#242);
#35=LINE('',#4584,#243);
#36=LINE('',#4588,#244);
#37=LINE('',#4654,#245);
#38=LINE('',#4656,#246);
#39=LINE('',#4658,#247);
#40=LINE('',#4660,#248);
#41=LINE('',#4662,#249);
#42=LINE('',#4664,#250);
#43=LINE('',#4666,#251);
#44=LINE('',#4668,#252);
#45=LINE('',#4670,#253);
#46=LINE('',#4702,#254);
#47=LINE('',#4704,#255);
#48=LINE('',#4706,#256);
#49=LINE('',#4708,#257);
#50=LINE('',#4710,#258);
#51=LINE('',#4712,#259);
#52=LINE('',#4714,#260);
#53=LINE('',#4716,#261);
#54=LINE('',#4718,#262);
#55=LINE('',#4764,#263);
#56=LINE('',#4767,#264);
#57=LINE('',#4768,#265);
#58=LINE('',#4770,#266);
#59=LINE('',#4772,#267);
#60=LINE('',#4774,#268);
#61=LINE('',#4776,#269);
#62=LINE('',#4779,#270);
#63=LINE('',#4780,#271);
#64=LINE('',#4861,#272);
#65=LINE('',#4866,#273);
#66=LINE('',#4870,#274);
#67=LINE('',#4871,#275);
#68=LINE('',#4875,#276);
#69=LINE('',#4877,#277);
#70=LINE('',#4882,#278);
#71=LINE('',#4886,#279);
#72=LINE('',#4887,#280);
#73=LINE('',#4891,#281);
#74=LINE('',#4893,#282);
#75=LINE('',#4898,#283);
#76=LINE('',#4902,#284);
#77=LINE('',#4903,#285);
#78=LINE('',#4907,#286);
#79=LINE('',#4909,#287);
#80=LINE('',#4914,#288);
#81=LINE('',#4918,#289);
#82=LINE('',#4919,#290);
#83=LINE('',#4923,#291);
#84=LINE('',#4925,#292);
#85=LINE('',#4926,#293);
#86=LINE('',#4928,#294);
#87=LINE('',#4929,#295);
#88=LINE('',#4933,#296);
#89=LINE('',#4934,#297);
#90=LINE('',#4936,#298);
#91=LINE('',#4937,#299);
#92=LINE('',#4941,#300);
#93=LINE('',#4942,#301);
#94=LINE('',#4944,#302);
#95=LINE('',#4945,#303);
#96=LINE('',#4949,#304);
#97=LINE('',#4950,#305);
#98=LINE('',#4952,#306);
#99=LINE('',#4953,#307);
#100=LINE('',#4957,#308);
#101=LINE('',#4959,#309);
#102=LINE('',#4961,#310);
#103=LINE('',#4963,#311);
#104=LINE('',#4965,#312);
#105=LINE('',#4967,#313);
#106=LINE('',#4970,#314);
#107=LINE('',#4972,#315);
#108=LINE('',#4974,#316);
#109=LINE('',#4975,#317);
#110=LINE('',#4986,#318);
#111=LINE('',#4991,#319);
#112=LINE('',#4993,#320);
#113=LINE('',#4995,#321);
#114=LINE('',#4996,#322);
#115=LINE('',#4998,#323);
#116=LINE('',#5001,#324);
#117=LINE('',#5003,#325);
#118=LINE('',#5005,#326);
#119=LINE('',#5006,#327);
#120=LINE('',#5015,#328);
#121=LINE('',#5020,#329);
#122=LINE('',#5022,#330);
#123=LINE('',#5024,#331);
#124=LINE('',#5025,#332);
#125=LINE('',#5027,#333);
#126=LINE('',#5030,#334);
#127=LINE('',#5032,#335);
#128=LINE('',#5034,#336);
#129=LINE('',#5035,#337);
#130=LINE('',#5044,#338);
#131=LINE('',#5046,#339);
#132=LINE('',#5048,#340);
#133=LINE('',#5050,#341);
#134=LINE('',#5052,#342);
#135=LINE('',#5054,#343);
#136=LINE('',#5057,#344);
#137=LINE('',#5059,#345);
#138=LINE('',#5061,#346);
#139=LINE('',#5062,#347);
#140=LINE('',#5073,#348);
#141=LINE('',#5075,#349);
#142=LINE('',#5077,#350);
#143=LINE('',#5079,#351);
#144=LINE('',#5081,#352);
#145=LINE('',#5083,#353);
#146=LINE('',#5086,#354);
#147=LINE('',#5088,#355);
#148=LINE('',#5090,#356);
#149=LINE('',#5091,#357);
#150=LINE('',#5102,#358);
#151=LINE('',#5107,#359);
#152=LINE('',#5109,#360);
#153=LINE('',#5111,#361);
#154=LINE('',#5112,#362);
#155=LINE('',#5114,#363);
#156=LINE('',#5117,#364);
#157=LINE('',#5119,#365);
#158=LINE('',#5121,#366);
#159=LINE('',#5122,#367);
#160=LINE('',#5131,#368);
#161=LINE('',#5136,#369);
#162=LINE('',#5138,#370);
#163=LINE('',#5140,#371);
#164=LINE('',#5141,#372);
#165=LINE('',#5143,#373);
#166=LINE('',#5146,#374);
#167=LINE('',#5148,#375);
#168=LINE('',#5150,#376);
#169=LINE('',#5151,#377);
#170=LINE('',#5160,#378);
#171=LINE('',#5162,#379);
#172=LINE('',#5164,#380);
#173=LINE('',#5166,#381);
#174=LINE('',#5168,#382);
#175=LINE('',#5170,#383);
#176=LINE('',#5173,#384);
#177=LINE('',#5175,#385);
#178=LINE('',#5177,#386);
#179=LINE('',#5178,#387);
#180=LINE('',#5189,#388);
#181=LINE('',#5191,#389);
#182=LINE('',#5193,#390);
#183=LINE('',#5195,#391);
#184=LINE('',#5197,#392);
#185=LINE('',#5199,#393);
#186=LINE('',#5202,#394);
#187=LINE('',#5204,#395);
#188=LINE('',#5206,#396);
#189=LINE('',#5207,#397);
#190=LINE('',#5218,#398);
#191=LINE('',#5223,#399);
#192=LINE('',#5225,#400);
#193=LINE('',#5227,#401);
#194=LINE('',#5228,#402);
#195=LINE('',#5230,#403);
#196=LINE('',#5233,#404);
#197=LINE('',#5235,#405);
#198=LINE('',#5237,#406);
#199=LINE('',#5238,#407);
#200=LINE('',#5247,#408);
#201=LINE('',#5252,#409);
#202=LINE('',#5254,#410);
#203=LINE('',#5256,#411);
#204=LINE('',#5257,#412);
#205=LINE('',#5259,#413);
#206=LINE('',#5262,#414);
#207=LINE('',#5264,#415);
#208=LINE('',#5266,#416);
#209=LINE('',#5267,#417);
#210=LINE('',#5276,#418);
#211=LINE('',#5279,#419);
#212=LINE('',#5281,#420);
#213=LINE('',#5283,#421);
#214=LINE('',#5284,#422);
#215=LINE('',#5286,#423);
#216=LINE('',#5288,#424);
#217=LINE('',#5290,#425);
#218=LINE('',#5292,#426);
#219=LINE('',#5294,#427);
#220=VECTOR('',#3509,1.);
#221=VECTOR('',#3514,1.);
#222=VECTOR('',#3519,1.);
#223=VECTOR('',#3524,1.);
#224=VECTOR('',#3559,1.);
#225=VECTOR('',#3560,1.);
#226=VECTOR('',#3561,1.);
#227=VECTOR('',#3562,1.);
#228=VECTOR('',#3565,1.);
#229=VECTOR('',#3566,1.);
#230=VECTOR('',#3567,1.);
#231=VECTOR('',#3568,1.);
#232=VECTOR('',#3571,1.);
#233=VECTOR('',#3572,1.);
#234=VECTOR('',#3573,1.);
#235=VECTOR('',#3574,1.);
#236=VECTOR('',#3581,1.);
#237=VECTOR('',#3584,1.);
#238=VECTOR('',#3593,1.);
#239=VECTOR('',#3596,1.);
#240=VECTOR('',#3599,1.);
#241=VECTOR('',#3602,1.);
#242=VECTOR('',#3605,1.);
#243=VECTOR('',#3608,1.);
#244=VECTOR('',#3611,1.);
#245=VECTOR('',#3688,1.);
#246=VECTOR('',#3689,1.);
#247=VECTOR('',#3690,1.);
#248=VECTOR('',#3693,1.);
#249=VECTOR('',#3694,1.);
#250=VECTOR('',#3695,1.);
#251=VECTOR('',#3698,1.);
#252=VECTOR('',#3699,1.);
#253=VECTOR('',#3700,1.);
#254=VECTOR('',#3743,1.);
#255=VECTOR('',#3744,1.);
#256=VECTOR('',#3745,1.);
#257=VECTOR('',#3748,1.);
#258=VECTOR('',#3749,1.);
#259=VECTOR('',#3750,1.);
#260=VECTOR('',#3753,1.);
#261=VECTOR('',#3754,1.);
#262=VECTOR('',#3755,1.);
#263=VECTOR('',#3814,1.);
#264=VECTOR('',#3815,1.);
#265=VECTOR('',#3816,1.);
#266=VECTOR('',#3819,1.);
#267=VECTOR('',#3820,1.);
#268=VECTOR('',#3821,1.);
#269=VECTOR('',#3824,1.);
#270=VECTOR('',#3825,1.);
#271=VECTOR('',#3826,1.);
#272=VECTOR('',#3931,1.);
#273=VECTOR('',#3936,1.);
#274=VECTOR('',#3939,1.);
#275=VECTOR('',#3940,1.);
#276=VECTOR('',#3943,1.);
#277=VECTOR('',#3946,1.);
#278=VECTOR('',#3951,1.);
#279=VECTOR('',#3954,1.);
#280=VECTOR('',#3955,1.);
#281=VECTOR('',#3958,1.);
#282=VECTOR('',#3961,1.);
#283=VECTOR('',#3966,1.);
#284=VECTOR('',#3969,1.);
#285=VECTOR('',#3970,1.);
#286=VECTOR('',#3973,1.);
#287=VECTOR('',#3976,1.);
#288=VECTOR('',#3981,1.);
#289=VECTOR('',#3984,1.);
#290=VECTOR('',#3985,1.);
#291=VECTOR('',#3988,1.);
#292=VECTOR('',#3991,1.);
#293=VECTOR('',#3992,1.);
#294=VECTOR('',#3995,1.);
#295=VECTOR('',#3996,1.);
#296=VECTOR('',#4003,1.);
#297=VECTOR('',#4004,1.);
#298=VECTOR('',#4007,1.);
#299=VECTOR('',#4008,1.);
#300=VECTOR('',#4015,1.);
#301=VECTOR('',#4016,1.);
#302=VECTOR('',#4019,1.);
#303=VECTOR('',#4020,1.);
#304=VECTOR('',#4027,1.);
#305=VECTOR('',#4028,1.);
#306=VECTOR('',#4031,1.);
#307=VECTOR('',#4032,1.);
#308=VECTOR('',#4039,1.);
#309=VECTOR('',#4040,1.);
#310=VECTOR('',#4041,1.);
#311=VECTOR('',#4042,1.);
#312=VECTOR('',#4043,1.);
#313=VECTOR('',#4046,1.);
#314=VECTOR('',#4047,1.);
#315=VECTOR('',#4048,1.);
#316=VECTOR('',#4049,1.);
#317=VECTOR('',#4050,1.);
#318=VECTOR('',#4071,1.);
#319=VECTOR('',#4076,1.);
#320=VECTOR('',#4077,1.);
#321=VECTOR('',#4078,1.);
#322=VECTOR('',#4079,1.);
#323=VECTOR('',#4082,1.);
#324=VECTOR('',#4083,1.);
#325=VECTOR('',#4084,1.);
#326=VECTOR('',#4085,1.);
#327=VECTOR('',#4086,1.);
#328=VECTOR('',#4103,1.);
#329=VECTOR('',#4108,1.);
#330=VECTOR('',#4109,1.);
#331=VECTOR('',#4110,1.);
#332=VECTOR('',#4111,1.);
#333=VECTOR('',#4114,1.);
#334=VECTOR('',#4115,1.);
#335=VECTOR('',#4116,1.);
#336=VECTOR('',#4117,1.);
#337=VECTOR('',#4118,1.);
#338=VECTOR('',#4135,1.);
#339=VECTOR('',#4136,1.);
#340=VECTOR('',#4137,1.);
#341=VECTOR('',#4138,1.);
#342=VECTOR('',#4139,1.);
#343=VECTOR('',#4142,1.);
#344=VECTOR('',#4143,1.);
#345=VECTOR('',#4144,1.);
#346=VECTOR('',#4145,1.);
#347=VECTOR('',#4146,1.);
#348=VECTOR('',#4167,1.);
#349=VECTOR('',#4168,1.);
#350=VECTOR('',#4169,1.);
#351=VECTOR('',#4170,1.);
#352=VECTOR('',#4171,1.);
#353=VECTOR('',#4174,1.);
#354=VECTOR('',#4175,1.);
#355=VECTOR('',#4176,1.);
#356=VECTOR('',#4177,1.);
#357=VECTOR('',#4178,1.);
#358=VECTOR('',#4199,1.);
#359=VECTOR('',#4204,1.);
#360=VECTOR('',#4205,1.);
#361=VECTOR('',#4206,1.);
#362=VECTOR('',#4207,1.);
#363=VECTOR('',#4210,1.);
#364=VECTOR('',#4211,1.);
#365=VECTOR('',#4212,1.);
#366=VECTOR('',#4213,1.);
#367=VECTOR('',#4214,1.);
#368=VECTOR('',#4231,1.);
#369=VECTOR('',#4236,1.);
#370=VECTOR('',#4237,1.);
#371=VECTOR('',#4238,1.);
#372=VECTOR('',#4239,1.);
#373=VECTOR('',#4242,1.);
#374=VECTOR('',#4243,1.);
#375=VECTOR('',#4244,1.);
#376=VECTOR('',#4245,1.);
#377=VECTOR('',#4246,1.);
#378=VECTOR('',#4263,1.);
#379=VECTOR('',#4264,1.);
#380=VECTOR('',#4265,1.);
#381=VECTOR('',#4266,1.);
#382=VECTOR('',#4267,1.);
#383=VECTOR('',#4270,1.);
#384=VECTOR('',#4271,1.);
#385=VECTOR('',#4272,1.);
#386=VECTOR('',#4273,1.);
#387=VECTOR('',#4274,1.);
#388=VECTOR('',#4295,1.);
#389=VECTOR('',#4296,1.);
#390=VECTOR('',#4297,1.);
#391=VECTOR('',#4298,1.);
#392=VECTOR('',#4299,1.);
#393=VECTOR('',#4302,1.);
#394=VECTOR('',#4303,1.);
#395=VECTOR('',#4304,1.);
#396=VECTOR('',#4305,1.);
#397=VECTOR('',#4306,1.);
#398=VECTOR('',#4327,1.);
#399=VECTOR('',#4332,1.);
#400=VECTOR('',#4333,1.);
#401=VECTOR('',#4334,1.);
#402=VECTOR('',#4335,1.);
#403=VECTOR('',#4338,1.);
#404=VECTOR('',#4339,1.);
#405=VECTOR('',#4340,1.);
#406=VECTOR('',#4341,1.);
#407=VECTOR('',#4342,1.);
#408=VECTOR('',#4359,1.);
#409=VECTOR('',#4364,1.);
#410=VECTOR('',#4365,1.);
#411=VECTOR('',#4366,1.);
#412=VECTOR('',#4367,1.);
#413=VECTOR('',#4370,1.);
#414=VECTOR('',#4371,1.);
#415=VECTOR('',#4372,1.);
#416=VECTOR('',#4373,1.);
#417=VECTOR('',#4374,1.);
#418=VECTOR('',#4391,1.);
#419=VECTOR('',#4392,1.);
#420=VECTOR('',#4393,1.);
#421=VECTOR('',#4394,1.);
#422=VECTOR('',#4395,1.);
#423=VECTOR('',#4398,1.);
#424=VECTOR('',#4399,1.);
#425=VECTOR('',#4400,1.);
#426=VECTOR('',#4401,1.);
#427=VECTOR('',#4402,1.);
#428=PLANE('',#3105);
#429=PLANE('',#3107);
#430=PLANE('',#3109);
#431=PLANE('',#3111);
#432=PLANE('',#3120);
#433=PLANE('',#3128);
#434=PLANE('',#3129);
#435=PLANE('',#3130);
#436=PLANE('',#3131);
#437=PLANE('',#3132);
#438=PLANE('',#3163);
#439=PLANE('',#3170);
#440=PLANE('',#3179);
#441=PLANE('',#3182);
#442=PLANE('',#3183);
#443=PLANE('',#3184);
#444=PLANE('',#3185);
#445=PLANE('',#3186);
#446=PLANE('',#3189);
#447=PLANE('',#3198);
#448=PLANE('',#3205);
#449=PLANE('',#3206);
#450=PLANE('',#3207);
#451=PLANE('',#3208);
#452=PLANE('',#3209);
#453=PLANE('',#3216);
#454=PLANE('',#3229);
#455=PLANE('',#3236);
#456=PLANE('',#3237);
#457=PLANE('',#3238);
#458=PLANE('',#3239);
#459=PLANE('',#3240);
#460=PLANE('',#3247);
#461=PLANE('',#3262);
#462=PLANE('',#3291);
#463=PLANE('',#3296);
#464=PLANE('',#3301);
#465=PLANE('',#3306);
#466=PLANE('',#3311);
#467=PLANE('',#3312);
#468=PLANE('',#3313);
#469=PLANE('',#3314);
#470=PLANE('',#3315);
#471=PLANE('',#3316);
#472=PLANE('',#3317);
#473=PLANE('',#3318);
#474=PLANE('',#3319);
#475=PLANE('',#3320);
#476=PLANE('',#3321);
#477=PLANE('',#3322);
#478=PLANE('',#3323);
#479=PLANE('',#3324);
#480=PLANE('',#3325);
#481=PLANE('',#3326);
#482=PLANE('',#3327);
#483=PLANE('',#3328);
#484=PLANE('',#3329);
#485=PLANE('',#3331);
#486=PLANE('',#3336);
#487=PLANE('',#3337);
#488=PLANE('',#3338);
#489=PLANE('',#3340);
#490=PLANE('',#3341);
#491=PLANE('',#3342);
#492=PLANE('',#3347);
#493=PLANE('',#3348);
#494=PLANE('',#3349);
#495=PLANE('',#3351);
#496=PLANE('',#3352);
#497=PLANE('',#3353);
#498=PLANE('',#3358);
#499=PLANE('',#3359);
#500=PLANE('',#3360);
#501=PLANE('',#3361);
#502=PLANE('',#3362);
#503=PLANE('',#3364);
#504=PLANE('',#3369);
#505=PLANE('',#3370);
#506=PLANE('',#3371);
#507=PLANE('',#3372);
#508=PLANE('',#3373);
#509=PLANE('',#3375);
#510=PLANE('',#3380);
#511=PLANE('',#3381);
#512=PLANE('',#3382);
#513=PLANE('',#3384);
#514=PLANE('',#3385);
#515=PLANE('',#3386);
#516=PLANE('',#3391);
#517=PLANE('',#3392);
#518=PLANE('',#3393);
#519=PLANE('',#3395);
#520=PLANE('',#3396);
#521=PLANE('',#3397);
#522=PLANE('',#3402);
#523=PLANE('',#3403);
#524=PLANE('',#3404);
#525=PLANE('',#3405);
#526=PLANE('',#3406);
#527=PLANE('',#3408);
#528=PLANE('',#3413);
#529=PLANE('',#3414);
#530=PLANE('',#3415);
#531=PLANE('',#3416);
#532=PLANE('',#3417);
#533=PLANE('',#3419);
#534=PLANE('',#3424);
#535=PLANE('',#3425);
#536=PLANE('',#3426);
#537=PLANE('',#3428);
#538=PLANE('',#3429);
#539=PLANE('',#3430);
#540=PLANE('',#3435);
#541=PLANE('',#3436);
#542=PLANE('',#3437);
#543=PLANE('',#3439);
#544=PLANE('',#3440);
#545=PLANE('',#3441);
#546=PLANE('',#3446);
#547=PLANE('',#3447);
#548=PLANE('',#3448);
#549=PLANE('',#3449);
#550=PLANE('',#3450);
#551=PLANE('',#3452);
#552=PLANE('',#3457);
#553=PLANE('',#3458);
#554=ORIENTED_EDGE('',*,*,#1354,.F.);
#555=ORIENTED_EDGE('',*,*,#1355,.F.);
#556=ORIENTED_EDGE('',*,*,#1356,.F.);
#557=ORIENTED_EDGE('',*,*,#1357,.F.);
#558=ORIENTED_EDGE('',*,*,#1358,.F.);
#559=ORIENTED_EDGE('',*,*,#1359,.F.);
#560=ORIENTED_EDGE('',*,*,#1360,.F.);
#561=ORIENTED_EDGE('',*,*,#1361,.F.);
#562=ORIENTED_EDGE('',*,*,#1362,.F.);
#563=ORIENTED_EDGE('',*,*,#1363,.F.);
#564=ORIENTED_EDGE('',*,*,#1364,.F.);
#565=ORIENTED_EDGE('',*,*,#1365,.F.);
#566=ORIENTED_EDGE('',*,*,#1366,.T.);
#567=ORIENTED_EDGE('',*,*,#1367,.T.);
#568=ORIENTED_EDGE('',*,*,#1368,.T.);
#569=ORIENTED_EDGE('',*,*,#1369,.T.);
#570=ORIENTED_EDGE('',*,*,#1370,.T.);
#571=ORIENTED_EDGE('',*,*,#1371,.T.);
#572=ORIENTED_EDGE('',*,*,#1372,.T.);
#573=ORIENTED_EDGE('',*,*,#1373,.T.);
#574=ORIENTED_EDGE('',*,*,#1374,.F.);
#575=ORIENTED_EDGE('',*,*,#1375,.F.);
#576=ORIENTED_EDGE('',*,*,#1376,.F.);
#577=ORIENTED_EDGE('',*,*,#1377,.T.);
#578=ORIENTED_EDGE('',*,*,#1378,.F.);
#579=ORIENTED_EDGE('',*,*,#1376,.T.);
#580=ORIENTED_EDGE('',*,*,#1377,.F.);
#581=ORIENTED_EDGE('',*,*,#1379,.F.);
#582=ORIENTED_EDGE('',*,*,#1380,.F.);
#583=ORIENTED_EDGE('',*,*,#1381,.F.);
#584=ORIENTED_EDGE('',*,*,#1382,.T.);
#585=ORIENTED_EDGE('',*,*,#1383,.F.);
#586=ORIENTED_EDGE('',*,*,#1381,.T.);
#587=ORIENTED_EDGE('',*,*,#1382,.F.);
#588=ORIENTED_EDGE('',*,*,#1384,.F.);
#589=ORIENTED_EDGE('',*,*,#1385,.T.);
#590=ORIENTED_EDGE('',*,*,#1386,.T.);
#591=ORIENTED_EDGE('',*,*,#1387,.T.);
#592=ORIENTED_EDGE('',*,*,#1388,.T.);
#593=ORIENTED_EDGE('',*,*,#1389,.T.);
#594=ORIENTED_EDGE('',*,*,#1390,.F.);
#595=ORIENTED_EDGE('',*,*,#1391,.T.);
#596=ORIENTED_EDGE('',*,*,#1392,.F.);
#597=ORIENTED_EDGE('',*,*,#1393,.T.);
#598=ORIENTED_EDGE('',*,*,#1394,.T.);
#599=ORIENTED_EDGE('',*,*,#1395,.T.);
#600=ORIENTED_EDGE('',*,*,#1378,.T.);
#601=ORIENTED_EDGE('',*,*,#1396,.T.);
#602=ORIENTED_EDGE('',*,*,#1383,.T.);
#603=ORIENTED_EDGE('',*,*,#1397,.T.);
#604=ORIENTED_EDGE('',*,*,#1398,.T.);
#605=ORIENTED_EDGE('',*,*,#1399,.T.);
#606=ORIENTED_EDGE('',*,*,#1400,.F.);
#607=ORIENTED_EDGE('',*,*,#1401,.T.);
#608=ORIENTED_EDGE('',*,*,#1384,.T.);
#609=ORIENTED_EDGE('',*,*,#1402,.T.);
#610=ORIENTED_EDGE('',*,*,#1392,.T.);
#611=ORIENTED_EDGE('',*,*,#1403,.T.);
#612=ORIENTED_EDGE('',*,*,#1388,.F.);
#613=ORIENTED_EDGE('',*,*,#1404,.T.);
#614=ORIENTED_EDGE('',*,*,#1405,.T.);
#615=ORIENTED_EDGE('',*,*,#1406,.T.);
#616=ORIENTED_EDGE('',*,*,#1407,.T.);
#617=ORIENTED_EDGE('',*,*,#1408,.T.);
#618=ORIENTED_EDGE('',*,*,#1409,.F.);
#619=ORIENTED_EDGE('',*,*,#1410,.T.);
#620=ORIENTED_EDGE('',*,*,#1411,.T.);
#621=ORIENTED_EDGE('',*,*,#1412,.T.);
#622=ORIENTED_EDGE('',*,*,#1413,.T.);
#623=ORIENTED_EDGE('',*,*,#1414,.T.);
#624=ORIENTED_EDGE('',*,*,#1415,.F.);
#625=ORIENTED_EDGE('',*,*,#1416,.T.);
#626=ORIENTED_EDGE('',*,*,#1417,.T.);
#627=ORIENTED_EDGE('',*,*,#1418,.T.);
#628=ORIENTED_EDGE('',*,*,#1419,.T.);
#629=ORIENTED_EDGE('',*,*,#1420,.T.);
#630=ORIENTED_EDGE('',*,*,#1421,.T.);
#631=ORIENTED_EDGE('',*,*,#1422,.T.);
#632=ORIENTED_EDGE('',*,*,#1423,.T.);
#633=ORIENTED_EDGE('',*,*,#1424,.T.);
#634=ORIENTED_EDGE('',*,*,#1425,.T.);
#635=ORIENTED_EDGE('',*,*,#1426,.T.);
#636=ORIENTED_EDGE('',*,*,#1427,.T.);
#637=ORIENTED_EDGE('',*,*,#1428,.T.);
#638=ORIENTED_EDGE('',*,*,#1429,.T.);
#639=ORIENTED_EDGE('',*,*,#1430,.T.);
#640=ORIENTED_EDGE('',*,*,#1431,.F.);
#641=ORIENTED_EDGE('',*,*,#1432,.F.);
#642=ORIENTED_EDGE('',*,*,#1433,.F.);
#643=ORIENTED_EDGE('',*,*,#1434,.F.);
#644=ORIENTED_EDGE('',*,*,#1435,.T.);
#645=ORIENTED_EDGE('',*,*,#1436,.F.);
#646=ORIENTED_EDGE('',*,*,#1436,.T.);
#647=ORIENTED_EDGE('',*,*,#1397,.F.);
#648=ORIENTED_EDGE('',*,*,#1437,.F.);
#649=ORIENTED_EDGE('',*,*,#1438,.F.);
#650=ORIENTED_EDGE('',*,*,#1435,.F.);
#651=ORIENTED_EDGE('',*,*,#1439,.T.);
#652=ORIENTED_EDGE('',*,*,#1440,.F.);
#653=ORIENTED_EDGE('',*,*,#1440,.T.);
#654=ORIENTED_EDGE('',*,*,#1396,.F.);
#655=ORIENTED_EDGE('',*,*,#1441,.F.);
#656=ORIENTED_EDGE('',*,*,#1442,.F.);
#657=ORIENTED_EDGE('',*,*,#1439,.F.);
#658=ORIENTED_EDGE('',*,*,#1443,.T.);
#659=ORIENTED_EDGE('',*,*,#1419,.F.);
#660=ORIENTED_EDGE('',*,*,#1354,.T.);
#661=ORIENTED_EDGE('',*,*,#1443,.F.);
#662=ORIENTED_EDGE('',*,*,#1444,.T.);
#663=ORIENTED_EDGE('',*,*,#1421,.F.);
#664=ORIENTED_EDGE('',*,*,#1357,.T.);
#665=ORIENTED_EDGE('',*,*,#1444,.F.);
#666=ORIENTED_EDGE('',*,*,#1405,.F.);
#667=ORIENTED_EDGE('',*,*,#1445,.T.);
#668=ORIENTED_EDGE('',*,*,#1446,.T.);
#669=ORIENTED_EDGE('',*,*,#1447,.T.);
#670=ORIENTED_EDGE('',*,*,#1409,.T.);
#671=ORIENTED_EDGE('',*,*,#1448,.T.);
#672=ORIENTED_EDGE('',*,*,#1449,.F.);
#673=ORIENTED_EDGE('',*,*,#1450,.T.);
#674=ORIENTED_EDGE('',*,*,#1407,.F.);
#675=ORIENTED_EDGE('',*,*,#1451,.T.);
#676=ORIENTED_EDGE('',*,*,#1452,.T.);
#677=ORIENTED_EDGE('',*,*,#1453,.T.);
#678=ORIENTED_EDGE('',*,*,#1360,.T.);
#679=ORIENTED_EDGE('',*,*,#1454,.F.);
#680=ORIENTED_EDGE('',*,*,#1454,.T.);
#681=ORIENTED_EDGE('',*,*,#1422,.F.);
#682=ORIENTED_EDGE('',*,*,#1363,.T.);
#683=ORIENTED_EDGE('',*,*,#1455,.F.);
#684=ORIENTED_EDGE('',*,*,#1455,.T.);
#685=ORIENTED_EDGE('',*,*,#1420,.F.);
#686=ORIENTED_EDGE('',*,*,#1456,.F.);
#687=ORIENTED_EDGE('',*,*,#1457,.F.);
#688=ORIENTED_EDGE('',*,*,#1458,.F.);
#689=ORIENTED_EDGE('',*,*,#1459,.T.);
#690=ORIENTED_EDGE('',*,*,#1423,.F.);
#691=ORIENTED_EDGE('',*,*,#1458,.T.);
#692=ORIENTED_EDGE('',*,*,#1459,.F.);
#693=ORIENTED_EDGE('',*,*,#1460,.F.);
#694=ORIENTED_EDGE('',*,*,#1461,.F.);
#695=ORIENTED_EDGE('',*,*,#1462,.F.);
#696=ORIENTED_EDGE('',*,*,#1463,.T.);
#697=ORIENTED_EDGE('',*,*,#1425,.F.);
#698=ORIENTED_EDGE('',*,*,#1462,.T.);
#699=ORIENTED_EDGE('',*,*,#1463,.F.);
#700=ORIENTED_EDGE('',*,*,#1411,.F.);
#701=ORIENTED_EDGE('',*,*,#1464,.T.);
#702=ORIENTED_EDGE('',*,*,#1465,.T.);
#703=ORIENTED_EDGE('',*,*,#1466,.T.);
#704=ORIENTED_EDGE('',*,*,#1415,.T.);
#705=ORIENTED_EDGE('',*,*,#1467,.T.);
#706=ORIENTED_EDGE('',*,*,#1468,.F.);
#707=ORIENTED_EDGE('',*,*,#1469,.T.);
#708=ORIENTED_EDGE('',*,*,#1413,.F.);
#709=ORIENTED_EDGE('',*,*,#1470,.T.);
#710=ORIENTED_EDGE('',*,*,#1471,.T.);
#711=ORIENTED_EDGE('',*,*,#1472,.T.);
#712=ORIENTED_EDGE('',*,*,#1473,.T.);
#713=ORIENTED_EDGE('',*,*,#1474,.F.);
#714=ORIENTED_EDGE('',*,*,#1474,.T.);
#715=ORIENTED_EDGE('',*,*,#1426,.F.);
#716=ORIENTED_EDGE('',*,*,#1475,.F.);
#717=ORIENTED_EDGE('',*,*,#1476,.F.);
#718=ORIENTED_EDGE('',*,*,#1473,.F.);
#719=ORIENTED_EDGE('',*,*,#1477,.T.);
#720=ORIENTED_EDGE('',*,*,#1478,.F.);
#721=ORIENTED_EDGE('',*,*,#1478,.T.);
#722=ORIENTED_EDGE('',*,*,#1424,.F.);
#723=ORIENTED_EDGE('',*,*,#1479,.F.);
#724=ORIENTED_EDGE('',*,*,#1480,.F.);
#725=ORIENTED_EDGE('',*,*,#1477,.F.);
#726=ORIENTED_EDGE('',*,*,#1481,.F.);
#727=ORIENTED_EDGE('',*,*,#1482,.F.);
#728=ORIENTED_EDGE('',*,*,#1483,.F.);
#729=ORIENTED_EDGE('',*,*,#1484,.T.);
#730=ORIENTED_EDGE('',*,*,#1427,.F.);
#731=ORIENTED_EDGE('',*,*,#1483,.T.);
#732=ORIENTED_EDGE('',*,*,#1484,.F.);
#733=ORIENTED_EDGE('',*,*,#1485,.F.);
#734=ORIENTED_EDGE('',*,*,#1486,.F.);
#735=ORIENTED_EDGE('',*,*,#1487,.F.);
#736=ORIENTED_EDGE('',*,*,#1488,.T.);
#737=ORIENTED_EDGE('',*,*,#1429,.F.);
#738=ORIENTED_EDGE('',*,*,#1487,.T.);
#739=ORIENTED_EDGE('',*,*,#1488,.F.);
#740=ORIENTED_EDGE('',*,*,#1489,.T.);
#741=ORIENTED_EDGE('',*,*,#1490,.T.);
#742=ORIENTED_EDGE('',*,*,#1417,.F.);
#743=ORIENTED_EDGE('',*,*,#1491,.T.);
#744=ORIENTED_EDGE('',*,*,#1400,.T.);
#745=ORIENTED_EDGE('',*,*,#1492,.T.);
#746=ORIENTED_EDGE('',*,*,#1493,.F.);
#747=ORIENTED_EDGE('',*,*,#1494,.T.);
#748=ORIENTED_EDGE('',*,*,#1495,.T.);
#749=ORIENTED_EDGE('',*,*,#1496,.T.);
#750=ORIENTED_EDGE('',*,*,#1398,.F.);
#751=ORIENTED_EDGE('',*,*,#1497,.T.);
#752=ORIENTED_EDGE('',*,*,#1498,.T.);
#753=ORIENTED_EDGE('',*,*,#1499,.F.);
#754=ORIENTED_EDGE('',*,*,#1499,.T.);
#755=ORIENTED_EDGE('',*,*,#1430,.F.);
#756=ORIENTED_EDGE('',*,*,#1500,.F.);
#757=ORIENTED_EDGE('',*,*,#1501,.F.);
#758=ORIENTED_EDGE('',*,*,#1498,.F.);
#759=ORIENTED_EDGE('',*,*,#1502,.T.);
#760=ORIENTED_EDGE('',*,*,#1503,.F.);
#761=ORIENTED_EDGE('',*,*,#1503,.T.);
#762=ORIENTED_EDGE('',*,*,#1428,.F.);
#763=ORIENTED_EDGE('',*,*,#1504,.F.);
#764=ORIENTED_EDGE('',*,*,#1505,.F.);
#765=ORIENTED_EDGE('',*,*,#1502,.F.);
#766=ORIENTED_EDGE('',*,*,#1434,.T.);
#767=ORIENTED_EDGE('',*,*,#1506,.T.);
#768=ORIENTED_EDGE('',*,*,#1431,.T.);
#769=ORIENTED_EDGE('',*,*,#1507,.T.);
#770=ORIENTED_EDGE('',*,*,#1433,.T.);
#771=ORIENTED_EDGE('',*,*,#1508,.T.);
#772=ORIENTED_EDGE('',*,*,#1432,.T.);
#773=ORIENTED_EDGE('',*,*,#1509,.T.);
#774=ORIENTED_EDGE('',*,*,#1510,.F.);
#775=ORIENTED_EDGE('',*,*,#1511,.F.);
#776=ORIENTED_EDGE('',*,*,#1512,.F.);
#777=ORIENTED_EDGE('',*,*,#1513,.F.);
#778=ORIENTED_EDGE('',*,*,#1514,.F.);
#779=ORIENTED_EDGE('',*,*,#1515,.F.);
#780=ORIENTED_EDGE('',*,*,#1516,.F.);
#781=ORIENTED_EDGE('',*,*,#1517,.F.);
#782=ORIENTED_EDGE('',*,*,#1518,.F.);
#783=ORIENTED_EDGE('',*,*,#1519,.F.);
#784=ORIENTED_EDGE('',*,*,#1520,.F.);
#785=ORIENTED_EDGE('',*,*,#1521,.F.);
#786=ORIENTED_EDGE('',*,*,#1522,.F.);
#787=ORIENTED_EDGE('',*,*,#1523,.F.);
#788=ORIENTED_EDGE('',*,*,#1524,.F.);
#789=ORIENTED_EDGE('',*,*,#1525,.F.);
#790=ORIENTED_EDGE('',*,*,#1493,.T.);
#791=ORIENTED_EDGE('',*,*,#1526,.T.);
#792=ORIENTED_EDGE('',*,*,#1495,.F.);
#793=ORIENTED_EDGE('',*,*,#1527,.T.);
#794=ORIENTED_EDGE('',*,*,#1489,.F.);
#795=ORIENTED_EDGE('',*,*,#1528,.T.);
#796=ORIENTED_EDGE('',*,*,#1468,.T.);
#797=ORIENTED_EDGE('',*,*,#1529,.T.);
#798=ORIENTED_EDGE('',*,*,#1471,.F.);
#799=ORIENTED_EDGE('',*,*,#1530,.T.);
#800=ORIENTED_EDGE('',*,*,#1465,.F.);
#801=ORIENTED_EDGE('',*,*,#1531,.T.);
#802=ORIENTED_EDGE('',*,*,#1449,.T.);
#803=ORIENTED_EDGE('',*,*,#1532,.T.);
#804=ORIENTED_EDGE('',*,*,#1452,.F.);
#805=ORIENTED_EDGE('',*,*,#1533,.T.);
#806=ORIENTED_EDGE('',*,*,#1446,.F.);
#807=ORIENTED_EDGE('',*,*,#1534,.T.);
#808=ORIENTED_EDGE('',*,*,#1390,.T.);
#809=ORIENTED_EDGE('',*,*,#1535,.T.);
#810=ORIENTED_EDGE('',*,*,#1394,.F.);
#811=ORIENTED_EDGE('',*,*,#1536,.T.);
#812=ORIENTED_EDGE('',*,*,#1386,.F.);
#813=ORIENTED_EDGE('',*,*,#1537,.T.);
#814=ORIENTED_EDGE('',*,*,#1508,.F.);
#815=ORIENTED_EDGE('',*,*,#1507,.F.);
#816=ORIENTED_EDGE('',*,*,#1506,.F.);
#817=ORIENTED_EDGE('',*,*,#1509,.F.);
#818=ORIENTED_EDGE('',*,*,#1538,.F.);
#819=ORIENTED_EDGE('',*,*,#1539,.T.);
#820=ORIENTED_EDGE('',*,*,#1539,.F.);
#821=ORIENTED_EDGE('',*,*,#1540,.F.);
#822=ORIENTED_EDGE('',*,*,#1541,.F.);
#823=ORIENTED_EDGE('',*,*,#1542,.T.);
#824=ORIENTED_EDGE('',*,*,#1366,.F.);
#825=ORIENTED_EDGE('',*,*,#1543,.F.);
#826=ORIENTED_EDGE('',*,*,#1544,.F.);
#827=ORIENTED_EDGE('',*,*,#1545,.T.);
#828=ORIENTED_EDGE('',*,*,#1525,.T.);
#829=ORIENTED_EDGE('',*,*,#1546,.F.);
#830=ORIENTED_EDGE('',*,*,#1547,.T.);
#831=ORIENTED_EDGE('',*,*,#1368,.F.);
#832=ORIENTED_EDGE('',*,*,#1548,.F.);
#833=ORIENTED_EDGE('',*,*,#1549,.F.);
#834=ORIENTED_EDGE('',*,*,#1550,.T.);
#835=ORIENTED_EDGE('',*,*,#1547,.F.);
#836=ORIENTED_EDGE('',*,*,#1551,.F.);
#837=ORIENTED_EDGE('',*,*,#1552,.F.);
#838=ORIENTED_EDGE('',*,*,#1553,.T.);
#839=ORIENTED_EDGE('',*,*,#1524,.T.);
#840=ORIENTED_EDGE('',*,*,#1554,.F.);
#841=ORIENTED_EDGE('',*,*,#1555,.T.);
#842=ORIENTED_EDGE('',*,*,#1370,.F.);
#843=ORIENTED_EDGE('',*,*,#1556,.F.);
#844=ORIENTED_EDGE('',*,*,#1557,.F.);
#845=ORIENTED_EDGE('',*,*,#1558,.T.);
#846=ORIENTED_EDGE('',*,*,#1555,.F.);
#847=ORIENTED_EDGE('',*,*,#1559,.F.);
#848=ORIENTED_EDGE('',*,*,#1560,.F.);
#849=ORIENTED_EDGE('',*,*,#1561,.T.);
#850=ORIENTED_EDGE('',*,*,#1523,.T.);
#851=ORIENTED_EDGE('',*,*,#1562,.F.);
#852=ORIENTED_EDGE('',*,*,#1563,.T.);
#853=ORIENTED_EDGE('',*,*,#1563,.F.);
#854=ORIENTED_EDGE('',*,*,#1564,.F.);
#855=ORIENTED_EDGE('',*,*,#1565,.F.);
#856=ORIENTED_EDGE('',*,*,#1566,.T.);
#857=ORIENTED_EDGE('',*,*,#1372,.F.);
#858=ORIENTED_EDGE('',*,*,#1567,.F.);
#859=ORIENTED_EDGE('',*,*,#1568,.F.);
#860=ORIENTED_EDGE('',*,*,#1569,.T.);
#861=ORIENTED_EDGE('',*,*,#1522,.T.);
#862=ORIENTED_EDGE('',*,*,#1570,.T.);
#863=ORIENTED_EDGE('',*,*,#1571,.T.);
#864=ORIENTED_EDGE('',*,*,#1548,.T.);
#865=ORIENTED_EDGE('',*,*,#1369,.F.);
#866=ORIENTED_EDGE('',*,*,#1553,.F.);
#867=ORIENTED_EDGE('',*,*,#1546,.T.);
#868=ORIENTED_EDGE('',*,*,#1550,.F.);
#869=ORIENTED_EDGE('',*,*,#1572,.F.);
#870=ORIENTED_EDGE('',*,*,#1573,.F.);
#871=ORIENTED_EDGE('',*,*,#1551,.T.);
#872=ORIENTED_EDGE('',*,*,#1364,.T.);
#873=ORIENTED_EDGE('',*,*,#1570,.F.);
#874=ORIENTED_EDGE('',*,*,#1552,.T.);
#875=ORIENTED_EDGE('',*,*,#1573,.T.);
#876=ORIENTED_EDGE('',*,*,#1365,.T.);
#877=ORIENTED_EDGE('',*,*,#1572,.T.);
#878=ORIENTED_EDGE('',*,*,#1549,.T.);
#879=ORIENTED_EDGE('',*,*,#1571,.F.);
#880=ORIENTED_EDGE('',*,*,#1574,.T.);
#881=ORIENTED_EDGE('',*,*,#1575,.T.);
#882=ORIENTED_EDGE('',*,*,#1567,.T.);
#883=ORIENTED_EDGE('',*,*,#1373,.F.);
#884=ORIENTED_EDGE('',*,*,#1566,.F.);
#885=ORIENTED_EDGE('',*,*,#1562,.T.);
#886=ORIENTED_EDGE('',*,*,#1569,.F.);
#887=ORIENTED_EDGE('',*,*,#1576,.F.);
#888=ORIENTED_EDGE('',*,*,#1577,.F.);
#889=ORIENTED_EDGE('',*,*,#1564,.T.);
#890=ORIENTED_EDGE('',*,*,#1361,.T.);
#891=ORIENTED_EDGE('',*,*,#1576,.T.);
#892=ORIENTED_EDGE('',*,*,#1568,.T.);
#893=ORIENTED_EDGE('',*,*,#1575,.F.);
#894=ORIENTED_EDGE('',*,*,#1362,.T.);
#895=ORIENTED_EDGE('',*,*,#1574,.F.);
#896=ORIENTED_EDGE('',*,*,#1565,.T.);
#897=ORIENTED_EDGE('',*,*,#1577,.T.);
#898=ORIENTED_EDGE('',*,*,#1578,.T.);
#899=ORIENTED_EDGE('',*,*,#1579,.T.);
#900=ORIENTED_EDGE('',*,*,#1556,.T.);
#901=ORIENTED_EDGE('',*,*,#1371,.F.);
#902=ORIENTED_EDGE('',*,*,#1561,.F.);
#903=ORIENTED_EDGE('',*,*,#1554,.T.);
#904=ORIENTED_EDGE('',*,*,#1558,.F.);
#905=ORIENTED_EDGE('',*,*,#1580,.F.);
#906=ORIENTED_EDGE('',*,*,#1581,.F.);
#907=ORIENTED_EDGE('',*,*,#1559,.T.);
#908=ORIENTED_EDGE('',*,*,#1358,.T.);
#909=ORIENTED_EDGE('',*,*,#1578,.F.);
#910=ORIENTED_EDGE('',*,*,#1560,.T.);
#911=ORIENTED_EDGE('',*,*,#1581,.T.);
#912=ORIENTED_EDGE('',*,*,#1359,.T.);
#913=ORIENTED_EDGE('',*,*,#1580,.T.);
#914=ORIENTED_EDGE('',*,*,#1557,.T.);
#915=ORIENTED_EDGE('',*,*,#1579,.F.);
#916=ORIENTED_EDGE('',*,*,#1582,.T.);
#917=ORIENTED_EDGE('',*,*,#1583,.T.);
#918=ORIENTED_EDGE('',*,*,#1543,.T.);
#919=ORIENTED_EDGE('',*,*,#1367,.F.);
#920=ORIENTED_EDGE('',*,*,#1542,.F.);
#921=ORIENTED_EDGE('',*,*,#1538,.T.);
#922=ORIENTED_EDGE('',*,*,#1545,.F.);
#923=ORIENTED_EDGE('',*,*,#1584,.F.);
#924=ORIENTED_EDGE('',*,*,#1585,.F.);
#925=ORIENTED_EDGE('',*,*,#1540,.T.);
#926=ORIENTED_EDGE('',*,*,#1355,.T.);
#927=ORIENTED_EDGE('',*,*,#1584,.T.);
#928=ORIENTED_EDGE('',*,*,#1544,.T.);
#929=ORIENTED_EDGE('',*,*,#1583,.F.);
#930=ORIENTED_EDGE('',*,*,#1356,.T.);
#931=ORIENTED_EDGE('',*,*,#1582,.F.);
#932=ORIENTED_EDGE('',*,*,#1541,.T.);
#933=ORIENTED_EDGE('',*,*,#1585,.T.);
#934=ORIENTED_EDGE('',*,*,#1586,.F.);
#935=ORIENTED_EDGE('',*,*,#1587,.F.);
#936=ORIENTED_EDGE('',*,*,#1588,.T.);
#937=ORIENTED_EDGE('',*,*,#1589,.T.);
#938=ORIENTED_EDGE('',*,*,#1590,.F.);
#939=ORIENTED_EDGE('',*,*,#1591,.T.);
#940=ORIENTED_EDGE('',*,*,#1592,.F.);
#941=ORIENTED_EDGE('',*,*,#1593,.F.);
#942=ORIENTED_EDGE('',*,*,#1594,.T.);
#943=ORIENTED_EDGE('',*,*,#1595,.T.);
#944=ORIENTED_EDGE('',*,*,#1596,.T.);
#945=ORIENTED_EDGE('',*,*,#1592,.T.);
#946=ORIENTED_EDGE('',*,*,#1589,.F.);
#947=ORIENTED_EDGE('',*,*,#1597,.T.);
#948=ORIENTED_EDGE('',*,*,#1597,.F.);
#949=ORIENTED_EDGE('',*,*,#1588,.F.);
#950=ORIENTED_EDGE('',*,*,#1598,.F.);
#951=ORIENTED_EDGE('',*,*,#1593,.T.);
#952=ORIENTED_EDGE('',*,*,#1596,.F.);
#953=ORIENTED_EDGE('',*,*,#1591,.F.);
#954=ORIENTED_EDGE('',*,*,#1599,.F.);
#955=ORIENTED_EDGE('',*,*,#1590,.T.);
#956=ORIENTED_EDGE('',*,*,#1521,.T.);
#957=ORIENTED_EDGE('',*,*,#1457,.T.);
#958=ORIENTED_EDGE('',*,*,#1594,.F.);
#959=ORIENTED_EDGE('',*,*,#1598,.T.);
#960=ORIENTED_EDGE('',*,*,#1587,.T.);
#961=ORIENTED_EDGE('',*,*,#1456,.T.);
#962=ORIENTED_EDGE('',*,*,#1586,.T.);
#963=ORIENTED_EDGE('',*,*,#1599,.T.);
#964=ORIENTED_EDGE('',*,*,#1595,.F.);
#965=ORIENTED_EDGE('',*,*,#1600,.F.);
#966=ORIENTED_EDGE('',*,*,#1601,.T.);
#967=ORIENTED_EDGE('',*,*,#1602,.F.);
#968=ORIENTED_EDGE('',*,*,#1603,.F.);
#969=ORIENTED_EDGE('',*,*,#1604,.T.);
#970=ORIENTED_EDGE('',*,*,#1600,.T.);
#971=ORIENTED_EDGE('',*,*,#1605,.F.);
#972=ORIENTED_EDGE('',*,*,#1606,.T.);
#973=ORIENTED_EDGE('',*,*,#1607,.F.);
#974=ORIENTED_EDGE('',*,*,#1608,.F.);
#975=ORIENTED_EDGE('',*,*,#1609,.T.);
#976=ORIENTED_EDGE('',*,*,#1610,.T.);
#977=ORIENTED_EDGE('',*,*,#1611,.T.);
#978=ORIENTED_EDGE('',*,*,#1607,.T.);
#979=ORIENTED_EDGE('',*,*,#1611,.F.);
#980=ORIENTED_EDGE('',*,*,#1606,.F.);
#981=ORIENTED_EDGE('',*,*,#1612,.F.);
#982=ORIENTED_EDGE('',*,*,#1605,.T.);
#983=ORIENTED_EDGE('',*,*,#1601,.F.);
#984=ORIENTED_EDGE('',*,*,#1604,.F.);
#985=ORIENTED_EDGE('',*,*,#1613,.F.);
#986=ORIENTED_EDGE('',*,*,#1608,.T.);
#987=ORIENTED_EDGE('',*,*,#1520,.T.);
#988=ORIENTED_EDGE('',*,*,#1480,.T.);
#989=ORIENTED_EDGE('',*,*,#1609,.F.);
#990=ORIENTED_EDGE('',*,*,#1613,.T.);
#991=ORIENTED_EDGE('',*,*,#1603,.T.);
#992=ORIENTED_EDGE('',*,*,#1479,.T.);
#993=ORIENTED_EDGE('',*,*,#1602,.T.);
#994=ORIENTED_EDGE('',*,*,#1612,.T.);
#995=ORIENTED_EDGE('',*,*,#1610,.F.);
#996=ORIENTED_EDGE('',*,*,#1614,.F.);
#997=ORIENTED_EDGE('',*,*,#1615,.T.);
#998=ORIENTED_EDGE('',*,*,#1616,.F.);
#999=ORIENTED_EDGE('',*,*,#1617,.F.);
#1000=ORIENTED_EDGE('',*,*,#1618,.T.);
#1001=ORIENTED_EDGE('',*,*,#1614,.T.);
#1002=ORIENTED_EDGE('',*,*,#1619,.F.);
#1003=ORIENTED_EDGE('',*,*,#1620,.T.);
#1004=ORIENTED_EDGE('',*,*,#1621,.F.);
#1005=ORIENTED_EDGE('',*,*,#1622,.F.);
#1006=ORIENTED_EDGE('',*,*,#1623,.T.);
#1007=ORIENTED_EDGE('',*,*,#1624,.T.);
#1008=ORIENTED_EDGE('',*,*,#1625,.T.);
#1009=ORIENTED_EDGE('',*,*,#1621,.T.);
#1010=ORIENTED_EDGE('',*,*,#1625,.F.);
#1011=ORIENTED_EDGE('',*,*,#1620,.F.);
#1012=ORIENTED_EDGE('',*,*,#1626,.F.);
#1013=ORIENTED_EDGE('',*,*,#1619,.T.);
#1014=ORIENTED_EDGE('',*,*,#1615,.F.);
#1015=ORIENTED_EDGE('',*,*,#1618,.F.);
#1016=ORIENTED_EDGE('',*,*,#1627,.F.);
#1017=ORIENTED_EDGE('',*,*,#1622,.T.);
#1018=ORIENTED_EDGE('',*,*,#1519,.T.);
#1019=ORIENTED_EDGE('',*,*,#1461,.T.);
#1020=ORIENTED_EDGE('',*,*,#1623,.F.);
#1021=ORIENTED_EDGE('',*,*,#1627,.T.);
#1022=ORIENTED_EDGE('',*,*,#1617,.T.);
#1023=ORIENTED_EDGE('',*,*,#1460,.T.);
#1024=ORIENTED_EDGE('',*,*,#1616,.T.);
#1025=ORIENTED_EDGE('',*,*,#1626,.T.);
#1026=ORIENTED_EDGE('',*,*,#1624,.F.);
#1027=ORIENTED_EDGE('',*,*,#1628,.F.);
#1028=ORIENTED_EDGE('',*,*,#1629,.F.);
#1029=ORIENTED_EDGE('',*,*,#1630,.T.);
#1030=ORIENTED_EDGE('',*,*,#1631,.T.);
#1031=ORIENTED_EDGE('',*,*,#1632,.F.);
#1032=ORIENTED_EDGE('',*,*,#1633,.T.);
#1033=ORIENTED_EDGE('',*,*,#1634,.F.);
#1034=ORIENTED_EDGE('',*,*,#1635,.F.);
#1035=ORIENTED_EDGE('',*,*,#1636,.T.);
#1036=ORIENTED_EDGE('',*,*,#1637,.T.);
#1037=ORIENTED_EDGE('',*,*,#1638,.T.);
#1038=ORIENTED_EDGE('',*,*,#1634,.T.);
#1039=ORIENTED_EDGE('',*,*,#1631,.F.);
#1040=ORIENTED_EDGE('',*,*,#1639,.T.);
#1041=ORIENTED_EDGE('',*,*,#1639,.F.);
#1042=ORIENTED_EDGE('',*,*,#1630,.F.);
#1043=ORIENTED_EDGE('',*,*,#1640,.F.);
#1044=ORIENTED_EDGE('',*,*,#1635,.T.);
#1045=ORIENTED_EDGE('',*,*,#1638,.F.);
#1046=ORIENTED_EDGE('',*,*,#1633,.F.);
#1047=ORIENTED_EDGE('',*,*,#1641,.F.);
#1048=ORIENTED_EDGE('',*,*,#1632,.T.);
#1049=ORIENTED_EDGE('',*,*,#1518,.T.);
#1050=ORIENTED_EDGE('',*,*,#1476,.T.);
#1051=ORIENTED_EDGE('',*,*,#1628,.T.);
#1052=ORIENTED_EDGE('',*,*,#1641,.T.);
#1053=ORIENTED_EDGE('',*,*,#1637,.F.);
#1054=ORIENTED_EDGE('',*,*,#1475,.T.);
#1055=ORIENTED_EDGE('',*,*,#1636,.F.);
#1056=ORIENTED_EDGE('',*,*,#1640,.T.);
#1057=ORIENTED_EDGE('',*,*,#1629,.T.);
#1058=ORIENTED_EDGE('',*,*,#1642,.F.);
#1059=ORIENTED_EDGE('',*,*,#1643,.F.);
#1060=ORIENTED_EDGE('',*,*,#1644,.T.);
#1061=ORIENTED_EDGE('',*,*,#1645,.T.);
#1062=ORIENTED_EDGE('',*,*,#1646,.F.);
#1063=ORIENTED_EDGE('',*,*,#1647,.T.);
#1064=ORIENTED_EDGE('',*,*,#1648,.F.);
#1065=ORIENTED_EDGE('',*,*,#1649,.F.);
#1066=ORIENTED_EDGE('',*,*,#1650,.T.);
#1067=ORIENTED_EDGE('',*,*,#1651,.T.);
#1068=ORIENTED_EDGE('',*,*,#1652,.T.);
#1069=ORIENTED_EDGE('',*,*,#1648,.T.);
#1070=ORIENTED_EDGE('',*,*,#1645,.F.);
#1071=ORIENTED_EDGE('',*,*,#1653,.T.);
#1072=ORIENTED_EDGE('',*,*,#1653,.F.);
#1073=ORIENTED_EDGE('',*,*,#1644,.F.);
#1074=ORIENTED_EDGE('',*,*,#1654,.F.);
#1075=ORIENTED_EDGE('',*,*,#1649,.T.);
#1076=ORIENTED_EDGE('',*,*,#1652,.F.);
#1077=ORIENTED_EDGE('',*,*,#1647,.F.);
#1078=ORIENTED_EDGE('',*,*,#1655,.F.);
#1079=ORIENTED_EDGE('',*,*,#1646,.T.);
#1080=ORIENTED_EDGE('',*,*,#1517,.T.);
#1081=ORIENTED_EDGE('',*,*,#1501,.T.);
#1082=ORIENTED_EDGE('',*,*,#1650,.F.);
#1083=ORIENTED_EDGE('',*,*,#1654,.T.);
#1084=ORIENTED_EDGE('',*,*,#1643,.T.);
#1085=ORIENTED_EDGE('',*,*,#1500,.T.);
#1086=ORIENTED_EDGE('',*,*,#1642,.T.);
#1087=ORIENTED_EDGE('',*,*,#1655,.T.);
#1088=ORIENTED_EDGE('',*,*,#1651,.F.);
#1089=ORIENTED_EDGE('',*,*,#1656,.F.);
#1090=ORIENTED_EDGE('',*,*,#1657,.T.);
#1091=ORIENTED_EDGE('',*,*,#1658,.F.);
#1092=ORIENTED_EDGE('',*,*,#1659,.F.);
#1093=ORIENTED_EDGE('',*,*,#1660,.T.);
#1094=ORIENTED_EDGE('',*,*,#1656,.T.);
#1095=ORIENTED_EDGE('',*,*,#1661,.F.);
#1096=ORIENTED_EDGE('',*,*,#1662,.T.);
#1097=ORIENTED_EDGE('',*,*,#1663,.F.);
#1098=ORIENTED_EDGE('',*,*,#1664,.F.);
#1099=ORIENTED_EDGE('',*,*,#1665,.T.);
#1100=ORIENTED_EDGE('',*,*,#1666,.T.);
#1101=ORIENTED_EDGE('',*,*,#1667,.T.);
#1102=ORIENTED_EDGE('',*,*,#1663,.T.);
#1103=ORIENTED_EDGE('',*,*,#1667,.F.);
#1104=ORIENTED_EDGE('',*,*,#1662,.F.);
#1105=ORIENTED_EDGE('',*,*,#1668,.F.);
#1106=ORIENTED_EDGE('',*,*,#1661,.T.);
#1107=ORIENTED_EDGE('',*,*,#1657,.F.);
#1108=ORIENTED_EDGE('',*,*,#1660,.F.);
#1109=ORIENTED_EDGE('',*,*,#1669,.F.);
#1110=ORIENTED_EDGE('',*,*,#1664,.T.);
#1111=ORIENTED_EDGE('',*,*,#1516,.T.);
#1112=ORIENTED_EDGE('',*,*,#1486,.T.);
#1113=ORIENTED_EDGE('',*,*,#1658,.T.);
#1114=ORIENTED_EDGE('',*,*,#1668,.T.);
#1115=ORIENTED_EDGE('',*,*,#1666,.F.);
#1116=ORIENTED_EDGE('',*,*,#1485,.T.);
#1117=ORIENTED_EDGE('',*,*,#1665,.F.);
#1118=ORIENTED_EDGE('',*,*,#1669,.T.);
#1119=ORIENTED_EDGE('',*,*,#1659,.T.);
#1120=ORIENTED_EDGE('',*,*,#1670,.F.);
#1121=ORIENTED_EDGE('',*,*,#1671,.T.);
#1122=ORIENTED_EDGE('',*,*,#1672,.F.);
#1123=ORIENTED_EDGE('',*,*,#1673,.F.);
#1124=ORIENTED_EDGE('',*,*,#1674,.T.);
#1125=ORIENTED_EDGE('',*,*,#1670,.T.);
#1126=ORIENTED_EDGE('',*,*,#1675,.F.);
#1127=ORIENTED_EDGE('',*,*,#1676,.T.);
#1128=ORIENTED_EDGE('',*,*,#1677,.F.);
#1129=ORIENTED_EDGE('',*,*,#1678,.F.);
#1130=ORIENTED_EDGE('',*,*,#1679,.T.);
#1131=ORIENTED_EDGE('',*,*,#1680,.T.);
#1132=ORIENTED_EDGE('',*,*,#1681,.T.);
#1133=ORIENTED_EDGE('',*,*,#1677,.T.);
#1134=ORIENTED_EDGE('',*,*,#1681,.F.);
#1135=ORIENTED_EDGE('',*,*,#1676,.F.);
#1136=ORIENTED_EDGE('',*,*,#1682,.F.);
#1137=ORIENTED_EDGE('',*,*,#1675,.T.);
#1138=ORIENTED_EDGE('',*,*,#1671,.F.);
#1139=ORIENTED_EDGE('',*,*,#1674,.F.);
#1140=ORIENTED_EDGE('',*,*,#1683,.F.);
#1141=ORIENTED_EDGE('',*,*,#1678,.T.);
#1142=ORIENTED_EDGE('',*,*,#1515,.T.);
#1143=ORIENTED_EDGE('',*,*,#1505,.T.);
#1144=ORIENTED_EDGE('',*,*,#1672,.T.);
#1145=ORIENTED_EDGE('',*,*,#1682,.T.);
#1146=ORIENTED_EDGE('',*,*,#1680,.F.);
#1147=ORIENTED_EDGE('',*,*,#1504,.T.);
#1148=ORIENTED_EDGE('',*,*,#1679,.F.);
#1149=ORIENTED_EDGE('',*,*,#1683,.T.);
#1150=ORIENTED_EDGE('',*,*,#1673,.T.);
#1151=ORIENTED_EDGE('',*,*,#1684,.F.);
#1152=ORIENTED_EDGE('',*,*,#1685,.F.);
#1153=ORIENTED_EDGE('',*,*,#1686,.T.);
#1154=ORIENTED_EDGE('',*,*,#1687,.T.);
#1155=ORIENTED_EDGE('',*,*,#1688,.F.);
#1156=ORIENTED_EDGE('',*,*,#1689,.T.);
#1157=ORIENTED_EDGE('',*,*,#1690,.F.);
#1158=ORIENTED_EDGE('',*,*,#1691,.F.);
#1159=ORIENTED_EDGE('',*,*,#1692,.T.);
#1160=ORIENTED_EDGE('',*,*,#1693,.T.);
#1161=ORIENTED_EDGE('',*,*,#1694,.T.);
#1162=ORIENTED_EDGE('',*,*,#1690,.T.);
#1163=ORIENTED_EDGE('',*,*,#1687,.F.);
#1164=ORIENTED_EDGE('',*,*,#1695,.T.);
#1165=ORIENTED_EDGE('',*,*,#1695,.F.);
#1166=ORIENTED_EDGE('',*,*,#1686,.F.);
#1167=ORIENTED_EDGE('',*,*,#1696,.F.);
#1168=ORIENTED_EDGE('',*,*,#1691,.T.);
#1169=ORIENTED_EDGE('',*,*,#1694,.F.);
#1170=ORIENTED_EDGE('',*,*,#1689,.F.);
#1171=ORIENTED_EDGE('',*,*,#1697,.F.);
#1172=ORIENTED_EDGE('',*,*,#1688,.T.);
#1173=ORIENTED_EDGE('',*,*,#1514,.T.);
#1174=ORIENTED_EDGE('',*,*,#1482,.T.);
#1175=ORIENTED_EDGE('',*,*,#1684,.T.);
#1176=ORIENTED_EDGE('',*,*,#1697,.T.);
#1177=ORIENTED_EDGE('',*,*,#1693,.F.);
#1178=ORIENTED_EDGE('',*,*,#1481,.T.);
#1179=ORIENTED_EDGE('',*,*,#1692,.F.);
#1180=ORIENTED_EDGE('',*,*,#1696,.T.);
#1181=ORIENTED_EDGE('',*,*,#1685,.T.);
#1182=ORIENTED_EDGE('',*,*,#1698,.F.);
#1183=ORIENTED_EDGE('',*,*,#1699,.F.);
#1184=ORIENTED_EDGE('',*,*,#1700,.T.);
#1185=ORIENTED_EDGE('',*,*,#1701,.T.);
#1186=ORIENTED_EDGE('',*,*,#1702,.F.);
#1187=ORIENTED_EDGE('',*,*,#1703,.T.);
#1188=ORIENTED_EDGE('',*,*,#1704,.F.);
#1189=ORIENTED_EDGE('',*,*,#1705,.F.);
#1190=ORIENTED_EDGE('',*,*,#1706,.T.);
#1191=ORIENTED_EDGE('',*,*,#1707,.T.);
#1192=ORIENTED_EDGE('',*,*,#1708,.T.);
#1193=ORIENTED_EDGE('',*,*,#1704,.T.);
#1194=ORIENTED_EDGE('',*,*,#1701,.F.);
#1195=ORIENTED_EDGE('',*,*,#1709,.T.);
#1196=ORIENTED_EDGE('',*,*,#1709,.F.);
#1197=ORIENTED_EDGE('',*,*,#1700,.F.);
#1198=ORIENTED_EDGE('',*,*,#1710,.F.);
#1199=ORIENTED_EDGE('',*,*,#1705,.T.);
#1200=ORIENTED_EDGE('',*,*,#1708,.F.);
#1201=ORIENTED_EDGE('',*,*,#1703,.F.);
#1202=ORIENTED_EDGE('',*,*,#1711,.F.);
#1203=ORIENTED_EDGE('',*,*,#1702,.T.);
#1204=ORIENTED_EDGE('',*,*,#1513,.T.);
#1205=ORIENTED_EDGE('',*,*,#1438,.T.);
#1206=ORIENTED_EDGE('',*,*,#1706,.F.);
#1207=ORIENTED_EDGE('',*,*,#1710,.T.);
#1208=ORIENTED_EDGE('',*,*,#1699,.T.);
#1209=ORIENTED_EDGE('',*,*,#1437,.T.);
#1210=ORIENTED_EDGE('',*,*,#1698,.T.);
#1211=ORIENTED_EDGE('',*,*,#1711,.T.);
#1212=ORIENTED_EDGE('',*,*,#1707,.F.);
#1213=ORIENTED_EDGE('',*,*,#1712,.F.);
#1214=ORIENTED_EDGE('',*,*,#1713,.T.);
#1215=ORIENTED_EDGE('',*,*,#1714,.F.);
#1216=ORIENTED_EDGE('',*,*,#1715,.F.);
#1217=ORIENTED_EDGE('',*,*,#1716,.T.);
#1218=ORIENTED_EDGE('',*,*,#1712,.T.);
#1219=ORIENTED_EDGE('',*,*,#1717,.F.);
#1220=ORIENTED_EDGE('',*,*,#1718,.T.);
#1221=ORIENTED_EDGE('',*,*,#1719,.F.);
#1222=ORIENTED_EDGE('',*,*,#1720,.F.);
#1223=ORIENTED_EDGE('',*,*,#1721,.T.);
#1224=ORIENTED_EDGE('',*,*,#1722,.T.);
#1225=ORIENTED_EDGE('',*,*,#1723,.T.);
#1226=ORIENTED_EDGE('',*,*,#1719,.T.);
#1227=ORIENTED_EDGE('',*,*,#1723,.F.);
#1228=ORIENTED_EDGE('',*,*,#1718,.F.);
#1229=ORIENTED_EDGE('',*,*,#1724,.F.);
#1230=ORIENTED_EDGE('',*,*,#1717,.T.);
#1231=ORIENTED_EDGE('',*,*,#1713,.F.);
#1232=ORIENTED_EDGE('',*,*,#1716,.F.);
#1233=ORIENTED_EDGE('',*,*,#1725,.F.);
#1234=ORIENTED_EDGE('',*,*,#1720,.T.);
#1235=ORIENTED_EDGE('',*,*,#1512,.T.);
#1236=ORIENTED_EDGE('',*,*,#1380,.T.);
#1237=ORIENTED_EDGE('',*,*,#1714,.T.);
#1238=ORIENTED_EDGE('',*,*,#1724,.T.);
#1239=ORIENTED_EDGE('',*,*,#1722,.F.);
#1240=ORIENTED_EDGE('',*,*,#1379,.T.);
#1241=ORIENTED_EDGE('',*,*,#1721,.F.);
#1242=ORIENTED_EDGE('',*,*,#1725,.T.);
#1243=ORIENTED_EDGE('',*,*,#1715,.T.);
#1244=ORIENTED_EDGE('',*,*,#1726,.F.);
#1245=ORIENTED_EDGE('',*,*,#1727,.T.);
#1246=ORIENTED_EDGE('',*,*,#1728,.F.);
#1247=ORIENTED_EDGE('',*,*,#1729,.F.);
#1248=ORIENTED_EDGE('',*,*,#1730,.T.);
#1249=ORIENTED_EDGE('',*,*,#1726,.T.);
#1250=ORIENTED_EDGE('',*,*,#1731,.F.);
#1251=ORIENTED_EDGE('',*,*,#1732,.T.);
#1252=ORIENTED_EDGE('',*,*,#1733,.F.);
#1253=ORIENTED_EDGE('',*,*,#1734,.F.);
#1254=ORIENTED_EDGE('',*,*,#1735,.T.);
#1255=ORIENTED_EDGE('',*,*,#1736,.T.);
#1256=ORIENTED_EDGE('',*,*,#1737,.T.);
#1257=ORIENTED_EDGE('',*,*,#1733,.T.);
#1258=ORIENTED_EDGE('',*,*,#1737,.F.);
#1259=ORIENTED_EDGE('',*,*,#1732,.F.);
#1260=ORIENTED_EDGE('',*,*,#1738,.F.);
#1261=ORIENTED_EDGE('',*,*,#1731,.T.);
#1262=ORIENTED_EDGE('',*,*,#1727,.F.);
#1263=ORIENTED_EDGE('',*,*,#1730,.F.);
#1264=ORIENTED_EDGE('',*,*,#1739,.F.);
#1265=ORIENTED_EDGE('',*,*,#1734,.T.);
#1266=ORIENTED_EDGE('',*,*,#1511,.T.);
#1267=ORIENTED_EDGE('',*,*,#1442,.T.);
#1268=ORIENTED_EDGE('',*,*,#1728,.T.);
#1269=ORIENTED_EDGE('',*,*,#1738,.T.);
#1270=ORIENTED_EDGE('',*,*,#1736,.F.);
#1271=ORIENTED_EDGE('',*,*,#1441,.T.);
#1272=ORIENTED_EDGE('',*,*,#1735,.F.);
#1273=ORIENTED_EDGE('',*,*,#1739,.T.);
#1274=ORIENTED_EDGE('',*,*,#1729,.T.);
#1275=ORIENTED_EDGE('',*,*,#1740,.T.);
#1276=ORIENTED_EDGE('',*,*,#1741,.F.);
#1277=ORIENTED_EDGE('',*,*,#1742,.F.);
#1278=ORIENTED_EDGE('',*,*,#1743,.T.);
#1279=ORIENTED_EDGE('',*,*,#1744,.T.);
#1280=ORIENTED_EDGE('',*,*,#1745,.F.);
#1281=ORIENTED_EDGE('',*,*,#1746,.F.);
#1282=ORIENTED_EDGE('',*,*,#1747,.T.);
#1283=ORIENTED_EDGE('',*,*,#1748,.T.);
#1284=ORIENTED_EDGE('',*,*,#1749,.F.);
#1285=ORIENTED_EDGE('',*,*,#1750,.T.);
#1286=ORIENTED_EDGE('',*,*,#1741,.T.);
#1287=ORIENTED_EDGE('',*,*,#1748,.F.);
#1288=ORIENTED_EDGE('',*,*,#1751,.T.);
#1289=ORIENTED_EDGE('',*,*,#1751,.F.);
#1290=ORIENTED_EDGE('',*,*,#1747,.F.);
#1291=ORIENTED_EDGE('',*,*,#1752,.F.);
#1292=ORIENTED_EDGE('',*,*,#1742,.T.);
#1293=ORIENTED_EDGE('',*,*,#1750,.F.);
#1294=ORIENTED_EDGE('',*,*,#1740,.F.);
#1295=ORIENTED_EDGE('',*,*,#1753,.F.);
#1296=ORIENTED_EDGE('',*,*,#1749,.T.);
#1297=ORIENTED_EDGE('',*,*,#1510,.T.);
#1298=ORIENTED_EDGE('',*,*,#1374,.T.);
#1299=ORIENTED_EDGE('',*,*,#1745,.T.);
#1300=ORIENTED_EDGE('',*,*,#1753,.T.);
#1301=ORIENTED_EDGE('',*,*,#1744,.F.);
#1302=ORIENTED_EDGE('',*,*,#1375,.T.);
#1303=ORIENTED_EDGE('',*,*,#1743,.F.);
#1304=ORIENTED_EDGE('',*,*,#1752,.T.);
#1305=ORIENTED_EDGE('',*,*,#1746,.T.);
#1306=ORIENTED_EDGE('',*,*,#1526,.F.);
#1307=ORIENTED_EDGE('',*,*,#1492,.F.);
#1308=ORIENTED_EDGE('',*,*,#1399,.F.);
#1309=ORIENTED_EDGE('',*,*,#1496,.F.);
#1310=ORIENTED_EDGE('',*,*,#1401,.F.);
#1311=ORIENTED_EDGE('',*,*,#1494,.F.);
#1312=ORIENTED_EDGE('',*,*,#1537,.F.);
#1313=ORIENTED_EDGE('',*,*,#1385,.F.);
#1314=ORIENTED_EDGE('',*,*,#1536,.F.);
#1315=ORIENTED_EDGE('',*,*,#1393,.F.);
#1316=ORIENTED_EDGE('',*,*,#1402,.F.);
#1317=ORIENTED_EDGE('',*,*,#1387,.F.);
#1318=ORIENTED_EDGE('',*,*,#1535,.F.);
#1319=ORIENTED_EDGE('',*,*,#1389,.F.);
#1320=ORIENTED_EDGE('',*,*,#1403,.F.);
#1321=ORIENTED_EDGE('',*,*,#1395,.F.);
#1322=ORIENTED_EDGE('',*,*,#1404,.F.);
#1323=ORIENTED_EDGE('',*,*,#1391,.F.);
#1324=ORIENTED_EDGE('',*,*,#1534,.F.);
#1325=ORIENTED_EDGE('',*,*,#1445,.F.);
#1326=ORIENTED_EDGE('',*,*,#1533,.F.);
#1327=ORIENTED_EDGE('',*,*,#1451,.F.);
#1328=ORIENTED_EDGE('',*,*,#1406,.F.);
#1329=ORIENTED_EDGE('',*,*,#1447,.F.);
#1330=ORIENTED_EDGE('',*,*,#1532,.F.);
#1331=ORIENTED_EDGE('',*,*,#1448,.F.);
#1332=ORIENTED_EDGE('',*,*,#1408,.F.);
#1333=ORIENTED_EDGE('',*,*,#1453,.F.);
#1334=ORIENTED_EDGE('',*,*,#1410,.F.);
#1335=ORIENTED_EDGE('',*,*,#1450,.F.);
#1336=ORIENTED_EDGE('',*,*,#1531,.F.);
#1337=ORIENTED_EDGE('',*,*,#1464,.F.);
#1338=ORIENTED_EDGE('',*,*,#1530,.F.);
#1339=ORIENTED_EDGE('',*,*,#1470,.F.);
#1340=ORIENTED_EDGE('',*,*,#1412,.F.);
#1341=ORIENTED_EDGE('',*,*,#1466,.F.);
#1342=ORIENTED_EDGE('',*,*,#1529,.F.);
#1343=ORIENTED_EDGE('',*,*,#1467,.F.);
#1344=ORIENTED_EDGE('',*,*,#1414,.F.);
#1345=ORIENTED_EDGE('',*,*,#1472,.F.);
#1346=ORIENTED_EDGE('',*,*,#1527,.F.);
#1347=ORIENTED_EDGE('',*,*,#1497,.F.);
#1348=ORIENTED_EDGE('',*,*,#1418,.F.);
#1349=ORIENTED_EDGE('',*,*,#1490,.F.);
#1350=ORIENTED_EDGE('',*,*,#1416,.F.);
#1351=ORIENTED_EDGE('',*,*,#1469,.F.);
#1352=ORIENTED_EDGE('',*,*,#1528,.F.);
#1353=ORIENTED_EDGE('',*,*,#1491,.F.);
#1354=EDGE_CURVE('',#1754,#1754,#2034,.T.);
#1355=EDGE_CURVE('',#1755,#1756,#2035,.F.);
#1356=EDGE_CURVE('',#1756,#1755,#2036,.F.);
#1357=EDGE_CURVE('',#1757,#1757,#2037,.T.);
#1358=EDGE_CURVE('',#1758,#1759,#2038,.F.);
#1359=EDGE_CURVE('',#1759,#1758,#2039,.F.);
#1360=EDGE_CURVE('',#1760,#1760,#2040,.T.);
#1361=EDGE_CURVE('',#1761,#1762,#2041,.F.);
#1362=EDGE_CURVE('',#1762,#1761,#2042,.F.);
#1363=EDGE_CURVE('',#1763,#1763,#2043,.T.);
#1364=EDGE_CURVE('',#1764,#1765,#2044,.F.);
#1365=EDGE_CURVE('',#1765,#1764,#2045,.F.);
#1366=EDGE_CURVE('',#1766,#1767,#2046,.T.);
#1367=EDGE_CURVE('',#1767,#1766,#12,.T.);
#1368=EDGE_CURVE('',#1768,#1769,#2047,.T.);
#1369=EDGE_CURVE('',#1769,#1768,#13,.T.);
#1370=EDGE_CURVE('',#1770,#1771,#2048,.T.);
#1371=EDGE_CURVE('',#1771,#1770,#14,.T.);
#1372=EDGE_CURVE('',#1772,#1773,#2049,.T.);
#1373=EDGE_CURVE('',#1773,#1772,#15,.T.);
#1374=EDGE_CURVE('',#1774,#1775,#2050,.F.);
#1375=EDGE_CURVE('',#1775,#1774,#2051,.F.);
#1376=EDGE_CURVE('',#1776,#1776,#2052,.T.);
#1377=EDGE_CURVE('',#1777,#1777,#2053,.T.);
#1378=EDGE_CURVE('',#1778,#1778,#2054,.T.);
#1379=EDGE_CURVE('',#1779,#1780,#2055,.F.);
#1380=EDGE_CURVE('',#1780,#1779,#2056,.F.);
#1381=EDGE_CURVE('',#1781,#1781,#2057,.T.);
#1382=EDGE_CURVE('',#1782,#1782,#2058,.T.);
#1383=EDGE_CURVE('',#1783,#1783,#2059,.T.);
#1384=EDGE_CURVE('',#1784,#1785,#16,.T.);
#1385=EDGE_CURVE('',#1784,#1786,#17,.T.);
#1386=EDGE_CURVE('',#1786,#1787,#18,.T.);
#1387=EDGE_CURVE('',#1787,#1785,#19,.T.);
#1388=EDGE_CURVE('',#1788,#1789,#20,.T.);
#1389=EDGE_CURVE('',#1789,#1790,#21,.F.);
#1390=EDGE_CURVE('',#1791,#1790,#22,.T.);
#1391=EDGE_CURVE('',#1791,#1788,#23,.F.);
#1392=EDGE_CURVE('',#1792,#1793,#24,.T.);
#1393=EDGE_CURVE('',#1792,#1794,#25,.F.);
#1394=EDGE_CURVE('',#1794,#1795,#26,.T.);
#1395=EDGE_CURVE('',#1795,#1793,#27,.T.);
#1396=EDGE_CURVE('',#1796,#1796,#2060,.T.);
#1397=EDGE_CURVE('',#1797,#1797,#2061,.T.);
#1398=EDGE_CURVE('',#1798,#1799,#28,.T.);
#1399=EDGE_CURVE('',#1799,#1800,#2062,.F.);
#1400=EDGE_CURVE('',#1801,#1800,#29,.T.);
#1401=EDGE_CURVE('',#1801,#1784,#2063,.T.);
#1402=EDGE_CURVE('',#1785,#1792,#2064,.F.);
#1403=EDGE_CURVE('',#1793,#1789,#2065,.F.);
#1404=EDGE_CURVE('',#1788,#1802,#2066,.T.);
#1405=EDGE_CURVE('',#1802,#1803,#30,.T.);
#1406=EDGE_CURVE('',#1803,#1804,#2067,.F.);
#1407=EDGE_CURVE('',#1804,#1805,#31,.T.);
#1408=EDGE_CURVE('',#1805,#1806,#2068,.F.);
#1409=EDGE_CURVE('',#1807,#1806,#32,.T.);
#1410=EDGE_CURVE('',#1807,#1808,#2069,.T.);
#1411=EDGE_CURVE('',#1808,#1809,#33,.T.);
#1412=EDGE_CURVE('',#1809,#1810,#2070,.F.);
#1413=EDGE_CURVE('',#1810,#1811,#34,.T.);
#1414=EDGE_CURVE('',#1811,#1812,#2071,.F.);
#1415=EDGE_CURVE('',#1813,#1812,#35,.T.);
#1416=EDGE_CURVE('',#1813,#1814,#2072,.T.);
#1417=EDGE_CURVE('',#1814,#1815,#36,.T.);
#1418=EDGE_CURVE('',#1815,#1798,#2073,.F.);
#1419=EDGE_CURVE('',#1816,#1816,#2074,.T.);
#1420=EDGE_CURVE('',#1817,#1817,#2075,.T.);
#1421=EDGE_CURVE('',#1818,#1818,#2076,.T.);
#1422=EDGE_CURVE('',#1819,#1819,#2077,.T.);
#1423=EDGE_CURVE('',#1820,#1820,#2078,.T.);
#1424=EDGE_CURVE('',#1821,#1821,#2079,.T.);
#1425=EDGE_CURVE('',#1822,#1822,#2080,.T.);
#1426=EDGE_CURVE('',#1823,#1823,#2081,.T.);
#1427=EDGE_CURVE('',#1824,#1824,#2082,.T.);
#1428=EDGE_CURVE('',#1825,#1825,#2083,.T.);
#1429=EDGE_CURVE('',#1826,#1826,#2084,.T.);
#1430=EDGE_CURVE('',#1827,#1827,#2085,.T.);
#1431=EDGE_CURVE('',#1828,#1828,#2086,.F.);
#1432=EDGE_CURVE('',#1829,#1829,#2087,.F.);
#1433=EDGE_CURVE('',#1830,#1830,#2088,.F.);
#1434=EDGE_CURVE('',#1831,#1831,#2089,.F.);
#1435=EDGE_CURVE('',#1832,#1832,#2090,.T.);
#1436=EDGE_CURVE('',#1833,#1833,#2091,.T.);
#1437=EDGE_CURVE('',#1834,#1835,#2092,.F.);
#1438=EDGE_CURVE('',#1835,#1834,#2093,.F.);
#1439=EDGE_CURVE('',#1836,#1836,#2094,.T.);
#1440=EDGE_CURVE('',#1837,#1837,#2095,.T.);
#1441=EDGE_CURVE('',#1838,#1839,#2096,.F.);
#1442=EDGE_CURVE('',#1839,#1838,#2097,.F.);
#1443=EDGE_CURVE('',#1840,#1840,#2098,.T.);
#1444=EDGE_CURVE('',#1841,#1841,#2099,.T.);
#1445=EDGE_CURVE('',#1802,#1842,#37,.T.);
#1446=EDGE_CURVE('',#1842,#1843,#38,.T.);
#1447=EDGE_CURVE('',#1843,#1803,#39,.T.);
#1448=EDGE_CURVE('',#1806,#1844,#40,.F.);
#1449=EDGE_CURVE('',#1845,#1844,#41,.T.);
#1450=EDGE_CURVE('',#1845,#1807,#42,.F.);
#1451=EDGE_CURVE('',#1804,#1846,#43,.F.);
#1452=EDGE_CURVE('',#1846,#1847,#44,.T.);
#1453=EDGE_CURVE('',#1847,#1805,#45,.T.);
#1454=EDGE_CURVE('',#1848,#1848,#2100,.T.);
#1455=EDGE_CURVE('',#1849,#1849,#2101,.T.);
#1456=EDGE_CURVE('',#1850,#1851,#2102,.F.);
#1457=EDGE_CURVE('',#1851,#1850,#2103,.F.);
#1458=EDGE_CURVE('',#1852,#1852,#2104,.T.);
#1459=EDGE_CURVE('',#1853,#1853,#2105,.T.);
#1460=EDGE_CURVE('',#1854,#1855,#2106,.F.);
#1461=EDGE_CURVE('',#1855,#1854,#2107,.F.);
#1462=EDGE_CURVE('',#1856,#1856,#2108,.T.);
#1463=EDGE_CURVE('',#1857,#1857,#2109,.T.);
#1464=EDGE_CURVE('',#1808,#1858,#46,.T.);
#1465=EDGE_CURVE('',#1858,#1859,#47,.T.);
#1466=EDGE_CURVE('',#1859,#1809,#48,.T.);
#1467=EDGE_CURVE('',#1812,#1860,#49,.F.);
#1468=EDGE_CURVE('',#1861,#1860,#50,.T.);
#1469=EDGE_CURVE('',#1861,#1813,#51,.F.);
#1470=EDGE_CURVE('',#1810,#1862,#52,.F.);
#1471=EDGE_CURVE('',#1862,#1863,#53,.T.);
#1472=EDGE_CURVE('',#1863,#1811,#54,.T.);
#1473=EDGE_CURVE('',#1864,#1864,#2110,.T.);
#1474=EDGE_CURVE('',#1865,#1865,#2111,.T.);
#1475=EDGE_CURVE('',#1866,#1867,#2112,.F.);
#1476=EDGE_CURVE('',#1867,#1866,#2113,.F.);
#1477=EDGE_CURVE('',#1868,#1868,#2114,.T.);
#1478=EDGE_CURVE('',#1869,#1869,#2115,.T.);
#1479=EDGE_CURVE('',#1870,#1871,#2116,.F.);
#1480=EDGE_CURVE('',#1871,#1870,#2117,.F.);
#1481=EDGE_CURVE('',#1872,#1873,#2118,.F.);
#1482=EDGE_CURVE('',#1873,#1872,#2119,.F.);
#1483=EDGE_CURVE('',#1874,#1874,#2120,.T.);
#1484=EDGE_CURVE('',#1875,#1875,#2121,.T.);
#1485=EDGE_CURVE('',#1876,#1877,#2122,.F.);
#1486=EDGE_CURVE('',#1877,#1876,#2123,.F.);
#1487=EDGE_CURVE('',#1878,#1878,#2124,.T.);
#1488=EDGE_CURVE('',#1879,#1879,#2125,.T.);
#1489=EDGE_CURVE('',#1880,#1881,#55,.T.);
#1490=EDGE_CURVE('',#1881,#1815,#56,.T.);
#1491=EDGE_CURVE('',#1814,#1880,#57,.T.);
#1492=EDGE_CURVE('',#1800,#1882,#58,.F.);
#1493=EDGE_CURVE('',#1883,#1882,#59,.T.);
#1494=EDGE_CURVE('',#1883,#1801,#60,.F.);
#1495=EDGE_CURVE('',#1884,#1885,#61,.T.);
#1496=EDGE_CURVE('',#1885,#1799,#62,.T.);
#1497=EDGE_CURVE('',#1798,#1884,#63,.F.);
#1498=EDGE_CURVE('',#1886,#1886,#2126,.T.);
#1499=EDGE_CURVE('',#1887,#1887,#2127,.T.);
#1500=EDGE_CURVE('',#1888,#1889,#2128,.F.);
#1501=EDGE_CURVE('',#1889,#1888,#2129,.F.);
#1502=EDGE_CURVE('',#1890,#1890,#2130,.T.);
#1503=EDGE_CURVE('',#1891,#1891,#2131,.T.);
#1504=EDGE_CURVE('',#1892,#1893,#2132,.F.);
#1505=EDGE_CURVE('',#1893,#1892,#2133,.F.);
#1506=EDGE_CURVE('',#1894,#1894,#2134,.T.);
#1507=EDGE_CURVE('',#1895,#1895,#2135,.T.);
#1508=EDGE_CURVE('',#1896,#1896,#2136,.T.);
#1509=EDGE_CURVE('',#1897,#1897,#2137,.T.);
#1510=EDGE_CURVE('',#1898,#1898,#2138,.T.);
#1511=EDGE_CURVE('',#1899,#1899,#2139,.T.);
#1512=EDGE_CURVE('',#1900,#1900,#2140,.T.);
#1513=EDGE_CURVE('',#1901,#1901,#2141,.T.);
#1514=EDGE_CURVE('',#1902,#1902,#2142,.T.);
#1515=EDGE_CURVE('',#1903,#1903,#2143,.T.);
#1516=EDGE_CURVE('',#1904,#1904,#2144,.T.);
#1517=EDGE_CURVE('',#1905,#1905,#2145,.T.);
#1518=EDGE_CURVE('',#1906,#1906,#2146,.T.);
#1519=EDGE_CURVE('',#1907,#1907,#2147,.T.);
#1520=EDGE_CURVE('',#1908,#1908,#2148,.T.);
#1521=EDGE_CURVE('',#1909,#1909,#2149,.T.);
#1522=EDGE_CURVE('',#1910,#1910,#2150,.T.);
#1523=EDGE_CURVE('',#1911,#1911,#2151,.T.);
#1524=EDGE_CURVE('',#1912,#1912,#2152,.T.);
#1525=EDGE_CURVE('',#1913,#1913,#2153,.T.);
#1526=EDGE_CURVE('',#1882,#1885,#2154,.T.);
#1527=EDGE_CURVE('',#1884,#1881,#2155,.T.);
#1528=EDGE_CURVE('',#1880,#1861,#2156,.F.);
#1529=EDGE_CURVE('',#1860,#1863,#2157,.T.);
#1530=EDGE_CURVE('',#1862,#1859,#2158,.T.);
#1531=EDGE_CURVE('',#1858,#1845,#2159,.F.);
#1532=EDGE_CURVE('',#1844,#1847,#2160,.T.);
#1533=EDGE_CURVE('',#1846,#1843,#2161,.T.);
#1534=EDGE_CURVE('',#1842,#1791,#2162,.F.);
#1535=EDGE_CURVE('',#1790,#1795,#2163,.T.);
#1536=EDGE_CURVE('',#1794,#1787,#2164,.T.);
#1537=EDGE_CURVE('',#1786,#1883,#2165,.F.);
#1538=EDGE_CURVE('',#1914,#1915,#64,.T.);
#1539=EDGE_CURVE('',#1914,#1915,#2166,.T.);
#1540=EDGE_CURVE('',#1916,#1914,#65,.T.);
#1541=EDGE_CURVE('',#1917,#1916,#2167,.T.);
#1542=EDGE_CURVE('',#1917,#1767,#66,.T.);
#1543=EDGE_CURVE('',#1918,#1766,#67,.T.);
#1544=EDGE_CURVE('',#1919,#1918,#2168,.T.);
#1545=EDGE_CURVE('',#1919,#1915,#68,.T.);
#1546=EDGE_CURVE('',#1920,#1921,#69,.T.);
#1547=EDGE_CURVE('',#1920,#1921,#2169,.T.);
#1548=EDGE_CURVE('',#1922,#1768,#70,.T.);
#1549=EDGE_CURVE('',#1923,#1922,#2170,.T.);
#1550=EDGE_CURVE('',#1923,#1921,#71,.T.);
#1551=EDGE_CURVE('',#1924,#1920,#72,.T.);
#1552=EDGE_CURVE('',#1925,#1924,#2171,.T.);
#1553=EDGE_CURVE('',#1925,#1769,#73,.T.);
#1554=EDGE_CURVE('',#1926,#1927,#74,.T.);
#1555=EDGE_CURVE('',#1926,#1927,#2172,.T.);
#1556=EDGE_CURVE('',#1928,#1770,#75,.T.);
#1557=EDGE_CURVE('',#1929,#1928,#2173,.T.);
#1558=EDGE_CURVE('',#1929,#1927,#76,.T.);
#1559=EDGE_CURVE('',#1930,#1926,#77,.T.);
#1560=EDGE_CURVE('',#1931,#1930,#2174,.T.);
#1561=EDGE_CURVE('',#1931,#1771,#78,.T.);
#1562=EDGE_CURVE('',#1932,#1933,#79,.T.);
#1563=EDGE_CURVE('',#1932,#1933,#2175,.T.);
#1564=EDGE_CURVE('',#1934,#1932,#80,.T.);
#1565=EDGE_CURVE('',#1935,#1934,#2176,.T.);
#1566=EDGE_CURVE('',#1935,#1773,#81,.T.);
#1567=EDGE_CURVE('',#1936,#1772,#82,.T.);
#1568=EDGE_CURVE('',#1937,#1936,#2177,.T.);
#1569=EDGE_CURVE('',#1937,#1933,#83,.T.);
#1570=EDGE_CURVE('',#1925,#1765,#84,.T.);
#1571=EDGE_CURVE('',#1765,#1922,#85,.T.);
#1572=EDGE_CURVE('',#1764,#1923,#86,.T.);
#1573=EDGE_CURVE('',#1924,#1764,#87,.T.);
#1574=EDGE_CURVE('',#1935,#1761,#88,.T.);
#1575=EDGE_CURVE('',#1761,#1936,#89,.T.);
#1576=EDGE_CURVE('',#1762,#1937,#90,.T.);
#1577=EDGE_CURVE('',#1934,#1762,#91,.T.);
#1578=EDGE_CURVE('',#1931,#1759,#92,.T.);
#1579=EDGE_CURVE('',#1759,#1928,#93,.T.);
#1580=EDGE_CURVE('',#1758,#1929,#94,.T.);
#1581=EDGE_CURVE('',#1930,#1758,#95,.T.);
#1582=EDGE_CURVE('',#1917,#1755,#96,.T.);
#1583=EDGE_CURVE('',#1755,#1918,#97,.T.);
#1584=EDGE_CURVE('',#1756,#1919,#98,.T.);
#1585=EDGE_CURVE('',#1916,#1756,#99,.T.);
#1586=EDGE_CURVE('',#1851,#1938,#100,.T.);
#1587=EDGE_CURVE('',#1939,#1851,#101,.T.);
#1588=EDGE_CURVE('',#1939,#1940,#102,.T.);
#1589=EDGE_CURVE('',#1940,#1941,#103,.T.);
#1590=EDGE_CURVE('',#1938,#1941,#104,.T.);
#1591=EDGE_CURVE('',#1942,#1943,#105,.T.);
#1592=EDGE_CURVE('',#1944,#1943,#106,.T.);
#1593=EDGE_CURVE('',#1945,#1944,#107,.T.);
#1594=EDGE_CURVE('',#1945,#1850,#108,.T.);
#1595=EDGE_CURVE('',#1850,#1942,#109,.T.);
#1596=EDGE_CURVE('',#1943,#1944,#2178,.T.);
#1597=EDGE_CURVE('',#1940,#1941,#2179,.T.);
#1598=EDGE_CURVE('',#1945,#1939,#2180,.T.);
#1599=EDGE_CURVE('',#1938,#1942,#2181,.T.);
#1600=EDGE_CURVE('',#1946,#1947,#110,.T.);
#1601=EDGE_CURVE('',#1946,#1947,#2182,.T.);
#1602=EDGE_CURVE('',#1871,#1948,#111,.T.);
#1603=EDGE_CURVE('',#1949,#1871,#112,.T.);
#1604=EDGE_CURVE('',#1949,#1946,#113,.T.);
#1605=EDGE_CURVE('',#1948,#1947,#114,.T.);
#1606=EDGE_CURVE('',#1950,#1951,#115,.T.);
#1607=EDGE_CURVE('',#1952,#1951,#116,.T.);
#1608=EDGE_CURVE('',#1953,#1952,#117,.T.);
#1609=EDGE_CURVE('',#1953,#1870,#118,.T.);
#1610=EDGE_CURVE('',#1870,#1950,#119,.T.);
#1611=EDGE_CURVE('',#1951,#1952,#2183,.T.);
#1612=EDGE_CURVE('',#1948,#1950,#2184,.T.);
#1613=EDGE_CURVE('',#1953,#1949,#2185,.T.);
#1614=EDGE_CURVE('',#1954,#1955,#120,.T.);
#1615=EDGE_CURVE('',#1954,#1955,#2186,.T.);
#1616=EDGE_CURVE('',#1855,#1956,#121,.T.);
#1617=EDGE_CURVE('',#1957,#1855,#122,.T.);
#1618=EDGE_CURVE('',#1957,#1954,#123,.T.);
#1619=EDGE_CURVE('',#1956,#1955,#124,.T.);
#1620=EDGE_CURVE('',#1958,#1959,#125,.T.);
#1621=EDGE_CURVE('',#1960,#1959,#126,.T.);
#1622=EDGE_CURVE('',#1961,#1960,#127,.T.);
#1623=EDGE_CURVE('',#1961,#1854,#128,.T.);
#1624=EDGE_CURVE('',#1854,#1958,#129,.T.);
#1625=EDGE_CURVE('',#1959,#1960,#2187,.T.);
#1626=EDGE_CURVE('',#1956,#1958,#2188,.T.);
#1627=EDGE_CURVE('',#1961,#1957,#2189,.T.);
#1628=EDGE_CURVE('',#1866,#1962,#130,.T.);
#1629=EDGE_CURVE('',#1963,#1866,#131,.T.);
#1630=EDGE_CURVE('',#1963,#1964,#132,.T.);
#1631=EDGE_CURVE('',#1964,#1965,#133,.T.);
#1632=EDGE_CURVE('',#1962,#1965,#134,.T.);
#1633=EDGE_CURVE('',#1966,#1967,#135,.T.);
#1634=EDGE_CURVE('',#1968,#1967,#136,.T.);
#1635=EDGE_CURVE('',#1969,#1968,#137,.T.);
#1636=EDGE_CURVE('',#1969,#1867,#138,.T.);
#1637=EDGE_CURVE('',#1867,#1966,#139,.T.);
#1638=EDGE_CURVE('',#1967,#1968,#2190,.T.);
#1639=EDGE_CURVE('',#1964,#1965,#2191,.T.);
#1640=EDGE_CURVE('',#1969,#1963,#2192,.T.);
#1641=EDGE_CURVE('',#1962,#1966,#2193,.T.);
#1642=EDGE_CURVE('',#1889,#1970,#140,.T.);
#1643=EDGE_CURVE('',#1971,#1889,#141,.T.);
#1644=EDGE_CURVE('',#1971,#1972,#142,.T.);
#1645=EDGE_CURVE('',#1972,#1973,#143,.T.);
#1646=EDGE_CURVE('',#1970,#1973,#144,.T.);
#1647=EDGE_CURVE('',#1974,#1975,#145,.T.);
#1648=EDGE_CURVE('',#1976,#1975,#146,.T.);
#1649=EDGE_CURVE('',#1977,#1976,#147,.T.);
#1650=EDGE_CURVE('',#1977,#1888,#148,.T.);
#1651=EDGE_CURVE('',#1888,#1974,#149,.T.);
#1652=EDGE_CURVE('',#1975,#1976,#2194,.T.);
#1653=EDGE_CURVE('',#1972,#1973,#2195,.T.);
#1654=EDGE_CURVE('',#1977,#1971,#2196,.T.);
#1655=EDGE_CURVE('',#1970,#1974,#2197,.T.);
#1656=EDGE_CURVE('',#1978,#1979,#150,.T.);
#1657=EDGE_CURVE('',#1978,#1979,#2198,.T.);
#1658=EDGE_CURVE('',#1876,#1980,#151,.T.);
#1659=EDGE_CURVE('',#1981,#1876,#152,.T.);
#1660=EDGE_CURVE('',#1981,#1978,#153,.T.);
#1661=EDGE_CURVE('',#1980,#1979,#154,.T.);
#1662=EDGE_CURVE('',#1982,#1983,#155,.T.);
#1663=EDGE_CURVE('',#1984,#1983,#156,.T.);
#1664=EDGE_CURVE('',#1985,#1984,#157,.T.);
#1665=EDGE_CURVE('',#1985,#1877,#158,.T.);
#1666=EDGE_CURVE('',#1877,#1982,#159,.T.);
#1667=EDGE_CURVE('',#1983,#1984,#2199,.T.);
#1668=EDGE_CURVE('',#1980,#1982,#2200,.T.);
#1669=EDGE_CURVE('',#1985,#1981,#2201,.T.);
#1670=EDGE_CURVE('',#1986,#1987,#160,.T.);
#1671=EDGE_CURVE('',#1986,#1987,#2202,.T.);
#1672=EDGE_CURVE('',#1892,#1988,#161,.T.);
#1673=EDGE_CURVE('',#1989,#1892,#162,.T.);
#1674=EDGE_CURVE('',#1989,#1986,#163,.T.);
#1675=EDGE_CURVE('',#1988,#1987,#164,.T.);
#1676=EDGE_CURVE('',#1990,#1991,#165,.T.);
#1677=EDGE_CURVE('',#1992,#1991,#166,.T.);
#1678=EDGE_CURVE('',#1993,#1992,#167,.T.);
#1679=EDGE_CURVE('',#1993,#1893,#168,.T.);
#1680=EDGE_CURVE('',#1893,#1990,#169,.T.);
#1681=EDGE_CURVE('',#1991,#1992,#2203,.T.);
#1682=EDGE_CURVE('',#1988,#1990,#2204,.T.);
#1683=EDGE_CURVE('',#1993,#1989,#2205,.T.);
#1684=EDGE_CURVE('',#1872,#1994,#170,.T.);
#1685=EDGE_CURVE('',#1995,#1872,#171,.T.);
#1686=EDGE_CURVE('',#1995,#1996,#172,.T.);
#1687=EDGE_CURVE('',#1996,#1997,#173,.T.);
#1688=EDGE_CURVE('',#1994,#1997,#174,.T.);
#1689=EDGE_CURVE('',#1998,#1999,#175,.T.);
#1690=EDGE_CURVE('',#2000,#1999,#176,.T.);
#1691=EDGE_CURVE('',#2001,#2000,#177,.T.);
#1692=EDGE_CURVE('',#2001,#1873,#178,.T.);
#1693=EDGE_CURVE('',#1873,#1998,#179,.T.);
#1694=EDGE_CURVE('',#1999,#2000,#2206,.T.);
#1695=EDGE_CURVE('',#1996,#1997,#2207,.T.);
#1696=EDGE_CURVE('',#2001,#1995,#2208,.T.);
#1697=EDGE_CURVE('',#1994,#1998,#2209,.T.);
#1698=EDGE_CURVE('',#1835,#2002,#180,.T.);
#1699=EDGE_CURVE('',#2003,#1835,#181,.T.);
#1700=EDGE_CURVE('',#2003,#2004,#182,.T.);
#1701=EDGE_CURVE('',#2004,#2005,#183,.T.);
#1702=EDGE_CURVE('',#2002,#2005,#184,.T.);
#1703=EDGE_CURVE('',#2006,#2007,#185,.T.);
#1704=EDGE_CURVE('',#2008,#2007,#186,.T.);
#1705=EDGE_CURVE('',#2009,#2008,#187,.T.);
#1706=EDGE_CURVE('',#2009,#1834,#188,.T.);
#1707=EDGE_CURVE('',#1834,#2006,#189,.T.);
#1708=EDGE_CURVE('',#2007,#2008,#2210,.T.);
#1709=EDGE_CURVE('',#2004,#2005,#2211,.T.);
#1710=EDGE_CURVE('',#2009,#2003,#2212,.T.);
#1711=EDGE_CURVE('',#2002,#2006,#2213,.T.);
#1712=EDGE_CURVE('',#2010,#2011,#190,.T.);
#1713=EDGE_CURVE('',#2010,#2011,#2214,.T.);
#1714=EDGE_CURVE('',#1779,#2012,#191,.T.);
#1715=EDGE_CURVE('',#2013,#1779,#192,.T.);
#1716=EDGE_CURVE('',#2013,#2010,#193,.T.);
#1717=EDGE_CURVE('',#2012,#2011,#194,.T.);
#1718=EDGE_CURVE('',#2014,#2015,#195,.T.);
#1719=EDGE_CURVE('',#2016,#2015,#196,.T.);
#1720=EDGE_CURVE('',#2017,#2016,#197,.T.);
#1721=EDGE_CURVE('',#2017,#1780,#198,.T.);
#1722=EDGE_CURVE('',#1780,#2014,#199,.T.);
#1723=EDGE_CURVE('',#2015,#2016,#2215,.T.);
#1724=EDGE_CURVE('',#2012,#2014,#2216,.T.);
#1725=EDGE_CURVE('',#2017,#2013,#2217,.T.);
#1726=EDGE_CURVE('',#2018,#2019,#200,.T.);
#1727=EDGE_CURVE('',#2018,#2019,#2218,.T.);
#1728=EDGE_CURVE('',#1838,#2020,#201,.T.);
#1729=EDGE_CURVE('',#2021,#1838,#202,.T.);
#1730=EDGE_CURVE('',#2021,#2018,#203,.T.);
#1731=EDGE_CURVE('',#2020,#2019,#204,.T.);
#1732=EDGE_CURVE('',#2022,#2023,#205,.T.);
#1733=EDGE_CURVE('',#2024,#2023,#206,.T.);
#1734=EDGE_CURVE('',#2025,#2024,#207,.T.);
#1735=EDGE_CURVE('',#2025,#1839,#208,.T.);
#1736=EDGE_CURVE('',#1839,#2022,#209,.T.);
#1737=EDGE_CURVE('',#2023,#2024,#2219,.T.);
#1738=EDGE_CURVE('',#2020,#2022,#2220,.T.);
#1739=EDGE_CURVE('',#2025,#2021,#2221,.T.);
#1740=EDGE_CURVE('',#2026,#2027,#210,.T.);
#1741=EDGE_CURVE('',#2028,#2027,#211,.T.);
#1742=EDGE_CURVE('',#2029,#2028,#212,.T.);
#1743=EDGE_CURVE('',#2029,#1774,#213,.T.);
#1744=EDGE_CURVE('',#1774,#2026,#214,.T.);
#1745=EDGE_CURVE('',#1775,#2030,#215,.T.);
#1746=EDGE_CURVE('',#2031,#1775,#216,.T.);
#1747=EDGE_CURVE('',#2031,#2032,#217,.T.);
#1748=EDGE_CURVE('',#2032,#2033,#218,.T.);
#1749=EDGE_CURVE('',#2030,#2033,#219,.T.);
#1750=EDGE_CURVE('',#2027,#2028,#2222,.T.);
#1751=EDGE_CURVE('',#2032,#2033,#2223,.T.);
#1752=EDGE_CURVE('',#2029,#2031,#2224,.T.);
#1753=EDGE_CURVE('',#2030,#2026,#2225,.T.);
#1754=VERTEX_POINT('',#4448);
#1755=VERTEX_POINT('',#4450);
#1756=VERTEX_POINT('',#4451);
#1757=VERTEX_POINT('',#4455);
#1758=VERTEX_POINT('',#4457);
#1759=VERTEX_POINT('',#4458);
#1760=VERTEX_POINT('',#4462);
#1761=VERTEX_POINT('',#4464);
#1762=VERTEX_POINT('',#4465);
#1763=VERTEX_POINT('',#4469);
#1764=VERTEX_POINT('',#4471);
#1765=VERTEX_POINT('',#4472);
#1766=VERTEX_POINT('',#4476);
#1767=VERTEX_POINT('',#4477);
#1768=VERTEX_POINT('',#4481);
#1769=VERTEX_POINT('',#4482);
#1770=VERTEX_POINT('',#4486);
#1771=VERTEX_POINT('',#4487);
#1772=VERTEX_POINT('',#4491);
#1773=VERTEX_POINT('',#4492);
#1774=VERTEX_POINT('',#4496);
#1775=VERTEX_POINT('',#4497);
#1776=VERTEX_POINT('',#4500);
#1777=VERTEX_POINT('',#4503);
#1778=VERTEX_POINT('',#4505);
#1779=VERTEX_POINT('',#4509);
#1780=VERTEX_POINT('',#4510);
#1781=VERTEX_POINT('',#4513);
#1782=VERTEX_POINT('',#4516);
#1783=VERTEX_POINT('',#4518);
#1784=VERTEX_POINT('',#4522);
#1785=VERTEX_POINT('',#4523);
#1786=VERTEX_POINT('',#4525);
#1787=VERTEX_POINT('',#4527);
#1788=VERTEX_POINT('',#4531);
#1789=VERTEX_POINT('',#4532);
#1790=VERTEX_POINT('',#4534);
#1791=VERTEX_POINT('',#4536);
#1792=VERTEX_POINT('',#4540);
#1793=VERTEX_POINT('',#4541);
#1794=VERTEX_POINT('',#4543);
#1795=VERTEX_POINT('',#4545);
#1796=VERTEX_POINT('',#4549);
#1797=VERTEX_POINT('',#4551);
#1798=VERTEX_POINT('',#4553);
#1799=VERTEX_POINT('',#4554);
#1800=VERTEX_POINT('',#4556);
#1801=VERTEX_POINT('',#4558);
#1802=VERTEX_POINT('',#4563);
#1803=VERTEX_POINT('',#4565);
#1804=VERTEX_POINT('',#4567);
#1805=VERTEX_POINT('',#4569);
#1806=VERTEX_POINT('',#4571);
#1807=VERTEX_POINT('',#4573);
#1808=VERTEX_POINT('',#4575);
#1809=VERTEX_POINT('',#4577);
#1810=VERTEX_POINT('',#4579);
#1811=VERTEX_POINT('',#4581);
#1812=VERTEX_POINT('',#4583);
#1813=VERTEX_POINT('',#4585);
#1814=VERTEX_POINT('',#4587);
#1815=VERTEX_POINT('',#4589);
#1816=VERTEX_POINT('',#4592);
#1817=VERTEX_POINT('',#4594);
#1818=VERTEX_POINT('',#4596);
#1819=VERTEX_POINT('',#4598);
#1820=VERTEX_POINT('',#4600);
#1821=VERTEX_POINT('',#4602);
#1822=VERTEX_POINT('',#4604);
#1823=VERTEX_POINT('',#4606);
#1824=VERTEX_POINT('',#4608);
#1825=VERTEX_POINT('',#4610);
#1826=VERTEX_POINT('',#4612);
#1827=VERTEX_POINT('',#4614);
#1828=VERTEX_POINT('',#4616);
#1829=VERTEX_POINT('',#4618);
#1830=VERTEX_POINT('',#4620);
#1831=VERTEX_POINT('',#4622);
#1832=VERTEX_POINT('',#4625);
#1833=VERTEX_POINT('',#4627);
#1834=VERTEX_POINT('',#4631);
#1835=VERTEX_POINT('',#4632);
#1836=VERTEX_POINT('',#4636);
#1837=VERTEX_POINT('',#4638);
#1838=VERTEX_POINT('',#4642);
#1839=VERTEX_POINT('',#4643);
#1840=VERTEX_POINT('',#4647);
#1841=VERTEX_POINT('',#4651);
#1842=VERTEX_POINT('',#4655);
#1843=VERTEX_POINT('',#4657);
#1844=VERTEX_POINT('',#4661);
#1845=VERTEX_POINT('',#4663);
#1846=VERTEX_POINT('',#4667);
#1847=VERTEX_POINT('',#4669);
#1848=VERTEX_POINT('',#4673);
#1849=VERTEX_POINT('',#4677);
#1850=VERTEX_POINT('',#4681);
#1851=VERTEX_POINT('',#4682);
#1852=VERTEX_POINT('',#4685);
#1853=VERTEX_POINT('',#4688);
#1854=VERTEX_POINT('',#4692);
#1855=VERTEX_POINT('',#4693);
#1856=VERTEX_POINT('',#4696);
#1857=VERTEX_POINT('',#4699);
#1858=VERTEX_POINT('',#4703);
#1859=VERTEX_POINT('',#4705);
#1860=VERTEX_POINT('',#4709);
#1861=VERTEX_POINT('',#4711);
#1862=VERTEX_POINT('',#4715);
#1863=VERTEX_POINT('',#4717);
#1864=VERTEX_POINT('',#4721);
#1865=VERTEX_POINT('',#4723);
#1866=VERTEX_POINT('',#4727);
#1867=VERTEX_POINT('',#4728);
#1868=VERTEX_POINT('',#4732);
#1869=VERTEX_POINT('',#4734);
#1870=VERTEX_POINT('',#4738);
#1871=VERTEX_POINT('',#4739);
#1872=VERTEX_POINT('',#4743);
#1873=VERTEX_POINT('',#4744);
#1874=VERTEX_POINT('',#4747);
#1875=VERTEX_POINT('',#4750);
#1876=VERTEX_POINT('',#4754);
#1877=VERTEX_POINT('',#4755);
#1878=VERTEX_POINT('',#4758);
#1879=VERTEX_POINT('',#4761);
#1880=VERTEX_POINT('',#4765);
#1881=VERTEX_POINT('',#4766);
#1882=VERTEX_POINT('',#4771);
#1883=VERTEX_POINT('',#4773);
#1884=VERTEX_POINT('',#4777);
#1885=VERTEX_POINT('',#4778);
#1886=VERTEX_POINT('',#4783);
#1887=VERTEX_POINT('',#4785);
#1888=VERTEX_POINT('',#4789);
#1889=VERTEX_POINT('',#4790);
#1890=VERTEX_POINT('',#4794);
#1891=VERTEX_POINT('',#4796);
#1892=VERTEX_POINT('',#4800);
#1893=VERTEX_POINT('',#4801);
#1894=VERTEX_POINT('',#4805);
#1895=VERTEX_POINT('',#4808);
#1896=VERTEX_POINT('',#4811);
#1897=VERTEX_POINT('',#4814);
#1898=VERTEX_POINT('',#4817);
#1899=VERTEX_POINT('',#4819);
#1900=VERTEX_POINT('',#4821);
#1901=VERTEX_POINT('',#4823);
#1902=VERTEX_POINT('',#4825);
#1903=VERTEX_POINT('',#4827);
#1904=VERTEX_POINT('',#4829);
#1905=VERTEX_POINT('',#4831);
#1906=VERTEX_POINT('',#4833);
#1907=VERTEX_POINT('',#4835);
#1908=VERTEX_POINT('',#4837);
#1909=VERTEX_POINT('',#4839);
#1910=VERTEX_POINT('',#4841);
#1911=VERTEX_POINT('',#4843);
#1912=VERTEX_POINT('',#4845);
#1913=VERTEX_POINT('',#4847);
#1914=VERTEX_POINT('',#4862);
#1915=VERTEX_POINT('',#4863);
#1916=VERTEX_POINT('',#4867);
#1917=VERTEX_POINT('',#4869);
#1918=VERTEX_POINT('',#4872);
#1919=VERTEX_POINT('',#4874);
#1920=VERTEX_POINT('',#4878);
#1921=VERTEX_POINT('',#4879);
#1922=VERTEX_POINT('',#4883);
#1923=VERTEX_POINT('',#4885);
#1924=VERTEX_POINT('',#4888);
#1925=VERTEX_POINT('',#4890);
#1926=VERTEX_POINT('',#4894);
#1927=VERTEX_POINT('',#4895);
#1928=VERTEX_POINT('',#4899);
#1929=VERTEX_POINT('',#4901);
#1930=VERTEX_POINT('',#4904);
#1931=VERTEX_POINT('',#4906);
#1932=VERTEX_POINT('',#4910);
#1933=VERTEX_POINT('',#4911);
#1934=VERTEX_POINT('',#4915);
#1935=VERTEX_POINT('',#4917);
#1936=VERTEX_POINT('',#4920);
#1937=VERTEX_POINT('',#4922);
#1938=VERTEX_POINT('',#4958);
#1939=VERTEX_POINT('',#4960);
#1940=VERTEX_POINT('',#4962);
#1941=VERTEX_POINT('',#4964);
#1942=VERTEX_POINT('',#4968);
#1943=VERTEX_POINT('',#4969);
#1944=VERTEX_POINT('',#4971);
#1945=VERTEX_POINT('',#4973);
#1946=VERTEX_POINT('',#4987);
#1947=VERTEX_POINT('',#4988);
#1948=VERTEX_POINT('',#4992);
#1949=VERTEX_POINT('',#4994);
#1950=VERTEX_POINT('',#4999);
#1951=VERTEX_POINT('',#5000);
#1952=VERTEX_POINT('',#5002);
#1953=VERTEX_POINT('',#5004);
#1954=VERTEX_POINT('',#5016);
#1955=VERTEX_POINT('',#5017);
#1956=VERTEX_POINT('',#5021);
#1957=VERTEX_POINT('',#5023);
#1958=VERTEX_POINT('',#5028);
#1959=VERTEX_POINT('',#5029);
#1960=VERTEX_POINT('',#5031);
#1961=VERTEX_POINT('',#5033);
#1962=VERTEX_POINT('',#5045);
#1963=VERTEX_POINT('',#5047);
#1964=VERTEX_POINT('',#5049);
#1965=VERTEX_POINT('',#5051);
#1966=VERTEX_POINT('',#5055);
#1967=VERTEX_POINT('',#5056);
#1968=VERTEX_POINT('',#5058);
#1969=VERTEX_POINT('',#5060);
#1970=VERTEX_POINT('',#5074);
#1971=VERTEX_POINT('',#5076);
#1972=VERTEX_POINT('',#5078);
#1973=VERTEX_POINT('',#5080);
#1974=VERTEX_POINT('',#5084);
#1975=VERTEX_POINT('',#5085);
#1976=VERTEX_POINT('',#5087);
#1977=VERTEX_POINT('',#5089);
#1978=VERTEX_POINT('',#5103);
#1979=VERTEX_POINT('',#5104);
#1980=VERTEX_POINT('',#5108);
#1981=VERTEX_POINT('',#5110);
#1982=VERTEX_POINT('',#5115);
#1983=VERTEX_POINT('',#5116);
#1984=VERTEX_POINT('',#5118);
#1985=VERTEX_POINT('',#5120);
#1986=VERTEX_POINT('',#5132);
#1987=VERTEX_POINT('',#5133);
#1988=VERTEX_POINT('',#5137);
#1989=VERTEX_POINT('',#5139);
#1990=VERTEX_POINT('',#5144);
#1991=VERTEX_POINT('',#5145);
#1992=VERTEX_POINT('',#5147);
#1993=VERTEX_POINT('',#5149);
#1994=VERTEX_POINT('',#5161);
#1995=VERTEX_POINT('',#5163);
#1996=VERTEX_POINT('',#5165);
#1997=VERTEX_POINT('',#5167);
#1998=VERTEX_POINT('',#5171);
#1999=VERTEX_POINT('',#5172);
#2000=VERTEX_POINT('',#5174);
#2001=VERTEX_POINT('',#5176);
#2002=VERTEX_POINT('',#5190);
#2003=VERTEX_POINT('',#5192);
#2004=VERTEX_POINT('',#5194);
#2005=VERTEX_POINT('',#5196);
#2006=VERTEX_POINT('',#5200);
#2007=VERTEX_POINT('',#5201);
#2008=VERTEX_POINT('',#5203);
#2009=VERTEX_POINT('',#5205);
#2010=VERTEX_POINT('',#5219);
#2011=VERTEX_POINT('',#5220);
#2012=VERTEX_POINT('',#5224);
#2013=VERTEX_POINT('',#5226);
#2014=VERTEX_POINT('',#5231);
#2015=VERTEX_POINT('',#5232);
#2016=VERTEX_POINT('',#5234);
#2017=VERTEX_POINT('',#5236);
#2018=VERTEX_POINT('',#5248);
#2019=VERTEX_POINT('',#5249);
#2020=VERTEX_POINT('',#5253);
#2021=VERTEX_POINT('',#5255);
#2022=VERTEX_POINT('',#5260);
#2023=VERTEX_POINT('',#5261);
#2024=VERTEX_POINT('',#5263);
#2025=VERTEX_POINT('',#5265);
#2026=VERTEX_POINT('',#5277);
#2027=VERTEX_POINT('',#5278);
#2028=VERTEX_POINT('',#5280);
#2029=VERTEX_POINT('',#5282);
#2030=VERTEX_POINT('',#5287);
#2031=VERTEX_POINT('',#5289);
#2032=VERTEX_POINT('',#5291);
#2033=VERTEX_POINT('',#5293);
#2034=CIRCLE('',#3090,0.00115);
#2035=CIRCLE('',#3091,0.00115);
#2036=CIRCLE('',#3092,0.00115);
#2037=CIRCLE('',#3094,0.00115);
#2038=CIRCLE('',#3095,0.00115);
#2039=CIRCLE('',#3096,0.00115);
#2040=CIRCLE('',#3098,0.00115);
#2041=CIRCLE('',#3099,0.00115);
#2042=CIRCLE('',#3100,0.00115);
#2043=CIRCLE('',#3102,0.00115);
#2044=CIRCLE('',#3103,0.00115);
#2045=CIRCLE('',#3104,0.00115);
#2046=CIRCLE('',#3106,0.00225);
#2047=CIRCLE('',#3108,0.00225);
#2048=CIRCLE('',#3110,0.00225);
#2049=CIRCLE('',#3112,0.00225);
#2050=CIRCLE('',#3114,0.00115);
#2051=CIRCLE('',#3115,0.00115);
#2052=CIRCLE('',#3116,0.00115);
#2053=CIRCLE('',#3118,0.0018);
#2054=CIRCLE('',#3119,0.0018);
#2055=CIRCLE('',#3122,0.00115);
#2056=CIRCLE('',#3123,0.00115);
#2057=CIRCLE('',#3124,0.00115);
#2058=CIRCLE('',#3126,0.0018);
#2059=CIRCLE('',#3127,0.0018);
#2060=CIRCLE('',#3133,0.0018);
#2061=CIRCLE('',#3134,0.0018);
#2062=CIRCLE('',#3135,0.005);
#2063=CIRCLE('',#3136,0.005);
#2064=CIRCLE('',#3137,0.005);
#2065=CIRCLE('',#3138,0.005);
#2066=CIRCLE('',#3139,0.005);
#2067=CIRCLE('',#3140,0.005);
#2068=CIRCLE('',#3141,0.005);
#2069=CIRCLE('',#3142,0.005);
#2070=CIRCLE('',#3143,0.005);
#2071=CIRCLE('',#3144,0.005);
#2072=CIRCLE('',#3145,0.005);
#2073=CIRCLE('',#3146,0.005);
#2074=CIRCLE('',#3147,0.0018);
#2075=CIRCLE('',#3148,0.0018);
#2076=CIRCLE('',#3149,0.0018);
#2077=CIRCLE('',#3150,0.0018);
#2078=CIRCLE('',#3151,0.0018);
#2079=CIRCLE('',#3152,0.0018);
#2080=CIRCLE('',#3153,0.0018);
#2081=CIRCLE('',#3154,0.0018);
#2082=CIRCLE('',#3155,0.0018);
#2083=CIRCLE('',#3156,0.0018);
#2084=CIRCLE('',#3157,0.0018);
#2085=CIRCLE('',#3158,0.0018);
#2086=CIRCLE('',#3159,0.002375);
#2087=CIRCLE('',#3160,0.002375);
#2088=CIRCLE('',#3161,0.002375);
#2089=CIRCLE('',#3162,0.002375);
#2090=CIRCLE('',#3164,0.00115);
#2091=CIRCLE('',#3165,0.0018);
#2092=CIRCLE('',#3168,0.00115);
#2093=CIRCLE('',#3169,0.00115);
#2094=CIRCLE('',#3171,0.00115);
#2095=CIRCLE('',#3172,0.0018);
#2096=CIRCLE('',#3175,0.00115);
#2097=CIRCLE('',#3176,0.00115);
#2098=CIRCLE('',#3178,0.0018);
#2099=CIRCLE('',#3181,0.0018);
#2100=CIRCLE('',#3187,0.0018);
#2101=CIRCLE('',#3190,0.0018);
#2102=CIRCLE('',#3193,0.00115);
#2103=CIRCLE('',#3194,0.00115);
#2104=CIRCLE('',#3195,0.00115);
#2105=CIRCLE('',#3197,0.0018);
#2106=CIRCLE('',#3200,0.00115);
#2107=CIRCLE('',#3201,0.00115);
#2108=CIRCLE('',#3202,0.00115);
#2109=CIRCLE('',#3204,0.0018);
#2110=CIRCLE('',#3210,0.00115);
#2111=CIRCLE('',#3211,0.0018);
#2112=CIRCLE('',#3214,0.00115);
#2113=CIRCLE('',#3215,0.00115);
#2114=CIRCLE('',#3217,0.00115);
#2115=CIRCLE('',#3218,0.0018);
#2116=CIRCLE('',#3221,0.00115);
#2117=CIRCLE('',#3222,0.00115);
#2118=CIRCLE('',#3224,0.00115);
#2119=CIRCLE('',#3225,0.00115);
#2120=CIRCLE('',#3226,0.00115);
#2121=CIRCLE('',#3228,0.0018);
#2122=CIRCLE('',#3231,0.00115);
#2123=CIRCLE('',#3232,0.00115);
#2124=CIRCLE('',#3233,0.00115);
#2125=CIRCLE('',#3235,0.0018);
#2126=CIRCLE('',#3241,0.00115);
#2127=CIRCLE('',#3242,0.0018);
#2128=CIRCLE('',#3245,0.00115);
#2129=CIRCLE('',#3246,0.00115);
#2130=CIRCLE('',#3248,0.00115);
#2131=CIRCLE('',#3249,0.0018);
#2132=CIRCLE('',#3252,0.00115);
#2133=CIRCLE('',#3253,0.00115);
#2134=CIRCLE('',#3255,0.002375);
#2135=CIRCLE('',#3257,0.002375);
#2136=CIRCLE('',#3259,0.002375);
#2137=CIRCLE('',#3261,0.002375);
#2138=CIRCLE('',#3263,0.00225);
#2139=CIRCLE('',#3264,0.00225);
#2140=CIRCLE('',#3265,0.00225);
#2141=CIRCLE('',#3266,0.00225);
#2142=CIRCLE('',#3267,0.00225);
#2143=CIRCLE('',#3268,0.00225);
#2144=CIRCLE('',#3269,0.00225);
#2145=CIRCLE('',#3270,0.00225);
#2146=CIRCLE('',#3271,0.00225);
#2147=CIRCLE('',#3272,0.00225);
#2148=CIRCLE('',#3273,0.00225);
#2149=CIRCLE('',#3274,0.00225);
#2150=CIRCLE('',#3275,0.00225);
#2151=CIRCLE('',#3276,0.00225);
#2152=CIRCLE('',#3277,0.00225);
#2153=CIRCLE('',#3278,0.00225);
#2154=CIRCLE('',#3279,0.005);
#2155=CIRCLE('',#3280,0.005);
#2156=CIRCLE('',#3281,0.005);
#2157=CIRCLE('',#3282,0.005);
#2158=CIRCLE('',#3283,0.005);
#2159=CIRCLE('',#3284,0.005);
#2160=CIRCLE('',#3285,0.005);
#2161=CIRCLE('',#3286,0.005);
#2162=CIRCLE('',#3287,0.005);
#2163=CIRCLE('',#3288,0.005);
#2164=CIRCLE('',#3289,0.005);
#2165=CIRCLE('',#3290,0.005);
#2166=CIRCLE('',#3292,0.00225);
#2167=CIRCLE('',#3294,0.00225);
#2168=CIRCLE('',#3295,0.00225);
#2169=CIRCLE('',#3297,0.00225);
#2170=CIRCLE('',#3299,0.00225);
#2171=CIRCLE('',#3300,0.00225);
#2172=CIRCLE('',#3302,0.00225);
#2173=CIRCLE('',#3304,0.00225);
#2174=CIRCLE('',#3305,0.00225);
#2175=CIRCLE('',#3307,0.00225);
#2176=CIRCLE('',#3309,0.00225);
#2177=CIRCLE('',#3310,0.00225);
#2178=CIRCLE('',#3330,0.00225);
#2179=CIRCLE('',#3332,0.00225);
#2180=CIRCLE('',#3334,0.00225);
#2181=CIRCLE('',#3335,0.00225);
#2182=CIRCLE('',#3339,0.00225);
#2183=CIRCLE('',#3343,0.00225);
#2184=CIRCLE('',#3345,0.00225);
#2185=CIRCLE('',#3346,0.00225);
#2186=CIRCLE('',#3350,0.00225);
#2187=CIRCLE('',#3354,0.00225);
#2188=CIRCLE('',#3356,0.00225);
#2189=CIRCLE('',#3357,0.00225);
#2190=CIRCLE('',#3363,0.00225);
#2191=CIRCLE('',#3365,0.00225);
#2192=CIRCLE('',#3367,0.00225);
#2193=CIRCLE('',#3368,0.00225);
#2194=CIRCLE('',#3374,0.00225);
#2195=CIRCLE('',#3376,0.00225);
#2196=CIRCLE('',#3378,0.00225);
#2197=CIRCLE('',#3379,0.00225);
#2198=CIRCLE('',#3383,0.00225);
#2199=CIRCLE('',#3387,0.00225);
#2200=CIRCLE('',#3389,0.00225);
#2201=CIRCLE('',#3390,0.00225);
#2202=CIRCLE('',#3394,0.00225);
#2203=CIRCLE('',#3398,0.00225);
#2204=CIRCLE('',#3400,0.00225);
#2205=CIRCLE('',#3401,0.00225);
#2206=CIRCLE('',#3407,0.00225);
#2207=CIRCLE('',#3409,0.00225);
#2208=CIRCLE('',#3411,0.00225);
#2209=CIRCLE('',#3412,0.00225);
#2210=CIRCLE('',#3418,0.00225);
#2211=CIRCLE('',#3420,0.00225);
#2212=CIRCLE('',#3422,0.00225);
#2213=CIRCLE('',#3423,0.00225);
#2214=CIRCLE('',#3427,0.00225);
#2215=CIRCLE('',#3431,0.00225);
#2216=CIRCLE('',#3433,0.00225);
#2217=CIRCLE('',#3434,0.00225);
#2218=CIRCLE('',#3438,0.00225);
#2219=CIRCLE('',#3442,0.00225);
#2220=CIRCLE('',#3444,0.00225);
#2221=CIRCLE('',#3445,0.00225);
#2222=CIRCLE('',#3451,0.00225);
#2223=CIRCLE('',#3453,0.00225);
#2224=CIRCLE('',#3455,0.00225);
#2225=CIRCLE('',#3456,0.00225);
#2226=EDGE_LOOP('',(#554));
#2227=EDGE_LOOP('',(#555,#556));
#2228=EDGE_LOOP('',(#557));
#2229=EDGE_LOOP('',(#558,#559));
#2230=EDGE_LOOP('',(#560));
#2231=EDGE_LOOP('',(#561,#562));
#2232=EDGE_LOOP('',(#563));
#2233=EDGE_LOOP('',(#564,#565));
#2234=EDGE_LOOP('',(#566,#567));
#2235=EDGE_LOOP('',(#568,#569));
#2236=EDGE_LOOP('',(#570,#571));
#2237=EDGE_LOOP('',(#572,#573));
#2238=EDGE_LOOP('',(#574,#575));
#2239=EDGE_LOOP('',(#576));
#2240=EDGE_LOOP('',(#577));
#2241=EDGE_LOOP('',(#578));
#2242=EDGE_LOOP('',(#579));
#2243=EDGE_LOOP('',(#580));
#2244=EDGE_LOOP('',(#581,#582));
#2245=EDGE_LOOP('',(#583));
#2246=EDGE_LOOP('',(#584));
#2247=EDGE_LOOP('',(#585));
#2248=EDGE_LOOP('',(#586));
#2249=EDGE_LOOP('',(#587));
#2250=EDGE_LOOP('',(#588,#589,#590,#591));
#2251=EDGE_LOOP('',(#592,#593,#594,#595));
#2252=EDGE_LOOP('',(#596,#597,#598,#599));
#2253=EDGE_LOOP('',(#600));
#2254=EDGE_LOOP('',(#601));
#2255=EDGE_LOOP('',(#602));
#2256=EDGE_LOOP('',(#603));
#2257=EDGE_LOOP('',(#604,#605,#606,#607,#608,#609,#610,#611,#612,#613,#614,
#615,#616,#617,#618,#619,#620,#621,#622,#623,#624,#625,#626,#627));
#2258=EDGE_LOOP('',(#628));
#2259=EDGE_LOOP('',(#629));
#2260=EDGE_LOOP('',(#630));
#2261=EDGE_LOOP('',(#631));
#2262=EDGE_LOOP('',(#632));
#2263=EDGE_LOOP('',(#633));
#2264=EDGE_LOOP('',(#634));
#2265=EDGE_LOOP('',(#635));
#2266=EDGE_LOOP('',(#636));
#2267=EDGE_LOOP('',(#637));
#2268=EDGE_LOOP('',(#638));
#2269=EDGE_LOOP('',(#639));
#2270=EDGE_LOOP('',(#640));
#2271=EDGE_LOOP('',(#641));
#2272=EDGE_LOOP('',(#642));
#2273=EDGE_LOOP('',(#643));
#2274=EDGE_LOOP('',(#644));
#2275=EDGE_LOOP('',(#645));
#2276=EDGE_LOOP('',(#646));
#2277=EDGE_LOOP('',(#647));
#2278=EDGE_LOOP('',(#648,#649));
#2279=EDGE_LOOP('',(#650));
#2280=EDGE_LOOP('',(#651));
#2281=EDGE_LOOP('',(#652));
#2282=EDGE_LOOP('',(#653));
#2283=EDGE_LOOP('',(#654));
#2284=EDGE_LOOP('',(#655,#656));
#2285=EDGE_LOOP('',(#657));
#2286=EDGE_LOOP('',(#658));
#2287=EDGE_LOOP('',(#659));
#2288=EDGE_LOOP('',(#660));
#2289=EDGE_LOOP('',(#661));
#2290=EDGE_LOOP('',(#662));
#2291=EDGE_LOOP('',(#663));
#2292=EDGE_LOOP('',(#664));
#2293=EDGE_LOOP('',(#665));
#2294=EDGE_LOOP('',(#666,#667,#668,#669));
#2295=EDGE_LOOP('',(#670,#671,#672,#673));
#2296=EDGE_LOOP('',(#674,#675,#676,#677));
#2297=EDGE_LOOP('',(#678));
#2298=EDGE_LOOP('',(#679));
#2299=EDGE_LOOP('',(#680));
#2300=EDGE_LOOP('',(#681));
#2301=EDGE_LOOP('',(#682));
#2302=EDGE_LOOP('',(#683));
#2303=EDGE_LOOP('',(#684));
#2304=EDGE_LOOP('',(#685));
#2305=EDGE_LOOP('',(#686,#687));
#2306=EDGE_LOOP('',(#688));
#2307=EDGE_LOOP('',(#689));
#2308=EDGE_LOOP('',(#690));
#2309=EDGE_LOOP('',(#691));
#2310=EDGE_LOOP('',(#692));
#2311=EDGE_LOOP('',(#693,#694));
#2312=EDGE_LOOP('',(#695));
#2313=EDGE_LOOP('',(#696));
#2314=EDGE_LOOP('',(#697));
#2315=EDGE_LOOP('',(#698));
#2316=EDGE_LOOP('',(#699));
#2317=EDGE_LOOP('',(#700,#701,#702,#703));
#2318=EDGE_LOOP('',(#704,#705,#706,#707));
#2319=EDGE_LOOP('',(#708,#709,#710,#711));
#2320=EDGE_LOOP('',(#712));
#2321=EDGE_LOOP('',(#713));
#2322=EDGE_LOOP('',(#714));
#2323=EDGE_LOOP('',(#715));
#2324=EDGE_LOOP('',(#716,#717));
#2325=EDGE_LOOP('',(#718));
#2326=EDGE_LOOP('',(#719));
#2327=EDGE_LOOP('',(#720));
#2328=EDGE_LOOP('',(#721));
#2329=EDGE_LOOP('',(#722));
#2330=EDGE_LOOP('',(#723,#724));
#2331=EDGE_LOOP('',(#725));
#2332=EDGE_LOOP('',(#726,#727));
#2333=EDGE_LOOP('',(#728));
#2334=EDGE_LOOP('',(#729));
#2335=EDGE_LOOP('',(#730));
#2336=EDGE_LOOP('',(#731));
#2337=EDGE_LOOP('',(#732));
#2338=EDGE_LOOP('',(#733,#734));
#2339=EDGE_LOOP('',(#735));
#2340=EDGE_LOOP('',(#736));
#2341=EDGE_LOOP('',(#737));
#2342=EDGE_LOOP('',(#738));
#2343=EDGE_LOOP('',(#739));
#2344=EDGE_LOOP('',(#740,#741,#742,#743));
#2345=EDGE_LOOP('',(#744,#745,#746,#747));
#2346=EDGE_LOOP('',(#748,#749,#750,#751));
#2347=EDGE_LOOP('',(#752));
#2348=EDGE_LOOP('',(#753));
#2349=EDGE_LOOP('',(#754));
#2350=EDGE_LOOP('',(#755));
#2351=EDGE_LOOP('',(#756,#757));
#2352=EDGE_LOOP('',(#758));
#2353=EDGE_LOOP('',(#759));
#2354=EDGE_LOOP('',(#760));
#2355=EDGE_LOOP('',(#761));
#2356=EDGE_LOOP('',(#762));
#2357=EDGE_LOOP('',(#763,#764));
#2358=EDGE_LOOP('',(#765));
#2359=EDGE_LOOP('',(#766));
#2360=EDGE_LOOP('',(#767));
#2361=EDGE_LOOP('',(#768));
#2362=EDGE_LOOP('',(#769));
#2363=EDGE_LOOP('',(#770));
#2364=EDGE_LOOP('',(#771));
#2365=EDGE_LOOP('',(#772));
#2366=EDGE_LOOP('',(#773));
#2367=EDGE_LOOP('',(#774));
#2368=EDGE_LOOP('',(#775));
#2369=EDGE_LOOP('',(#776));
#2370=EDGE_LOOP('',(#777));
#2371=EDGE_LOOP('',(#778));
#2372=EDGE_LOOP('',(#779));
#2373=EDGE_LOOP('',(#780));
#2374=EDGE_LOOP('',(#781));
#2375=EDGE_LOOP('',(#782));
#2376=EDGE_LOOP('',(#783));
#2377=EDGE_LOOP('',(#784));
#2378=EDGE_LOOP('',(#785));
#2379=EDGE_LOOP('',(#786));
#2380=EDGE_LOOP('',(#787));
#2381=EDGE_LOOP('',(#788));
#2382=EDGE_LOOP('',(#789));
#2383=EDGE_LOOP('',(#790,#791,#792,#793,#794,#795,#796,#797,#798,#799,#800,
#801,#802,#803,#804,#805,#806,#807,#808,#809,#810,#811,#812,#813));
#2384=EDGE_LOOP('',(#814));
#2385=EDGE_LOOP('',(#815));
#2386=EDGE_LOOP('',(#816));
#2387=EDGE_LOOP('',(#817));
#2388=EDGE_LOOP('',(#818,#819));
#2389=EDGE_LOOP('',(#820,#821,#822,#823,#824,#825,#826,#827));
#2390=EDGE_LOOP('',(#828));
#2391=EDGE_LOOP('',(#829,#830));
#2392=EDGE_LOOP('',(#831,#832,#833,#834,#835,#836,#837,#838));
#2393=EDGE_LOOP('',(#839));
#2394=EDGE_LOOP('',(#840,#841));
#2395=EDGE_LOOP('',(#842,#843,#844,#845,#846,#847,#848,#849));
#2396=EDGE_LOOP('',(#850));
#2397=EDGE_LOOP('',(#851,#852));
#2398=EDGE_LOOP('',(#853,#854,#855,#856,#857,#858,#859,#860));
#2399=EDGE_LOOP('',(#861));
#2400=EDGE_LOOP('',(#862,#863,#864,#865,#866));
#2401=EDGE_LOOP('',(#867,#868,#869,#870,#871));
#2402=EDGE_LOOP('',(#872,#873,#874,#875));
#2403=EDGE_LOOP('',(#876,#877,#878,#879));
#2404=EDGE_LOOP('',(#880,#881,#882,#883,#884));
#2405=EDGE_LOOP('',(#885,#886,#887,#888,#889));
#2406=EDGE_LOOP('',(#890,#891,#892,#893));
#2407=EDGE_LOOP('',(#894,#895,#896,#897));
#2408=EDGE_LOOP('',(#898,#899,#900,#901,#902));
#2409=EDGE_LOOP('',(#903,#904,#905,#906,#907));
#2410=EDGE_LOOP('',(#908,#909,#910,#911));
#2411=EDGE_LOOP('',(#912,#913,#914,#915));
#2412=EDGE_LOOP('',(#916,#917,#918,#919,#920));
#2413=EDGE_LOOP('',(#921,#922,#923,#924,#925));
#2414=EDGE_LOOP('',(#926,#927,#928,#929));
#2415=EDGE_LOOP('',(#930,#931,#932,#933));
#2416=EDGE_LOOP('',(#934,#935,#936,#937,#938));
#2417=EDGE_LOOP('',(#939,#940,#941,#942,#943));
#2418=EDGE_LOOP('',(#944,#945));
#2419=EDGE_LOOP('',(#946,#947));
#2420=EDGE_LOOP('',(#948,#949,#950,#951,#952,#953,#954,#955));
#2421=EDGE_LOOP('',(#956));
#2422=EDGE_LOOP('',(#957,#958,#959,#960));
#2423=EDGE_LOOP('',(#961,#962,#963,#964));
#2424=EDGE_LOOP('',(#965,#966));
#2425=EDGE_LOOP('',(#967,#968,#969,#970,#971));
#2426=EDGE_LOOP('',(#972,#973,#974,#975,#976));
#2427=EDGE_LOOP('',(#977,#978));
#2428=EDGE_LOOP('',(#979,#980,#981,#982,#983,#984,#985,#986));
#2429=EDGE_LOOP('',(#987));
#2430=EDGE_LOOP('',(#988,#989,#990,#991));
#2431=EDGE_LOOP('',(#992,#993,#994,#995));
#2432=EDGE_LOOP('',(#996,#997));
#2433=EDGE_LOOP('',(#998,#999,#1000,#1001,#1002));
#2434=EDGE_LOOP('',(#1003,#1004,#1005,#1006,#1007));
#2435=EDGE_LOOP('',(#1008,#1009));
#2436=EDGE_LOOP('',(#1010,#1011,#1012,#1013,#1014,#1015,#1016,#1017));
#2437=EDGE_LOOP('',(#1018));
#2438=EDGE_LOOP('',(#1019,#1020,#1021,#1022));
#2439=EDGE_LOOP('',(#1023,#1024,#1025,#1026));
#2440=EDGE_LOOP('',(#1027,#1028,#1029,#1030,#1031));
#2441=EDGE_LOOP('',(#1032,#1033,#1034,#1035,#1036));
#2442=EDGE_LOOP('',(#1037,#1038));
#2443=EDGE_LOOP('',(#1039,#1040));
#2444=EDGE_LOOP('',(#1041,#1042,#1043,#1044,#1045,#1046,#1047,#1048));
#2445=EDGE_LOOP('',(#1049));
#2446=EDGE_LOOP('',(#1050,#1051,#1052,#1053));
#2447=EDGE_LOOP('',(#1054,#1055,#1056,#1057));
#2448=EDGE_LOOP('',(#1058,#1059,#1060,#1061,#1062));
#2449=EDGE_LOOP('',(#1063,#1064,#1065,#1066,#1067));
#2450=EDGE_LOOP('',(#1068,#1069));
#2451=EDGE_LOOP('',(#1070,#1071));
#2452=EDGE_LOOP('',(#1072,#1073,#1074,#1075,#1076,#1077,#1078,#1079));
#2453=EDGE_LOOP('',(#1080));
#2454=EDGE_LOOP('',(#1081,#1082,#1083,#1084));
#2455=EDGE_LOOP('',(#1085,#1086,#1087,#1088));
#2456=EDGE_LOOP('',(#1089,#1090));
#2457=EDGE_LOOP('',(#1091,#1092,#1093,#1094,#1095));
#2458=EDGE_LOOP('',(#1096,#1097,#1098,#1099,#1100));
#2459=EDGE_LOOP('',(#1101,#1102));
#2460=EDGE_LOOP('',(#1103,#1104,#1105,#1106,#1107,#1108,#1109,#1110));
#2461=EDGE_LOOP('',(#1111));
#2462=EDGE_LOOP('',(#1112,#1113,#1114,#1115));
#2463=EDGE_LOOP('',(#1116,#1117,#1118,#1119));
#2464=EDGE_LOOP('',(#1120,#1121));
#2465=EDGE_LOOP('',(#1122,#1123,#1124,#1125,#1126));
#2466=EDGE_LOOP('',(#1127,#1128,#1129,#1130,#1131));
#2467=EDGE_LOOP('',(#1132,#1133));
#2468=EDGE_LOOP('',(#1134,#1135,#1136,#1137,#1138,#1139,#1140,#1141));
#2469=EDGE_LOOP('',(#1142));
#2470=EDGE_LOOP('',(#1143,#1144,#1145,#1146));
#2471=EDGE_LOOP('',(#1147,#1148,#1149,#1150));
#2472=EDGE_LOOP('',(#1151,#1152,#1153,#1154,#1155));
#2473=EDGE_LOOP('',(#1156,#1157,#1158,#1159,#1160));
#2474=EDGE_LOOP('',(#1161,#1162));
#2475=EDGE_LOOP('',(#1163,#1164));
#2476=EDGE_LOOP('',(#1165,#1166,#1167,#1168,#1169,#1170,#1171,#1172));
#2477=EDGE_LOOP('',(#1173));
#2478=EDGE_LOOP('',(#1174,#1175,#1176,#1177));
#2479=EDGE_LOOP('',(#1178,#1179,#1180,#1181));
#2480=EDGE_LOOP('',(#1182,#1183,#1184,#1185,#1186));
#2481=EDGE_LOOP('',(#1187,#1188,#1189,#1190,#1191));
#2482=EDGE_LOOP('',(#1192,#1193));
#2483=EDGE_LOOP('',(#1194,#1195));
#2484=EDGE_LOOP('',(#1196,#1197,#1198,#1199,#1200,#1201,#1202,#1203));
#2485=EDGE_LOOP('',(#1204));
#2486=EDGE_LOOP('',(#1205,#1206,#1207,#1208));
#2487=EDGE_LOOP('',(#1209,#1210,#1211,#1212));
#2488=EDGE_LOOP('',(#1213,#1214));
#2489=EDGE_LOOP('',(#1215,#1216,#1217,#1218,#1219));
#2490=EDGE_LOOP('',(#1220,#1221,#1222,#1223,#1224));
#2491=EDGE_LOOP('',(#1225,#1226));
#2492=EDGE_LOOP('',(#1227,#1228,#1229,#1230,#1231,#1232,#1233,#1234));
#2493=EDGE_LOOP('',(#1235));
#2494=EDGE_LOOP('',(#1236,#1237,#1238,#1239));
#2495=EDGE_LOOP('',(#1240,#1241,#1242,#1243));
#2496=EDGE_LOOP('',(#1244,#1245));
#2497=EDGE_LOOP('',(#1246,#1247,#1248,#1249,#1250));
#2498=EDGE_LOOP('',(#1251,#1252,#1253,#1254,#1255));
#2499=EDGE_LOOP('',(#1256,#1257));
#2500=EDGE_LOOP('',(#1258,#1259,#1260,#1261,#1262,#1263,#1264,#1265));
#2501=EDGE_LOOP('',(#1266));
#2502=EDGE_LOOP('',(#1267,#1268,#1269,#1270));
#2503=EDGE_LOOP('',(#1271,#1272,#1273,#1274));
#2504=EDGE_LOOP('',(#1275,#1276,#1277,#1278,#1279));
#2505=EDGE_LOOP('',(#1280,#1281,#1282,#1283,#1284));
#2506=EDGE_LOOP('',(#1285,#1286));
#2507=EDGE_LOOP('',(#1287,#1288));
#2508=EDGE_LOOP('',(#1289,#1290,#1291,#1292,#1293,#1294,#1295,#1296));
#2509=EDGE_LOOP('',(#1297));
#2510=EDGE_LOOP('',(#1298,#1299,#1300,#1301));
#2511=EDGE_LOOP('',(#1302,#1303,#1304,#1305));
#2512=EDGE_LOOP('',(#1306,#1307,#1308,#1309));
#2513=EDGE_LOOP('',(#1310,#1311,#1312,#1313));
#2514=EDGE_LOOP('',(#1314,#1315,#1316,#1317));
#2515=EDGE_LOOP('',(#1318,#1319,#1320,#1321));
#2516=EDGE_LOOP('',(#1322,#1323,#1324,#1325));
#2517=EDGE_LOOP('',(#1326,#1327,#1328,#1329));
#2518=EDGE_LOOP('',(#1330,#1331,#1332,#1333));
#2519=EDGE_LOOP('',(#1334,#1335,#1336,#1337));
#2520=EDGE_LOOP('',(#1338,#1339,#1340,#1341));
#2521=EDGE_LOOP('',(#1342,#1343,#1344,#1345));
#2522=EDGE_LOOP('',(#1346,#1347,#1348,#1349));
#2523=EDGE_LOOP('',(#1350,#1351,#1352,#1353));
#2524=FACE_BOUND('',#2226,.T.);
#2525=FACE_BOUND('',#2227,.T.);
#2526=FACE_BOUND('',#2228,.T.);
#2527=FACE_BOUND('',#2229,.T.);
#2528=FACE_BOUND('',#2230,.T.);
#2529=FACE_BOUND('',#2231,.T.);
#2530=FACE_BOUND('',#2232,.T.);
#2531=FACE_BOUND('',#2233,.T.);
#2532=FACE_BOUND('',#2234,.T.);
#2533=FACE_BOUND('',#2235,.T.);
#2534=FACE_BOUND('',#2236,.T.);
#2535=FACE_BOUND('',#2237,.T.);
#2536=FACE_BOUND('',#2238,.T.);
#2537=FACE_BOUND('',#2239,.T.);
#2538=FACE_BOUND('',#2240,.T.);
#2539=FACE_BOUND('',#2241,.T.);
#2540=FACE_BOUND('',#2242,.T.);
#2541=FACE_BOUND('',#2243,.T.);
#2542=FACE_BOUND('',#2244,.T.);
#2543=FACE_BOUND('',#2245,.T.);
#2544=FACE_BOUND('',#2246,.T.);
#2545=FACE_BOUND('',#2247,.T.);
#2546=FACE_BOUND('',#2248,.T.);
#2547=FACE_BOUND('',#2249,.T.);
#2548=FACE_BOUND('',#2250,.T.);
#2549=FACE_BOUND('',#2251,.T.);
#2550=FACE_BOUND('',#2252,.T.);
#2551=FACE_BOUND('',#2253,.T.);
#2552=FACE_BOUND('',#2254,.T.);
#2553=FACE_BOUND('',#2255,.T.);
#2554=FACE_BOUND('',#2256,.T.);
#2555=FACE_BOUND('',#2257,.T.);
#2556=FACE_BOUND('',#2258,.T.);
#2557=FACE_BOUND('',#2259,.T.);
#2558=FACE_BOUND('',#2260,.T.);
#2559=FACE_BOUND('',#2261,.T.);
#2560=FACE_BOUND('',#2262,.T.);
#2561=FACE_BOUND('',#2263,.T.);
#2562=FACE_BOUND('',#2264,.T.);
#2563=FACE_BOUND('',#2265,.T.);
#2564=FACE_BOUND('',#2266,.T.);
#2565=FACE_BOUND('',#2267,.T.);
#2566=FACE_BOUND('',#2268,.T.);
#2567=FACE_BOUND('',#2269,.T.);
#2568=FACE_BOUND('',#2270,.T.);
#2569=FACE_BOUND('',#2271,.T.);
#2570=FACE_BOUND('',#2272,.T.);
#2571=FACE_BOUND('',#2273,.T.);
#2572=FACE_BOUND('',#2274,.T.);
#2573=FACE_BOUND('',#2275,.T.);
#2574=FACE_BOUND('',#2276,.T.);
#2575=FACE_BOUND('',#2277,.T.);
#2576=FACE_BOUND('',#2278,.T.);
#2577=FACE_BOUND('',#2279,.T.);
#2578=FACE_BOUND('',#2280,.T.);
#2579=FACE_BOUND('',#2281,.T.);
#2580=FACE_BOUND('',#2282,.T.);
#2581=FACE_BOUND('',#2283,.T.);
#2582=FACE_BOUND('',#2284,.T.);
#2583=FACE_BOUND('',#2285,.T.);
#2584=FACE_BOUND('',#2286,.T.);
#2585=FACE_BOUND('',#2287,.T.);
#2586=FACE_BOUND('',#2288,.T.);
#2587=FACE_BOUND('',#2289,.T.);
#2588=FACE_BOUND('',#2290,.T.);
#2589=FACE_BOUND('',#2291,.T.);
#2590=FACE_BOUND('',#2292,.T.);
#2591=FACE_BOUND('',#2293,.T.);
#2592=FACE_BOUND('',#2294,.T.);
#2593=FACE_BOUND('',#2295,.T.);
#2594=FACE_BOUND('',#2296,.T.);
#2595=FACE_BOUND('',#2297,.T.);
#2596=FACE_BOUND('',#2298,.T.);
#2597=FACE_BOUND('',#2299,.T.);
#2598=FACE_BOUND('',#2300,.T.);
#2599=FACE_BOUND('',#2301,.T.);
#2600=FACE_BOUND('',#2302,.T.);
#2601=FACE_BOUND('',#2303,.T.);
#2602=FACE_BOUND('',#2304,.T.);
#2603=FACE_BOUND('',#2305,.T.);
#2604=FACE_BOUND('',#2306,.T.);
#2605=FACE_BOUND('',#2307,.T.);
#2606=FACE_BOUND('',#2308,.T.);
#2607=FACE_BOUND('',#2309,.T.);
#2608=FACE_BOUND('',#2310,.T.);
#2609=FACE_BOUND('',#2311,.T.);
#2610=FACE_BOUND('',#2312,.T.);
#2611=FACE_BOUND('',#2313,.T.);
#2612=FACE_BOUND('',#2314,.T.);
#2613=FACE_BOUND('',#2315,.T.);
#2614=FACE_BOUND('',#2316,.T.);
#2615=FACE_BOUND('',#2317,.T.);
#2616=FACE_BOUND('',#2318,.T.);
#2617=FACE_BOUND('',#2319,.T.);
#2618=FACE_BOUND('',#2320,.T.);
#2619=FACE_BOUND('',#2321,.T.);
#2620=FACE_BOUND('',#2322,.T.);
#2621=FACE_BOUND('',#2323,.T.);
#2622=FACE_BOUND('',#2324,.T.);
#2623=FACE_BOUND('',#2325,.T.);
#2624=FACE_BOUND('',#2326,.T.);
#2625=FACE_BOUND('',#2327,.T.);
#2626=FACE_BOUND('',#2328,.T.);
#2627=FACE_BOUND('',#2329,.T.);
#2628=FACE_BOUND('',#2330,.T.);
#2629=FACE_BOUND('',#2331,.T.);
#2630=FACE_BOUND('',#2332,.T.);
#2631=FACE_BOUND('',#2333,.T.);
#2632=FACE_BOUND('',#2334,.T.);
#2633=FACE_BOUND('',#2335,.T.);
#2634=FACE_BOUND('',#2336,.T.);
#2635=FACE_BOUND('',#2337,.T.);
#2636=FACE_BOUND('',#2338,.T.);
#2637=FACE_BOUND('',#2339,.T.);
#2638=FACE_BOUND('',#2340,.T.);
#2639=FACE_BOUND('',#2341,.T.);
#2640=FACE_BOUND('',#2342,.T.);
#2641=FACE_BOUND('',#2343,.T.);
#2642=FACE_BOUND('',#2344,.T.);
#2643=FACE_BOUND('',#2345,.T.);
#2644=FACE_BOUND('',#2346,.T.);
#2645=FACE_BOUND('',#2347,.T.);
#2646=FACE_BOUND('',#2348,.T.);
#2647=FACE_BOUND('',#2349,.T.);
#2648=FACE_BOUND('',#2350,.T.);
#2649=FACE_BOUND('',#2351,.T.);
#2650=FACE_BOUND('',#2352,.T.);
#2651=FACE_BOUND('',#2353,.T.);
#2652=FACE_BOUND('',#2354,.T.);
#2653=FACE_BOUND('',#2355,.T.);
#2654=FACE_BOUND('',#2356,.T.);
#2655=FACE_BOUND('',#2357,.T.);
#2656=FACE_BOUND('',#2358,.T.);
#2657=FACE_BOUND('',#2359,.T.);
#2658=FACE_BOUND('',#2360,.T.);
#2659=FACE_BOUND('',#2361,.T.);
#2660=FACE_BOUND('',#2362,.T.);
#2661=FACE_BOUND('',#2363,.T.);
#2662=FACE_BOUND('',#2364,.T.);
#2663=FACE_BOUND('',#2365,.T.);
#2664=FACE_BOUND('',#2366,.T.);
#2665=FACE_BOUND('',#2367,.T.);
#2666=FACE_BOUND('',#2368,.T.);
#2667=FACE_BOUND('',#2369,.T.);
#2668=FACE_BOUND('',#2370,.T.);
#2669=FACE_BOUND('',#2371,.T.);
#2670=FACE_BOUND('',#2372,.T.);
#2671=FACE_BOUND('',#2373,.T.);
#2672=FACE_BOUND('',#2374,.T.);
#2673=FACE_BOUND('',#2375,.T.);
#2674=FACE_BOUND('',#2376,.T.);
#2675=FACE_BOUND('',#2377,.T.);
#2676=FACE_BOUND('',#2378,.T.);
#2677=FACE_BOUND('',#2379,.T.);
#2678=FACE_BOUND('',#2380,.T.);
#2679=FACE_BOUND('',#2381,.T.);
#2680=FACE_BOUND('',#2382,.T.);
#2681=FACE_BOUND('',#2383,.T.);
#2682=FACE_BOUND('',#2384,.T.);
#2683=FACE_BOUND('',#2385,.T.);
#2684=FACE_BOUND('',#2386,.T.);
#2685=FACE_BOUND('',#2387,.T.);
#2686=FACE_BOUND('',#2388,.T.);
#2687=FACE_BOUND('',#2389,.T.);
#2688=FACE_BOUND('',#2390,.T.);
#2689=FACE_BOUND('',#2391,.T.);
#2690=FACE_BOUND('',#2392,.T.);
#2691=FACE_BOUND('',#2393,.T.);
#2692=FACE_BOUND('',#2394,.T.);
#2693=FACE_BOUND('',#2395,.T.);
#2694=FACE_BOUND('',#2396,.T.);
#2695=FACE_BOUND('',#2397,.T.);
#2696=FACE_BOUND('',#2398,.T.);
#2697=FACE_BOUND('',#2399,.T.);
#2698=FACE_BOUND('',#2400,.T.);
#2699=FACE_BOUND('',#2401,.T.);
#2700=FACE_BOUND('',#2402,.T.);
#2701=FACE_BOUND('',#2403,.T.);
#2702=FACE_BOUND('',#2404,.T.);
#2703=FACE_BOUND('',#2405,.T.);
#2704=FACE_BOUND('',#2406,.T.);
#2705=FACE_BOUND('',#2407,.T.);
#2706=FACE_BOUND('',#2408,.T.);
#2707=FACE_BOUND('',#2409,.T.);
#2708=FACE_BOUND('',#2410,.T.);
#2709=FACE_BOUND('',#2411,.T.);
#2710=FACE_BOUND('',#2412,.T.);
#2711=FACE_BOUND('',#2413,.T.);
#2712=FACE_BOUND('',#2414,.T.);
#2713=FACE_BOUND('',#2415,.T.);
#2714=FACE_BOUND('',#2416,.T.);
#2715=FACE_BOUND('',#2417,.T.);
#2716=FACE_BOUND('',#2418,.T.);
#2717=FACE_BOUND('',#2419,.T.);
#2718=FACE_BOUND('',#2420,.T.);
#2719=FACE_BOUND('',#2421,.T.);
#2720=FACE_BOUND('',#2422,.T.);
#2721=FACE_BOUND('',#2423,.T.);
#2722=FACE_BOUND('',#2424,.T.);
#2723=FACE_BOUND('',#2425,.T.);
#2724=FACE_BOUND('',#2426,.T.);
#2725=FACE_BOUND('',#2427,.T.);
#2726=FACE_BOUND('',#2428,.T.);
#2727=FACE_BOUND('',#2429,.T.);
#2728=FACE_BOUND('',#2430,.T.);
#2729=FACE_BOUND('',#2431,.T.);
#2730=FACE_BOUND('',#2432,.T.);
#2731=FACE_BOUND('',#2433,.T.);
#2732=FACE_BOUND('',#2434,.T.);
#2733=FACE_BOUND('',#2435,.T.);
#2734=FACE_BOUND('',#2436,.T.);
#2735=FACE_BOUND('',#2437,.T.);
#2736=FACE_BOUND('',#2438,.T.);
#2737=FACE_BOUND('',#2439,.T.);
#2738=FACE_BOUND('',#2440,.T.);
#2739=FACE_BOUND('',#2441,.T.);
#2740=FACE_BOUND('',#2442,.T.);
#2741=FACE_BOUND('',#2443,.T.);
#2742=FACE_BOUND('',#2444,.T.);
#2743=FACE_BOUND('',#2445,.T.);
#2744=FACE_BOUND('',#2446,.T.);
#2745=FACE_BOUND('',#2447,.T.);
#2746=FACE_BOUND('',#2448,.T.);
#2747=FACE_BOUND('',#2449,.T.);
#2748=FACE_BOUND('',#2450,.T.);
#2749=FACE_BOUND('',#2451,.T.);
#2750=FACE_BOUND('',#2452,.T.);
#2751=FACE_BOUND('',#2453,.T.);
#2752=FACE_BOUND('',#2454,.T.);
#2753=FACE_BOUND('',#2455,.T.);
#2754=FACE_BOUND('',#2456,.T.);
#2755=FACE_BOUND('',#2457,.T.);
#2756=FACE_BOUND('',#2458,.T.);
#2757=FACE_BOUND('',#2459,.T.);
#2758=FACE_BOUND('',#2460,.T.);
#2759=FACE_BOUND('',#2461,.T.);
#2760=FACE_BOUND('',#2462,.T.);
#2761=FACE_BOUND('',#2463,.T.);
#2762=FACE_BOUND('',#2464,.T.);
#2763=FACE_BOUND('',#2465,.T.);
#2764=FACE_BOUND('',#2466,.T.);
#2765=FACE_BOUND('',#2467,.T.);
#2766=FACE_BOUND('',#2468,.T.);
#2767=FACE_BOUND('',#2469,.T.);
#2768=FACE_BOUND('',#2470,.T.);
#2769=FACE_BOUND('',#2471,.T.);
#2770=FACE_BOUND('',#2472,.T.);
#2771=FACE_BOUND('',#2473,.T.);
#2772=FACE_BOUND('',#2474,.T.);
#2773=FACE_BOUND('',#2475,.T.);
#2774=FACE_BOUND('',#2476,.T.);
#2775=FACE_BOUND('',#2477,.T.);
#2776=FACE_BOUND('',#2478,.T.);
#2777=FACE_BOUND('',#2479,.T.);
#2778=FACE_BOUND('',#2480,.T.);
#2779=FACE_BOUND('',#2481,.T.);
#2780=FACE_BOUND('',#2482,.T.);
#2781=FACE_BOUND('',#2483,.T.);
#2782=FACE_BOUND('',#2484,.T.);
#2783=FACE_BOUND('',#2485,.T.);
#2784=FACE_BOUND('',#2486,.T.);
#2785=FACE_BOUND('',#2487,.T.);
#2786=FACE_BOUND('',#2488,.T.);
#2787=FACE_BOUND('',#2489,.T.);
#2788=FACE_BOUND('',#2490,.T.);
#2789=FACE_BOUND('',#2491,.T.);
#2790=FACE_BOUND('',#2492,.T.);
#2791=FACE_BOUND('',#2493,.T.);
#2792=FACE_BOUND('',#2494,.T.);
#2793=FACE_BOUND('',#2495,.T.);
#2794=FACE_BOUND('',#2496,.T.);
#2795=FACE_BOUND('',#2497,.T.);
#2796=FACE_BOUND('',#2498,.T.);
#2797=FACE_BOUND('',#2499,.T.);
#2798=FACE_BOUND('',#2500,.T.);
#2799=FACE_BOUND('',#2501,.T.);
#2800=FACE_BOUND('',#2502,.T.);
#2801=FACE_BOUND('',#2503,.T.);
#2802=FACE_BOUND('',#2504,.T.);
#2803=FACE_BOUND('',#2505,.T.);
#2804=FACE_BOUND('',#2506,.T.);
#2805=FACE_BOUND('',#2507,.T.);
#2806=FACE_BOUND('',#2508,.T.);
#2807=FACE_BOUND('',#2509,.T.);
#2808=FACE_BOUND('',#2510,.T.);
#2809=FACE_BOUND('',#2511,.T.);
#2810=FACE_BOUND('',#2512,.T.);
#2811=FACE_BOUND('',#2513,.T.);
#2812=FACE_BOUND('',#2514,.T.);
#2813=FACE_BOUND('',#2515,.T.);
#2814=FACE_BOUND('',#2516,.T.);
#2815=FACE_BOUND('',#2517,.T.);
#2816=FACE_BOUND('',#2518,.T.);
#2817=FACE_BOUND('',#2519,.T.);
#2818=FACE_BOUND('',#2520,.T.);
#2819=FACE_BOUND('',#2521,.T.);
#2820=FACE_BOUND('',#2522,.T.);
#2821=FACE_BOUND('',#2523,.T.);
#2822=CYLINDRICAL_SURFACE('',#3089,0.00115);
#2823=CYLINDRICAL_SURFACE('',#3093,0.00115);
#2824=CYLINDRICAL_SURFACE('',#3097,0.00115);
#2825=CYLINDRICAL_SURFACE('',#3101,0.00115);
#2826=CYLINDRICAL_SURFACE('',#3113,0.00115);
#2827=CYLINDRICAL_SURFACE('',#3117,0.0018);
#2828=CYLINDRICAL_SURFACE('',#3121,0.00115);
#2829=CYLINDRICAL_SURFACE('',#3125,0.0018);
#2830=CYLINDRICAL_SURFACE('',#3166,0.0018);
#2831=CYLINDRICAL_SURFACE('',#3167,0.00115);
#2832=CYLINDRICAL_SURFACE('',#3173,0.0018);
#2833=CYLINDRICAL_SURFACE('',#3174,0.00115);
#2834=CYLINDRICAL_SURFACE('',#3177,0.0018);
#2835=CYLINDRICAL_SURFACE('',#3180,0.0018);
#2836=CYLINDRICAL_SURFACE('',#3188,0.0018);
#2837=CYLINDRICAL_SURFACE('',#3191,0.0018);
#2838=CYLINDRICAL_SURFACE('',#3192,0.00115);
#2839=CYLINDRICAL_SURFACE('',#3196,0.0018);
#2840=CYLINDRICAL_SURFACE('',#3199,0.00115);
#2841=CYLINDRICAL_SURFACE('',#3203,0.0018);
#2842=CYLINDRICAL_SURFACE('',#3212,0.0018);
#2843=CYLINDRICAL_SURFACE('',#3213,0.00115);
#2844=CYLINDRICAL_SURFACE('',#3219,0.0018);
#2845=CYLINDRICAL_SURFACE('',#3220,0.00115);
#2846=CYLINDRICAL_SURFACE('',#3223,0.00115);
#2847=CYLINDRICAL_SURFACE('',#3227,0.0018);
#2848=CYLINDRICAL_SURFACE('',#3230,0.00115);
#2849=CYLINDRICAL_SURFACE('',#3234,0.0018);
#2850=CYLINDRICAL_SURFACE('',#3243,0.0018);
#2851=CYLINDRICAL_SURFACE('',#3244,0.00115);
#2852=CYLINDRICAL_SURFACE('',#3250,0.0018);
#2853=CYLINDRICAL_SURFACE('',#3251,0.00115);
#2854=CYLINDRICAL_SURFACE('',#3254,0.002375);
#2855=CYLINDRICAL_SURFACE('',#3256,0.002375);
#2856=CYLINDRICAL_SURFACE('',#3258,0.002375);
#2857=CYLINDRICAL_SURFACE('',#3260,0.002375);
#2858=CYLINDRICAL_SURFACE('',#3293,0.00225);
#2859=CYLINDRICAL_SURFACE('',#3298,0.00225);
#2860=CYLINDRICAL_SURFACE('',#3303,0.00225);
#2861=CYLINDRICAL_SURFACE('',#3308,0.00225);
#2862=CYLINDRICAL_SURFACE('',#3333,0.00225);
#2863=CYLINDRICAL_SURFACE('',#3344,0.00225);
#2864=CYLINDRICAL_SURFACE('',#3355,0.00225);
#2865=CYLINDRICAL_SURFACE('',#3366,0.00225);
#2866=CYLINDRICAL_SURFACE('',#3377,0.00225);
#2867=CYLINDRICAL_SURFACE('',#3388,0.00225);
#2868=CYLINDRICAL_SURFACE('',#3399,0.00225);
#2869=CYLINDRICAL_SURFACE('',#3410,0.00225);
#2870=CYLINDRICAL_SURFACE('',#3421,0.00225);
#2871=CYLINDRICAL_SURFACE('',#3432,0.00225);
#2872=CYLINDRICAL_SURFACE('',#3443,0.00225);
#2873=CYLINDRICAL_SURFACE('',#3454,0.00225);
#2874=CYLINDRICAL_SURFACE('',#3459,0.005);
#2875=CYLINDRICAL_SURFACE('',#3460,0.005);
#2876=CYLINDRICAL_SURFACE('',#3461,0.005);
#2877=CYLINDRICAL_SURFACE('',#3462,0.005);
#2878=CYLINDRICAL_SURFACE('',#3463,0.005);
#2879=CYLINDRICAL_SURFACE('',#3464,0.005);
#2880=CYLINDRICAL_SURFACE('',#3465,0.005);
#2881=CYLINDRICAL_SURFACE('',#3466,0.005);
#2882=CYLINDRICAL_SURFACE('',#3467,0.005);
#2883=CYLINDRICAL_SURFACE('',#3468,0.005);
#2884=CYLINDRICAL_SURFACE('',#3469,0.005);
#2885=CYLINDRICAL_SURFACE('',#3470,0.005);
#2886=ADVANCED_FACE('',(#2524,#2525),#2822,.F.);
#2887=ADVANCED_FACE('',(#2526,#2527),#2823,.F.);
#2888=ADVANCED_FACE('',(#2528,#2529),#2824,.F.);
#2889=ADVANCED_FACE('',(#2530,#2531),#2825,.F.);
#2890=ADVANCED_FACE('',(#2532),#428,.T.);
#2891=ADVANCED_FACE('',(#2533),#429,.T.);
#2892=ADVANCED_FACE('',(#2534),#430,.T.);
#2893=ADVANCED_FACE('',(#2535),#431,.T.);
#2894=ADVANCED_FACE('',(#2536,#2537),#2826,.F.);
#2895=ADVANCED_FACE('',(#2538,#2539),#2827,.T.);
#2896=ADVANCED_FACE('',(#2540,#2541),#432,.F.);
#2897=ADVANCED_FACE('',(#2542,#2543),#2828,.F.);
#2898=ADVANCED_FACE('',(#2544,#2545),#2829,.T.);
#2899=ADVANCED_FACE('',(#2546,#2547),#433,.F.);
#2900=ADVANCED_FACE('',(#2548),#434,.T.);
#2901=ADVANCED_FACE('',(#2549),#435,.F.);
#2902=ADVANCED_FACE('',(#2550),#436,.T.);
#2903=ADVANCED_FACE('',(#2551,#2552,#2553,#2554,#2555,#2556,#2557,#2558,
#2559,#2560,#2561,#2562,#2563,#2564,#2565,#2566,#2567,#2568,#2569,#2570,
#2571),#437,.F.);
#2904=ADVANCED_FACE('',(#2572,#2573),#438,.F.);
#2905=ADVANCED_FACE('',(#2574,#2575),#2830,.T.);
#2906=ADVANCED_FACE('',(#2576,#2577),#2831,.F.);
#2907=ADVANCED_FACE('',(#2578,#2579),#439,.F.);
#2908=ADVANCED_FACE('',(#2580,#2581),#2832,.T.);
#2909=ADVANCED_FACE('',(#2582,#2583),#2833,.F.);
#2910=ADVANCED_FACE('',(#2584,#2585),#2834,.T.);
#2911=ADVANCED_FACE('',(#2586,#2587),#440,.F.);
#2912=ADVANCED_FACE('',(#2588,#2589),#2835,.T.);
#2913=ADVANCED_FACE('',(#2590,#2591),#441,.F.);
#2914=ADVANCED_FACE('',(#2592),#442,.T.);
#2915=ADVANCED_FACE('',(#2593),#443,.F.);
#2916=ADVANCED_FACE('',(#2594),#444,.T.);
#2917=ADVANCED_FACE('',(#2595,#2596),#445,.F.);
#2918=ADVANCED_FACE('',(#2597,#2598),#2836,.T.);
#2919=ADVANCED_FACE('',(#2599,#2600),#446,.F.);
#2920=ADVANCED_FACE('',(#2601,#2602),#2837,.T.);
#2921=ADVANCED_FACE('',(#2603,#2604),#2838,.F.);
#2922=ADVANCED_FACE('',(#2605,#2606),#2839,.T.);
#2923=ADVANCED_FACE('',(#2607,#2608),#447,.F.);
#2924=ADVANCED_FACE('',(#2609,#2610),#2840,.F.);
#2925=ADVANCED_FACE('',(#2611,#2612),#2841,.T.);
#2926=ADVANCED_FACE('',(#2613,#2614),#448,.F.);
#2927=ADVANCED_FACE('',(#2615),#449,.T.);
#2928=ADVANCED_FACE('',(#2616),#450,.F.);
#2929=ADVANCED_FACE('',(#2617),#451,.T.);
#2930=ADVANCED_FACE('',(#2618,#2619),#452,.F.);
#2931=ADVANCED_FACE('',(#2620,#2621),#2842,.T.);
#2932=ADVANCED_FACE('',(#2622,#2623),#2843,.F.);
#2933=ADVANCED_FACE('',(#2624,#2625),#453,.F.);
#2934=ADVANCED_FACE('',(#2626,#2627),#2844,.T.);
#2935=ADVANCED_FACE('',(#2628,#2629),#2845,.F.);
#2936=ADVANCED_FACE('',(#2630,#2631),#2846,.F.);
#2937=ADVANCED_FACE('',(#2632,#2633),#2847,.T.);
#2938=ADVANCED_FACE('',(#2634,#2635),#454,.F.);
#2939=ADVANCED_FACE('',(#2636,#2637),#2848,.F.);
#2940=ADVANCED_FACE('',(#2638,#2639),#2849,.T.);
#2941=ADVANCED_FACE('',(#2640,#2641),#455,.F.);
#2942=ADVANCED_FACE('',(#2642),#456,.T.);
#2943=ADVANCED_FACE('',(#2643),#457,.F.);
#2944=ADVANCED_FACE('',(#2644),#458,.T.);
#2945=ADVANCED_FACE('',(#2645,#2646),#459,.F.);
#2946=ADVANCED_FACE('',(#2647,#2648),#2850,.T.);
#2947=ADVANCED_FACE('',(#2649,#2650),#2851,.F.);
#2948=ADVANCED_FACE('',(#2651,#2652),#460,.F.);
#2949=ADVANCED_FACE('',(#2653,#2654),#2852,.T.);
#2950=ADVANCED_FACE('',(#2655,#2656),#2853,.F.);
#2951=ADVANCED_FACE('',(#2657,#2658),#2854,.F.);
#2952=ADVANCED_FACE('',(#2659,#2660),#2855,.F.);
#2953=ADVANCED_FACE('',(#2661,#2662),#2856,.F.);
#2954=ADVANCED_FACE('',(#2663,#2664),#2857,.F.);
#2955=ADVANCED_FACE('',(#2665,#2666,#2667,#2668,#2669,#2670,#2671,#2672,
#2673,#2674,#2675,#2676,#2677,#2678,#2679,#2680,#2681,#2682,#2683,#2684,
#2685),#461,.T.);
#2956=ADVANCED_FACE('',(#2686),#462,.T.);
#2957=ADVANCED_FACE('',(#2687,#2688),#2858,.F.);
#2958=ADVANCED_FACE('',(#2689),#463,.T.);
#2959=ADVANCED_FACE('',(#2690,#2691),#2859,.F.);
#2960=ADVANCED_FACE('',(#2692),#464,.T.);
#2961=ADVANCED_FACE('',(#2693,#2694),#2860,.F.);
#2962=ADVANCED_FACE('',(#2695),#465,.T.);
#2963=ADVANCED_FACE('',(#2696,#2697),#2861,.F.);
#2964=ADVANCED_FACE('',(#2698),#466,.T.);
#2965=ADVANCED_FACE('',(#2699),#467,.F.);
#2966=ADVANCED_FACE('',(#2700),#468,.T.);
#2967=ADVANCED_FACE('',(#2701),#469,.T.);
#2968=ADVANCED_FACE('',(#2702),#470,.T.);
#2969=ADVANCED_FACE('',(#2703),#471,.F.);
#2970=ADVANCED_FACE('',(#2704),#472,.T.);
#2971=ADVANCED_FACE('',(#2705),#473,.T.);
#2972=ADVANCED_FACE('',(#2706),#474,.T.);
#2973=ADVANCED_FACE('',(#2707),#475,.F.);
#2974=ADVANCED_FACE('',(#2708),#476,.T.);
#2975=ADVANCED_FACE('',(#2709),#477,.T.);
#2976=ADVANCED_FACE('',(#2710),#478,.T.);
#2977=ADVANCED_FACE('',(#2711),#479,.F.);
#2978=ADVANCED_FACE('',(#2712),#480,.T.);
#2979=ADVANCED_FACE('',(#2713),#481,.T.);
#2980=ADVANCED_FACE('',(#2714),#482,.F.);
#2981=ADVANCED_FACE('',(#2715),#483,.T.);
#2982=ADVANCED_FACE('',(#2716),#484,.T.);
#2983=ADVANCED_FACE('',(#2717),#485,.T.);
#2984=ADVANCED_FACE('',(#2718,#2719),#2862,.F.);
#2985=ADVANCED_FACE('',(#2720),#486,.T.);
#2986=ADVANCED_FACE('',(#2721),#487,.T.);
#2987=ADVANCED_FACE('',(#2722),#488,.T.);
#2988=ADVANCED_FACE('',(#2723),#489,.F.);
#2989=ADVANCED_FACE('',(#2724),#490,.T.);
#2990=ADVANCED_FACE('',(#2725),#491,.T.);
#2991=ADVANCED_FACE('',(#2726,#2727),#2863,.F.);
#2992=ADVANCED_FACE('',(#2728),#492,.T.);
#2993=ADVANCED_FACE('',(#2729),#493,.T.);
#2994=ADVANCED_FACE('',(#2730),#494,.T.);
#2995=ADVANCED_FACE('',(#2731),#495,.F.);
#2996=ADVANCED_FACE('',(#2732),#496,.T.);
#2997=ADVANCED_FACE('',(#2733),#497,.T.);
#2998=ADVANCED_FACE('',(#2734,#2735),#2864,.F.);
#2999=ADVANCED_FACE('',(#2736),#498,.T.);
#3000=ADVANCED_FACE('',(#2737),#499,.T.);
#3001=ADVANCED_FACE('',(#2738),#500,.F.);
#3002=ADVANCED_FACE('',(#2739),#501,.T.);
#3003=ADVANCED_FACE('',(#2740),#502,.T.);
#3004=ADVANCED_FACE('',(#2741),#503,.T.);
#3005=ADVANCED_FACE('',(#2742,#2743),#2865,.F.);
#3006=ADVANCED_FACE('',(#2744),#504,.T.);
#3007=ADVANCED_FACE('',(#2745),#505,.T.);
#3008=ADVANCED_FACE('',(#2746),#506,.F.);
#3009=ADVANCED_FACE('',(#2747),#507,.T.);
#3010=ADVANCED_FACE('',(#2748),#508,.T.);
#3011=ADVANCED_FACE('',(#2749),#509,.T.);
#3012=ADVANCED_FACE('',(#2750,#2751),#2866,.F.);
#3013=ADVANCED_FACE('',(#2752),#510,.T.);
#3014=ADVANCED_FACE('',(#2753),#511,.T.);
#3015=ADVANCED_FACE('',(#2754),#512,.T.);
#3016=ADVANCED_FACE('',(#2755),#513,.F.);
#3017=ADVANCED_FACE('',(#2756),#514,.T.);
#3018=ADVANCED_FACE('',(#2757),#515,.T.);
#3019=ADVANCED_FACE('',(#2758,#2759),#2867,.F.);
#3020=ADVANCED_FACE('',(#2760),#516,.T.);
#3021=ADVANCED_FACE('',(#2761),#517,.T.);
#3022=ADVANCED_FACE('',(#2762),#518,.T.);
#3023=ADVANCED_FACE('',(#2763),#519,.F.);
#3024=ADVANCED_FACE('',(#2764),#520,.T.);
#3025=ADVANCED_FACE('',(#2765),#521,.T.);
#3026=ADVANCED_FACE('',(#2766,#2767),#2868,.F.);
#3027=ADVANCED_FACE('',(#2768),#522,.T.);
#3028=ADVANCED_FACE('',(#2769),#523,.T.);
#3029=ADVANCED_FACE('',(#2770),#524,.F.);
#3030=ADVANCED_FACE('',(#2771),#525,.T.);
#3031=ADVANCED_FACE('',(#2772),#526,.T.);
#3032=ADVANCED_FACE('',(#2773),#527,.T.);
#3033=ADVANCED_FACE('',(#2774,#2775),#2869,.F.);
#3034=ADVANCED_FACE('',(#2776),#528,.T.);
#3035=ADVANCED_FACE('',(#2777),#529,.T.);
#3036=ADVANCED_FACE('',(#2778),#530,.F.);
#3037=ADVANCED_FACE('',(#2779),#531,.T.);
#3038=ADVANCED_FACE('',(#2780),#532,.T.);
#3039=ADVANCED_FACE('',(#2781),#533,.T.);
#3040=ADVANCED_FACE('',(#2782,#2783),#2870,.F.);
#3041=ADVANCED_FACE('',(#2784),#534,.T.);
#3042=ADVANCED_FACE('',(#2785),#535,.T.);
#3043=ADVANCED_FACE('',(#2786),#536,.T.);
#3044=ADVANCED_FACE('',(#2787),#537,.F.);
#3045=ADVANCED_FACE('',(#2788),#538,.T.);
#3046=ADVANCED_FACE('',(#2789),#539,.T.);
#3047=ADVANCED_FACE('',(#2790,#2791),#2871,.F.);
#3048=ADVANCED_FACE('',(#2792),#540,.T.);
#3049=ADVANCED_FACE('',(#2793),#541,.T.);
#3050=ADVANCED_FACE('',(#2794),#542,.T.);
#3051=ADVANCED_FACE('',(#2795),#543,.F.);
#3052=ADVANCED_FACE('',(#2796),#544,.T.);
#3053=ADVANCED_FACE('',(#2797),#545,.T.);
#3054=ADVANCED_FACE('',(#2798,#2799),#2872,.F.);
#3055=ADVANCED_FACE('',(#2800),#546,.T.);
#3056=ADVANCED_FACE('',(#2801),#547,.T.);
#3057=ADVANCED_FACE('',(#2802),#548,.T.);
#3058=ADVANCED_FACE('',(#2803),#549,.F.);
#3059=ADVANCED_FACE('',(#2804),#550,.T.);
#3060=ADVANCED_FACE('',(#2805),#551,.T.);
#3061=ADVANCED_FACE('',(#2806,#2807),#2873,.F.);
#3062=ADVANCED_FACE('',(#2808),#552,.T.);
#3063=ADVANCED_FACE('',(#2809),#553,.T.);
#3064=ADVANCED_FACE('',(#2810),#2874,.T.);
#3065=ADVANCED_FACE('',(#2811),#2875,.F.);
#3066=ADVANCED_FACE('',(#2812),#2876,.T.);
#3067=ADVANCED_FACE('',(#2813),#2877,.T.);
#3068=ADVANCED_FACE('',(#2814),#2878,.F.);
#3069=ADVANCED_FACE('',(#2815),#2879,.T.);
#3070=ADVANCED_FACE('',(#2816),#2880,.T.);
#3071=ADVANCED_FACE('',(#2817),#2881,.F.);
#3072=ADVANCED_FACE('',(#2818),#2882,.T.);
#3073=ADVANCED_FACE('',(#2819),#2883,.T.);
#3074=ADVANCED_FACE('',(#2820),#2884,.T.);
#3075=ADVANCED_FACE('',(#2821),#2885,.F.);
#3076=CLOSED_SHELL('',(#2886,#2887,#2888,#2889,#2890,#2891,#2892,#2893,
#2894,#2895,#2896,#2897,#2898,#2899,#2900,#2901,#2902,#2903,#2904,#2905,
#2906,#2907,#2908,#2909,#2910,#2911,#2912,#2913,#2914,#2915,#2916,#2917,
#2918,#2919,#2920,#2921,#2922,#2923,#2924,#2925,#2926,#2927,#2928,#2929,
#2930,#2931,#2932,#2933,#2934,#2935,#2936,#2937,#2938,#2939,#2940,#2941,
#2942,#2943,#2944,#2945,#2946,#2947,#2948,#2949,#2950,#2951,#2952,#2953,
#2954,#2955,#2956,#2957,#2958,#2959,#2960,#2961,#2962,#2963,#2964,#2965,
#2966,#2967,#2968,#2969,#2970,#2971,#2972,#2973,#2974,#2975,#2976,#2977,
#2978,#2979,#2980,#2981,#2982,#2983,#2984,#2985,#2986,#2987,#2988,#2989,
#2990,#2991,#2992,#2993,#2994,#2995,#2996,#2997,#2998,#2999,#3000,#3001,
#3002,#3003,#3004,#3005,#3006,#3007,#3008,#3009,#3010,#3011,#3012,#3013,
#3014,#3015,#3016,#3017,#3018,#3019,#3020,#3021,#3022,#3023,#3024,#3025,
#3026,#3027,#3028,#3029,#3030,#3031,#3032,#3033,#3034,#3035,#3036,#3037,
#3038,#3039,#3040,#3041,#3042,#3043,#3044,#3045,#3046,#3047,#3048,#3049,
#3050,#3051,#3052,#3053,#3054,#3055,#3056,#3057,#3058,#3059,#3060,#3061,
#3062,#3063,#3064,#3065,#3066,#3067,#3068,#3069,#3070,#3071,#3072,#3073,
#3074,#3075));
#3077=STYLED_ITEM('',(#3078),#3085);
#3078=PRESENTATION_STYLE_ASSIGNMENT((#3079));
#3079=SURFACE_STYLE_USAGE(.BOTH.,#3080);
#3080=SURFACE_SIDE_STYLE('',(#3081));
#3081=SURFACE_STYLE_FILL_AREA(#3082);
#3082=FILL_AREA_STYLE('',(#3083));
#3083=FILL_AREA_STYLE_COLOUR('',#3084);
#3084=COLOUR_RGB('',0.231372549019608,0.380392156862745,0.705882352941177);
#3085=MANIFOLD_SOLID_BREP('Mount',#3076);
#3086=SHAPE_DEFINITION_REPRESENTATION(#5322,#3087);
#3087=SHAPE_REPRESENTATION('Mount',(#3088),#5317);
#3088=AXIS2_PLACEMENT_3D('',#4445,#3471,#3472);
#3089=AXIS2_PLACEMENT_3D('',#4446,#3473,#3474);
#3090=AXIS2_PLACEMENT_3D('',#4447,#3475,#3476);
#3091=AXIS2_PLACEMENT_3D('',#4449,#3477,#3478);
#3092=AXIS2_PLACEMENT_3D('',#4452,#3479,#3480);
#3093=AXIS2_PLACEMENT_3D('',#4453,#3481,#3482);
#3094=AXIS2_PLACEMENT_3D('',#4454,#3483,#3484);
#3095=AXIS2_PLACEMENT_3D('',#4456,#3485,#3486);
#3096=AXIS2_PLACEMENT_3D('',#4459,#3487,#3488);
#3097=AXIS2_PLACEMENT_3D('',#4460,#3489,#3490);
#3098=AXIS2_PLACEMENT_3D('',#4461,#3491,#3492);
#3099=AXIS2_PLACEMENT_3D('',#4463,#3493,#3494);
#3100=AXIS2_PLACEMENT_3D('',#4466,#3495,#3496);
#3101=AXIS2_PLACEMENT_3D('',#4467,#3497,#3498);
#3102=AXIS2_PLACEMENT_3D('',#4468,#3499,#3500);
#3103=AXIS2_PLACEMENT_3D('',#4470,#3501,#3502);
#3104=AXIS2_PLACEMENT_3D('',#4473,#3503,#3504);
#3105=AXIS2_PLACEMENT_3D('',#4474,#3505,#3506);
#3106=AXIS2_PLACEMENT_3D('',#4475,#3507,#3508);
#3107=AXIS2_PLACEMENT_3D('',#4479,#3510,#3511);
#3108=AXIS2_PLACEMENT_3D('',#4480,#3512,#3513);
#3109=AXIS2_PLACEMENT_3D('',#4484,#3515,#3516);
#3110=AXIS2_PLACEMENT_3D('',#4485,#3517,#3518);
#3111=AXIS2_PLACEMENT_3D('',#4489,#3520,#3521);
#3112=AXIS2_PLACEMENT_3D('',#4490,#3522,#3523);
#3113=AXIS2_PLACEMENT_3D('',#4494,#3525,#3526);
#3114=AXIS2_PLACEMENT_3D('',#4495,#3527,#3528);
#3115=AXIS2_PLACEMENT_3D('',#4498,#3529,#3530);
#3116=AXIS2_PLACEMENT_3D('',#4499,#3531,#3532);
#3117=AXIS2_PLACEMENT_3D('',#4501,#3533,#3534);
#3118=AXIS2_PLACEMENT_3D('',#4502,#3535,#3536);
#3119=AXIS2_PLACEMENT_3D('',#4504,#3537,#3538);
#3120=AXIS2_PLACEMENT_3D('',#4506,#3539,#3540);
#3121=AXIS2_PLACEMENT_3D('',#4507,#3541,#3542);
#3122=AXIS2_PLACEMENT_3D('',#4508,#3543,#3544);
#3123=AXIS2_PLACEMENT_3D('',#4511,#3545,#3546);
#3124=AXIS2_PLACEMENT_3D('',#4512,#3547,#3548);
#3125=AXIS2_PLACEMENT_3D('',#4514,#3549,#3550);
#3126=AXIS2_PLACEMENT_3D('',#4515,#3551,#3552);
#3127=AXIS2_PLACEMENT_3D('',#4517,#3553,#3554);
#3128=AXIS2_PLACEMENT_3D('',#4519,#3555,#3556);
#3129=AXIS2_PLACEMENT_3D('',#4520,#3557,#3558);
#3130=AXIS2_PLACEMENT_3D('',#4529,#3563,#3564);
#3131=AXIS2_PLACEMENT_3D('',#4538,#3569,#3570);
#3132=AXIS2_PLACEMENT_3D('',#4547,#3575,#3576);
#3133=AXIS2_PLACEMENT_3D('',#4548,#3577,#3578);
#3134=AXIS2_PLACEMENT_3D('',#4550,#3579,#3580);
#3135=AXIS2_PLACEMENT_3D('',#4555,#3582,#3583);
#3136=AXIS2_PLACEMENT_3D('',#4559,#3585,#3586);
#3137=AXIS2_PLACEMENT_3D('',#4560,#3587,#3588);
#3138=AXIS2_PLACEMENT_3D('',#4561,#3589,#3590);
#3139=AXIS2_PLACEMENT_3D('',#4562,#3591,#3592);
#3140=AXIS2_PLACEMENT_3D('',#4566,#3594,#3595);
#3141=AXIS2_PLACEMENT_3D('',#4570,#3597,#3598);
#3142=AXIS2_PLACEMENT_3D('',#4574,#3600,#3601);
#3143=AXIS2_PLACEMENT_3D('',#4578,#3603,#3604);
#3144=AXIS2_PLACEMENT_3D('',#4582,#3606,#3607);
#3145=AXIS2_PLACEMENT_3D('',#4586,#3609,#3610);
#3146=AXIS2_PLACEMENT_3D('',#4590,#3612,#3613);
#3147=AXIS2_PLACEMENT_3D('',#4591,#3614,#3615);
#3148=AXIS2_PLACEMENT_3D('',#4593,#3616,#3617);
#3149=AXIS2_PLACEMENT_3D('',#4595,#3618,#3619);
#3150=AXIS2_PLACEMENT_3D('',#4597,#3620,#3621);
#3151=AXIS2_PLACEMENT_3D('',#4599,#3622,#3623);
#3152=AXIS2_PLACEMENT_3D('',#4601,#3624,#3625);
#3153=AXIS2_PLACEMENT_3D('',#4603,#3626,#3627);
#3154=AXIS2_PLACEMENT_3D('',#4605,#3628,#3629);
#3155=AXIS2_PLACEMENT_3D('',#4607,#3630,#3631);
#3156=AXIS2_PLACEMENT_3D('',#4609,#3632,#3633);
#3157=AXIS2_PLACEMENT_3D('',#4611,#3634,#3635);
#3158=AXIS2_PLACEMENT_3D('',#4613,#3636,#3637);
#3159=AXIS2_PLACEMENT_3D('',#4615,#3638,#3639);
#3160=AXIS2_PLACEMENT_3D('',#4617,#3640,#3641);
#3161=AXIS2_PLACEMENT_3D('',#4619,#3642,#3643);
#3162=AXIS2_PLACEMENT_3D('',#4621,#3644,#3645);
#3163=AXIS2_PLACEMENT_3D('',#4623,#3646,#3647);
#3164=AXIS2_PLACEMENT_3D('',#4624,#3648,#3649);
#3165=AXIS2_PLACEMENT_3D('',#4626,#3650,#3651);
#3166=AXIS2_PLACEMENT_3D('',#4628,#3652,#3653);
#3167=AXIS2_PLACEMENT_3D('',#4629,#3654,#3655);
#3168=AXIS2_PLACEMENT_3D('',#4630,#3656,#3657);
#3169=AXIS2_PLACEMENT_3D('',#4633,#3658,#3659);
#3170=AXIS2_PLACEMENT_3D('',#4634,#3660,#3661);
#3171=AXIS2_PLACEMENT_3D('',#4635,#3662,#3663);
#3172=AXIS2_PLACEMENT_3D('',#4637,#3664,#3665);
#3173=AXIS2_PLACEMENT_3D('',#4639,#3666,#3667);
#3174=AXIS2_PLACEMENT_3D('',#4640,#3668,#3669);
#3175=AXIS2_PLACEMENT_3D('',#4641,#3670,#3671);
#3176=AXIS2_PLACEMENT_3D('',#4644,#3672,#3673);
#3177=AXIS2_PLACEMENT_3D('',#4645,#3674,#3675);
#3178=AXIS2_PLACEMENT_3D('',#4646,#3676,#3677);
#3179=AXIS2_PLACEMENT_3D('',#4648,#3678,#3679);
#3180=AXIS2_PLACEMENT_3D('',#4649,#3680,#3681);
#3181=AXIS2_PLACEMENT_3D('',#4650,#3682,#3683);
#3182=AXIS2_PLACEMENT_3D('',#4652,#3684,#3685);
#3183=AXIS2_PLACEMENT_3D('',#4653,#3686,#3687);
#3184=AXIS2_PLACEMENT_3D('',#4659,#3691,#3692);
#3185=AXIS2_PLACEMENT_3D('',#4665,#3696,#3697);
#3186=AXIS2_PLACEMENT_3D('',#4671,#3701,#3702);
#3187=AXIS2_PLACEMENT_3D('',#4672,#3703,#3704);
#3188=AXIS2_PLACEMENT_3D('',#4674,#3705,#3706);
#3189=AXIS2_PLACEMENT_3D('',#4675,#3707,#3708);
#3190=AXIS2_PLACEMENT_3D('',#4676,#3709,#3710);
#3191=AXIS2_PLACEMENT_3D('',#4678,#3711,#3712);
#3192=AXIS2_PLACEMENT_3D('',#4679,#3713,#3714);
#3193=AXIS2_PLACEMENT_3D('',#4680,#3715,#3716);
#3194=AXIS2_PLACEMENT_3D('',#4683,#3717,#3718);
#3195=AXIS2_PLACEMENT_3D('',#4684,#3719,#3720);
#3196=AXIS2_PLACEMENT_3D('',#4686,#3721,#3722);
#3197=AXIS2_PLACEMENT_3D('',#4687,#3723,#3724);
#3198=AXIS2_PLACEMENT_3D('',#4689,#3725,#3726);
#3199=AXIS2_PLACEMENT_3D('',#4690,#3727,#3728);
#3200=AXIS2_PLACEMENT_3D('',#4691,#3729,#3730);
#3201=AXIS2_PLACEMENT_3D('',#4694,#3731,#3732);
#3202=AXIS2_PLACEMENT_3D('',#4695,#3733,#3734);
#3203=AXIS2_PLACEMENT_3D('',#4697,#3735,#3736);
#3204=AXIS2_PLACEMENT_3D('',#4698,#3737,#3738);
#3205=AXIS2_PLACEMENT_3D('',#4700,#3739,#3740);
#3206=AXIS2_PLACEMENT_3D('',#4701,#3741,#3742);
#3207=AXIS2_PLACEMENT_3D('',#4707,#3746,#3747);
#3208=AXIS2_PLACEMENT_3D('',#4713,#3751,#3752);
#3209=AXIS2_PLACEMENT_3D('',#4719,#3756,#3757);
#3210=AXIS2_PLACEMENT_3D('',#4720,#3758,#3759);
#3211=AXIS2_PLACEMENT_3D('',#4722,#3760,#3761);
#3212=AXIS2_PLACEMENT_3D('',#4724,#3762,#3763);
#3213=AXIS2_PLACEMENT_3D('',#4725,#3764,#3765);
#3214=AXIS2_PLACEMENT_3D('',#4726,#3766,#3767);
#3215=AXIS2_PLACEMENT_3D('',#4729,#3768,#3769);
#3216=AXIS2_PLACEMENT_3D('',#4730,#3770,#3771);
#3217=AXIS2_PLACEMENT_3D('',#4731,#3772,#3773);
#3218=AXIS2_PLACEMENT_3D('',#4733,#3774,#3775);
#3219=AXIS2_PLACEMENT_3D('',#4735,#3776,#3777);
#3220=AXIS2_PLACEMENT_3D('',#4736,#3778,#3779);
#3221=AXIS2_PLACEMENT_3D('',#4737,#3780,#3781);
#3222=AXIS2_PLACEMENT_3D('',#4740,#3782,#3783);
#3223=AXIS2_PLACEMENT_3D('',#4741,#3784,#3785);
#3224=AXIS2_PLACEMENT_3D('',#4742,#3786,#3787);
#3225=AXIS2_PLACEMENT_3D('',#4745,#3788,#3789);
#3226=AXIS2_PLACEMENT_3D('',#4746,#3790,#3791);
#3227=AXIS2_PLACEMENT_3D('',#4748,#3792,#3793);
#3228=AXIS2_PLACEMENT_3D('',#4749,#3794,#3795);
#3229=AXIS2_PLACEMENT_3D('',#4751,#3796,#3797);
#3230=AXIS2_PLACEMENT_3D('',#4752,#3798,#3799);
#3231=AXIS2_PLACEMENT_3D('',#4753,#3800,#3801);
#3232=AXIS2_PLACEMENT_3D('',#4756,#3802,#3803);
#3233=AXIS2_PLACEMENT_3D('',#4757,#3804,#3805);
#3234=AXIS2_PLACEMENT_3D('',#4759,#3806,#3807);
#3235=AXIS2_PLACEMENT_3D('',#4760,#3808,#3809);
#3236=AXIS2_PLACEMENT_3D('',#4762,#3810,#3811);
#3237=AXIS2_PLACEMENT_3D('',#4763,#3812,#3813);
#3238=AXIS2_PLACEMENT_3D('',#4769,#3817,#3818);
#3239=AXIS2_PLACEMENT_3D('',#4775,#3822,#3823);
#3240=AXIS2_PLACEMENT_3D('',#4781,#3827,#3828);
#3241=AXIS2_PLACEMENT_3D('',#4782,#3829,#3830);
#3242=AXIS2_PLACEMENT_3D('',#4784,#3831,#3832);
#3243=AXIS2_PLACEMENT_3D('',#4786,#3833,#3834);
#3244=AXIS2_PLACEMENT_3D('',#4787,#3835,#3836);
#3245=AXIS2_PLACEMENT_3D('',#4788,#3837,#3838);
#3246=AXIS2_PLACEMENT_3D('',#4791,#3839,#3840);
#3247=AXIS2_PLACEMENT_3D('',#4792,#3841,#3842);
#3248=AXIS2_PLACEMENT_3D('',#4793,#3843,#3844);
#3249=AXIS2_PLACEMENT_3D('',#4795,#3845,#3846);
#3250=AXIS2_PLACEMENT_3D('',#4797,#3847,#3848);
#3251=AXIS2_PLACEMENT_3D('',#4798,#3849,#3850);
#3252=AXIS2_PLACEMENT_3D('',#4799,#3851,#3852);
#3253=AXIS2_PLACEMENT_3D('',#4802,#3853,#3854);
#3254=AXIS2_PLACEMENT_3D('',#4803,#3855,#3856);
#3255=AXIS2_PLACEMENT_3D('',#4804,#3857,#3858);
#3256=AXIS2_PLACEMENT_3D('',#4806,#3859,#3860);
#3257=AXIS2_PLACEMENT_3D('',#4807,#3861,#3862);
#3258=AXIS2_PLACEMENT_3D('',#4809,#3863,#3864);
#3259=AXIS2_PLACEMENT_3D('',#4810,#3865,#3866);
#3260=AXIS2_PLACEMENT_3D('',#4812,#3867,#3868);
#3261=AXIS2_PLACEMENT_3D('',#4813,#3869,#3870);
#3262=AXIS2_PLACEMENT_3D('',#4815,#3871,#3872);
#3263=AXIS2_PLACEMENT_3D('',#4816,#3873,#3874);
#3264=AXIS2_PLACEMENT_3D('',#4818,#3875,#3876);
#3265=AXIS2_PLACEMENT_3D('',#4820,#3877,#3878);
#3266=AXIS2_PLACEMENT_3D('',#4822,#3879,#3880);
#3267=AXIS2_PLACEMENT_3D('',#4824,#3881,#3882);
#3268=AXIS2_PLACEMENT_3D('',#4826,#3883,#3884);
#3269=AXIS2_PLACEMENT_3D('',#4828,#3885,#3886);
#3270=AXIS2_PLACEMENT_3D('',#4830,#3887,#3888);
#3271=AXIS2_PLACEMENT_3D('',#4832,#3889,#3890);
#3272=AXIS2_PLACEMENT_3D('',#4834,#3891,#3892);
#3273=AXIS2_PLACEMENT_3D('',#4836,#3893,#3894);
#3274=AXIS2_PLACEMENT_3D('',#4838,#3895,#3896);
#3275=AXIS2_PLACEMENT_3D('',#4840,#3897,#3898);
#3276=AXIS2_PLACEMENT_3D('',#4842,#3899,#3900);
#3277=AXIS2_PLACEMENT_3D('',#4844,#3901,#3902);
#3278=AXIS2_PLACEMENT_3D('',#4846,#3903,#3904);
#3279=AXIS2_PLACEMENT_3D('',#4848,#3905,#3906);
#3280=AXIS2_PLACEMENT_3D('',#4849,#3907,#3908);
#3281=AXIS2_PLACEMENT_3D('',#4850,#3909,#3910);
#3282=AXIS2_PLACEMENT_3D('',#4851,#3911,#3912);
#3283=AXIS2_PLACEMENT_3D('',#4852,#3913,#3914);
#3284=AXIS2_PLACEMENT_3D('',#4853,#3915,#3916);
#3285=AXIS2_PLACEMENT_3D('',#4854,#3917,#3918);
#3286=AXIS2_PLACEMENT_3D('',#4855,#3919,#3920);
#3287=AXIS2_PLACEMENT_3D('',#4856,#3921,#3922);
#3288=AXIS2_PLACEMENT_3D('',#4857,#3923,#3924);
#3289=AXIS2_PLACEMENT_3D('',#4858,#3925,#3926);
#3290=AXIS2_PLACEMENT_3D('',#4859,#3927,#3928);
#3291=AXIS2_PLACEMENT_3D('',#4860,#3929,#3930);
#3292=AXIS2_PLACEMENT_3D('',#4864,#3932,#3933);
#3293=AXIS2_PLACEMENT_3D('',#4865,#3934,#3935);
#3294=AXIS2_PLACEMENT_3D('',#4868,#3937,#3938);
#3295=AXIS2_PLACEMENT_3D('',#4873,#3941,#3942);
#3296=AXIS2_PLACEMENT_3D('',#4876,#3944,#3945);
#3297=AXIS2_PLACEMENT_3D('',#4880,#3947,#3948);
#3298=AXIS2_PLACEMENT_3D('',#4881,#3949,#3950);
#3299=AXIS2_PLACEMENT_3D('',#4884,#3952,#3953);
#3300=AXIS2_PLACEMENT_3D('',#4889,#3956,#3957);
#3301=AXIS2_PLACEMENT_3D('',#4892,#3959,#3960);
#3302=AXIS2_PLACEMENT_3D('',#4896,#3962,#3963);
#3303=AXIS2_PLACEMENT_3D('',#4897,#3964,#3965);
#3304=AXIS2_PLACEMENT_3D('',#4900,#3967,#3968);
#3305=AXIS2_PLACEMENT_3D('',#4905,#3971,#3972);
#3306=AXIS2_PLACEMENT_3D('',#4908,#3974,#3975);
#3307=AXIS2_PLACEMENT_3D('',#4912,#3977,#3978);
#3308=AXIS2_PLACEMENT_3D('',#4913,#3979,#3980);
#3309=AXIS2_PLACEMENT_3D('',#4916,#3982,#3983);
#3310=AXIS2_PLACEMENT_3D('',#4921,#3986,#3987);
#3311=AXIS2_PLACEMENT_3D('',#4924,#3989,#3990);
#3312=AXIS2_PLACEMENT_3D('',#4927,#3993,#3994);
#3313=AXIS2_PLACEMENT_3D('',#4930,#3997,#3998);
#3314=AXIS2_PLACEMENT_3D('',#4931,#3999,#4000);
#3315=AXIS2_PLACEMENT_3D('',#4932,#4001,#4002);
#3316=AXIS2_PLACEMENT_3D('',#4935,#4005,#4006);
#3317=AXIS2_PLACEMENT_3D('',#4938,#4009,#4010);
#3318=AXIS2_PLACEMENT_3D('',#4939,#4011,#4012);
#3319=AXIS2_PLACEMENT_3D('',#4940,#4013,#4014);
#3320=AXIS2_PLACEMENT_3D('',#4943,#4017,#4018);
#3321=AXIS2_PLACEMENT_3D('',#4946,#4021,#4022);
#3322=AXIS2_PLACEMENT_3D('',#4947,#4023,#4024);
#3323=AXIS2_PLACEMENT_3D('',#4948,#4025,#4026);
#3324=AXIS2_PLACEMENT_3D('',#4951,#4029,#4030);
#3325=AXIS2_PLACEMENT_3D('',#4954,#4033,#4034);
#3326=AXIS2_PLACEMENT_3D('',#4955,#4035,#4036);
#3327=AXIS2_PLACEMENT_3D('',#4956,#4037,#4038);
#3328=AXIS2_PLACEMENT_3D('',#4966,#4044,#4045);
#3329=AXIS2_PLACEMENT_3D('',#4976,#4051,#4052);
#3330=AXIS2_PLACEMENT_3D('',#4977,#4053,#4054);
#3331=AXIS2_PLACEMENT_3D('',#4978,#4055,#4056);
#3332=AXIS2_PLACEMENT_3D('',#4979,#4057,#4058);
#3333=AXIS2_PLACEMENT_3D('',#4980,#4059,#4060);
#3334=AXIS2_PLACEMENT_3D('',#4981,#4061,#4062);
#3335=AXIS2_PLACEMENT_3D('',#4982,#4063,#4064);
#3336=AXIS2_PLACEMENT_3D('',#4983,#4065,#4066);
#3337=AXIS2_PLACEMENT_3D('',#4984,#4067,#4068);
#3338=AXIS2_PLACEMENT_3D('',#4985,#4069,#4070);
#3339=AXIS2_PLACEMENT_3D('',#4989,#4072,#4073);
#3340=AXIS2_PLACEMENT_3D('',#4990,#4074,#4075);
#3341=AXIS2_PLACEMENT_3D('',#4997,#4080,#4081);
#3342=AXIS2_PLACEMENT_3D('',#5007,#4087,#4088);
#3343=AXIS2_PLACEMENT_3D('',#5008,#4089,#4090);
#3344=AXIS2_PLACEMENT_3D('',#5009,#4091,#4092);
#3345=AXIS2_PLACEMENT_3D('',#5010,#4093,#4094);
#3346=AXIS2_PLACEMENT_3D('',#5011,#4095,#4096);
#3347=AXIS2_PLACEMENT_3D('',#5012,#4097,#4098);
#3348=AXIS2_PLACEMENT_3D('',#5013,#4099,#4100);
#3349=AXIS2_PLACEMENT_3D('',#5014,#4101,#4102);
#3350=AXIS2_PLACEMENT_3D('',#5018,#4104,#4105);
#3351=AXIS2_PLACEMENT_3D('',#5019,#4106,#4107);
#3352=AXIS2_PLACEMENT_3D('',#5026,#4112,#4113);
#3353=AXIS2_PLACEMENT_3D('',#5036,#4119,#4120);
#3354=AXIS2_PLACEMENT_3D('',#5037,#4121,#4122);
#3355=AXIS2_PLACEMENT_3D('',#5038,#4123,#4124);
#3356=AXIS2_PLACEMENT_3D('',#5039,#4125,#4126);
#3357=AXIS2_PLACEMENT_3D('',#5040,#4127,#4128);
#3358=AXIS2_PLACEMENT_3D('',#5041,#4129,#4130);
#3359=AXIS2_PLACEMENT_3D('',#5042,#4131,#4132);
#3360=AXIS2_PLACEMENT_3D('',#5043,#4133,#4134);
#3361=AXIS2_PLACEMENT_3D('',#5053,#4140,#4141);
#3362=AXIS2_PLACEMENT_3D('',#5063,#4147,#4148);
#3363=AXIS2_PLACEMENT_3D('',#5064,#4149,#4150);
#3364=AXIS2_PLACEMENT_3D('',#5065,#4151,#4152);
#3365=AXIS2_PLACEMENT_3D('',#5066,#4153,#4154);
#3366=AXIS2_PLACEMENT_3D('',#5067,#4155,#4156);
#3367=AXIS2_PLACEMENT_3D('',#5068,#4157,#4158);
#3368=AXIS2_PLACEMENT_3D('',#5069,#4159,#4160);
#3369=AXIS2_PLACEMENT_3D('',#5070,#4161,#4162);
#3370=AXIS2_PLACEMENT_3D('',#5071,#4163,#4164);
#3371=AXIS2_PLACEMENT_3D('',#5072,#4165,#4166);
#3372=AXIS2_PLACEMENT_3D('',#5082,#4172,#4173);
#3373=AXIS2_PLACEMENT_3D('',#5092,#4179,#4180);
#3374=AXIS2_PLACEMENT_3D('',#5093,#4181,#4182);
#3375=AXIS2_PLACEMENT_3D('',#5094,#4183,#4184);
#3376=AXIS2_PLACEMENT_3D('',#5095,#4185,#4186);
#3377=AXIS2_PLACEMENT_3D('',#5096,#4187,#4188);
#3378=AXIS2_PLACEMENT_3D('',#5097,#4189,#4190);
#3379=AXIS2_PLACEMENT_3D('',#5098,#4191,#4192);
#3380=AXIS2_PLACEMENT_3D('',#5099,#4193,#4194);
#3381=AXIS2_PLACEMENT_3D('',#5100,#4195,#4196);
#3382=AXIS2_PLACEMENT_3D('',#5101,#4197,#4198);
#3383=AXIS2_PLACEMENT_3D('',#5105,#4200,#4201);
#3384=AXIS2_PLACEMENT_3D('',#5106,#4202,#4203);
#3385=AXIS2_PLACEMENT_3D('',#5113,#4208,#4209);
#3386=AXIS2_PLACEMENT_3D('',#5123,#4215,#4216);
#3387=AXIS2_PLACEMENT_3D('',#5124,#4217,#4218);
#3388=AXIS2_PLACEMENT_3D('',#5125,#4219,#4220);
#3389=AXIS2_PLACEMENT_3D('',#5126,#4221,#4222);
#3390=AXIS2_PLACEMENT_3D('',#5127,#4223,#4224);
#3391=AXIS2_PLACEMENT_3D('',#5128,#4225,#4226);
#3392=AXIS2_PLACEMENT_3D('',#5129,#4227,#4228);
#3393=AXIS2_PLACEMENT_3D('',#5130,#4229,#4230);
#3394=AXIS2_PLACEMENT_3D('',#5134,#4232,#4233);
#3395=AXIS2_PLACEMENT_3D('',#5135,#4234,#4235);
#3396=AXIS2_PLACEMENT_3D('',#5142,#4240,#4241);
#3397=AXIS2_PLACEMENT_3D('',#5152,#4247,#4248);
#3398=AXIS2_PLACEMENT_3D('',#5153,#4249,#4250);
#3399=AXIS2_PLACEMENT_3D('',#5154,#4251,#4252);
#3400=AXIS2_PLACEMENT_3D('',#5155,#4253,#4254);
#3401=AXIS2_PLACEMENT_3D('',#5156,#4255,#4256);
#3402=AXIS2_PLACEMENT_3D('',#5157,#4257,#4258);
#3403=AXIS2_PLACEMENT_3D('',#5158,#4259,#4260);
#3404=AXIS2_PLACEMENT_3D('',#5159,#4261,#4262);
#3405=AXIS2_PLACEMENT_3D('',#5169,#4268,#4269);
#3406=AXIS2_PLACEMENT_3D('',#5179,#4275,#4276);
#3407=AXIS2_PLACEMENT_3D('',#5180,#4277,#4278);
#3408=AXIS2_PLACEMENT_3D('',#5181,#4279,#4280);
#3409=AXIS2_PLACEMENT_3D('',#5182,#4281,#4282);
#3410=AXIS2_PLACEMENT_3D('',#5183,#4283,#4284);
#3411=AXIS2_PLACEMENT_3D('',#5184,#4285,#4286);
#3412=AXIS2_PLACEMENT_3D('',#5185,#4287,#4288);
#3413=AXIS2_PLACEMENT_3D('',#5186,#4289,#4290);
#3414=AXIS2_PLACEMENT_3D('',#5187,#4291,#4292);
#3415=AXIS2_PLACEMENT_3D('',#5188,#4293,#4294);
#3416=AXIS2_PLACEMENT_3D('',#5198,#4300,#4301);
#3417=AXIS2_PLACEMENT_3D('',#5208,#4307,#4308);
#3418=AXIS2_PLACEMENT_3D('',#5209,#4309,#4310);
#3419=AXIS2_PLACEMENT_3D('',#5210,#4311,#4312);
#3420=AXIS2_PLACEMENT_3D('',#5211,#4313,#4314);
#3421=AXIS2_PLACEMENT_3D('',#5212,#4315,#4316);
#3422=AXIS2_PLACEMENT_3D('',#5213,#4317,#4318);
#3423=AXIS2_PLACEMENT_3D('',#5214,#4319,#4320);
#3424=AXIS2_PLACEMENT_3D('',#5215,#4321,#4322);
#3425=AXIS2_PLACEMENT_3D('',#5216,#4323,#4324);
#3426=AXIS2_PLACEMENT_3D('',#5217,#4325,#4326);
#3427=AXIS2_PLACEMENT_3D('',#5221,#4328,#4329);
#3428=AXIS2_PLACEMENT_3D('',#5222,#4330,#4331);
#3429=AXIS2_PLACEMENT_3D('',#5229,#4336,#4337);
#3430=AXIS2_PLACEMENT_3D('',#5239,#4343,#4344);
#3431=AXIS2_PLACEMENT_3D('',#5240,#4345,#4346);
#3432=AXIS2_PLACEMENT_3D('',#5241,#4347,#4348);
#3433=AXIS2_PLACEMENT_3D('',#5242,#4349,#4350);
#3434=AXIS2_PLACEMENT_3D('',#5243,#4351,#4352);
#3435=AXIS2_PLACEMENT_3D('',#5244,#4353,#4354);
#3436=AXIS2_PLACEMENT_3D('',#5245,#4355,#4356);
#3437=AXIS2_PLACEMENT_3D('',#5246,#4357,#4358);
#3438=AXIS2_PLACEMENT_3D('',#5250,#4360,#4361);
#3439=AXIS2_PLACEMENT_3D('',#5251,#4362,#4363);
#3440=AXIS2_PLACEMENT_3D('',#5258,#4368,#4369);
#3441=AXIS2_PLACEMENT_3D('',#5268,#4375,#4376);
#3442=AXIS2_PLACEMENT_3D('',#5269,#4377,#4378);
#3443=AXIS2_PLACEMENT_3D('',#5270,#4379,#4380);
#3444=AXIS2_PLACEMENT_3D('',#5271,#4381,#4382);
#3445=AXIS2_PLACEMENT_3D('',#5272,#4383,#4384);
#3446=AXIS2_PLACEMENT_3D('',#5273,#4385,#4386);
#3447=AXIS2_PLACEMENT_3D('',#5274,#4387,#4388);
#3448=AXIS2_PLACEMENT_3D('',#5275,#4389,#4390);
#3449=AXIS2_PLACEMENT_3D('',#5285,#4396,#4397);
#3450=AXIS2_PLACEMENT_3D('',#5295,#4403,#4404);
#3451=AXIS2_PLACEMENT_3D('',#5296,#4405,#4406);
#3452=AXIS2_PLACEMENT_3D('',#5297,#4407,#4408);
#3453=AXIS2_PLACEMENT_3D('',#5298,#4409,#4410);
#3454=AXIS2_PLACEMENT_3D('',#5299,#4411,#4412);
#3455=AXIS2_PLACEMENT_3D('',#5300,#4413,#4414);
#3456=AXIS2_PLACEMENT_3D('',#5301,#4415,#4416);
#3457=AXIS2_PLACEMENT_3D('',#5302,#4417,#4418);
#3458=AXIS2_PLACEMENT_3D('',#5303,#4419,#4420);
#3459=AXIS2_PLACEMENT_3D('',#5304,#4421,#4422);
#3460=AXIS2_PLACEMENT_3D('',#5305,#4423,#4424);
#3461=AXIS2_PLACEMENT_3D('',#5306,#4425,#4426);
#3462=AXIS2_PLACEMENT_3D('',#5307,#4427,#4428);
#3463=AXIS2_PLACEMENT_3D('',#5308,#4429,#4430);
#3464=AXIS2_PLACEMENT_3D('',#5309,#4431,#4432);
#3465=AXIS2_PLACEMENT_3D('',#5310,#4433,#4434);
#3466=AXIS2_PLACEMENT_3D('',#5311,#4435,#4436);
#3467=AXIS2_PLACEMENT_3D('',#5312,#4437,#4438);
#3468=AXIS2_PLACEMENT_3D('',#5313,#4439,#4440);
#3469=AXIS2_PLACEMENT_3D('',#5314,#4441,#4442);
#3470=AXIS2_PLACEMENT_3D('',#5315,#4443,#4444);
#3471=DIRECTION('',(0.,0.,1.));
#3472=DIRECTION('',(1.,0.,0.));
#3473=DIRECTION('',(0.,0.,-1.));
#3474=DIRECTION('',(-1.,0.,0.));
#3475=DIRECTION('',(0.,0.,-1.));
#3476=DIRECTION('',(-1.,0.,0.));
#3477=DIRECTION('',(0.,0.,-1.));
#3478=DIRECTION('',(-1.,0.,0.));
#3479=DIRECTION('',(0.,0.,-1.));
#3480=DIRECTION('',(-1.,0.,0.));
#3481=DIRECTION('',(0.,0.,-1.));
#3482=DIRECTION('',(-1.,0.,0.));
#3483=DIRECTION('',(0.,0.,-1.));
#3484=DIRECTION('',(-1.,0.,0.));
#3485=DIRECTION('',(0.,0.,-1.));
#3486=DIRECTION('',(-1.,0.,0.));
#3487=DIRECTION('',(0.,0.,-1.));
#3488=DIRECTION('',(-1.,0.,0.));
#3489=DIRECTION('',(0.,0.,-1.));
#3490=DIRECTION('',(-1.,0.,0.));
#3491=DIRECTION('',(0.,0.,-1.));
#3492=DIRECTION('',(-1.,0.,0.));
#3493=DIRECTION('',(0.,0.,-1.));
#3494=DIRECTION('',(-1.,0.,0.));
#3495=DIRECTION('',(0.,0.,-1.));
#3496=DIRECTION('',(-1.,0.,0.));
#3497=DIRECTION('',(0.,0.,-1.));
#3498=DIRECTION('',(-1.,0.,0.));
#3499=DIRECTION('',(0.,0.,-1.));
#3500=DIRECTION('',(-1.,0.,0.));
#3501=DIRECTION('',(0.,0.,-1.));
#3502=DIRECTION('',(-1.,0.,0.));
#3503=DIRECTION('',(0.,0.,-1.));
#3504=DIRECTION('',(-1.,0.,0.));
#3505=DIRECTION('',(0.,0.,-1.));
#3506=DIRECTION('',(1.,0.,0.));
#3507=DIRECTION('',(0.,0.,-1.));
#3508=DIRECTION('',(-1.,0.,0.));
#3509=DIRECTION('',(0.,-1.,0.));
#3510=DIRECTION('',(0.,0.,-1.));
#3511=DIRECTION('',(1.,0.,0.));
#3512=DIRECTION('',(0.,0.,-1.));
#3513=DIRECTION('',(-1.,0.,0.));
#3514=DIRECTION('',(-1.,0.,0.));
#3515=DIRECTION('',(0.,0.,-1.));
#3516=DIRECTION('',(1.,0.,0.));
#3517=DIRECTION('',(0.,0.,-1.));
#3518=DIRECTION('',(-1.,0.,0.));
#3519=DIRECTION('',(0.,1.,0.));
#3520=DIRECTION('',(0.,0.,-1.));
#3521=DIRECTION('',(1.,0.,0.));
#3522=DIRECTION('',(0.,0.,-1.));
#3523=DIRECTION('',(-1.,0.,0.));
#3524=DIRECTION('',(1.,0.,0.));
#3525=DIRECTION('',(0.,0.,-1.));
#3526=DIRECTION('',(-6.12323399573677E-17,1.,0.));
#3527=DIRECTION('',(0.,0.,-1.));
#3528=DIRECTION('',(-6.12323399573677E-17,1.,0.));
#3529=DIRECTION('',(0.,0.,-1.));
#3530=DIRECTION('',(-6.12323399573677E-17,1.,0.));
#3531=DIRECTION('',(0.,0.,-1.));
#3532=DIRECTION('',(-6.12323399573677E-17,1.,0.));
#3533=DIRECTION('',(0.,0.,-1.));
#3534=DIRECTION('',(-6.12323399573677E-17,1.,0.));
#3535=DIRECTION('',(0.,0.,-1.));
#3536=DIRECTION('',(-6.12323399573677E-17,1.,0.));
#3537=DIRECTION('',(0.,0.,-1.));
#3538=DIRECTION('',(-6.12323399573677E-17,1.,0.));
#3539=DIRECTION('',(0.,0.,-1.));
#3540=DIRECTION('',(6.12323399573677E-17,-1.,0.));
#3541=DIRECTION('',(0.,0.,-1.));
#3542=DIRECTION('',(-6.12323399573677E-17,1.,0.));
#3543=DIRECTION('',(0.,0.,-1.));
#3544=DIRECTION('',(-6.12323399573677E-17,1.,0.));
#3545=DIRECTION('',(0.,0.,-1.));
#3546=DIRECTION('',(-6.12323399573677E-17,1.,0.));
#3547=DIRECTION('',(0.,0.,-1.));
#3548=DIRECTION('',(-6.12323399573677E-17,1.,0.));
#3549=DIRECTION('',(0.,0.,-1.));
#3550=DIRECTION('',(-6.12323399573677E-17,1.,0.));
#3551=DIRECTION('',(0.,0.,-1.));
#3552=DIRECTION('',(-6.12323399573677E-17,1.,0.));
#3553=DIRECTION('',(0.,0.,-1.));
#3554=DIRECTION('',(-6.12323399573677E-17,1.,0.));
#3555=DIRECTION('',(0.,0.,-1.));
#3556=DIRECTION('',(6.12323399573677E-17,-1.,0.));
#3557=DIRECTION('',(6.12323399573677E-17,-1.,0.));
#3558=DIRECTION('',(0.,0.,-1.));
#3559=DIRECTION('',(1.,6.12323399573677E-17,0.));
#3560=DIRECTION('',(0.,0.,-1.));
#3561=DIRECTION('',(1.,6.12323399573677E-17,0.));
#3562=DIRECTION('',(0.,0.,1.));
#3563=DIRECTION('',(6.12323399573677E-17,-1.,0.));
#3564=DIRECTION('',(0.,0.,-1.));
#3565=DIRECTION('',(1.,6.12323399573677E-17,0.));
#3566=DIRECTION('',(0.,0.,1.));
#3567=DIRECTION('',(1.,6.12323399573677E-17,0.));
#3568=DIRECTION('',(0.,0.,-1.));
#3569=DIRECTION('',(1.,6.12323399573677E-17,0.));
#3570=DIRECTION('',(0.,0.,1.));
#3571=DIRECTION('',(-6.12323399573677E-17,1.,0.));
#3572=DIRECTION('',(0.,0.,1.));
#3573=DIRECTION('',(-6.12323399573677E-17,1.,0.));
#3574=DIRECTION('',(0.,0.,1.));
#3575=DIRECTION('',(0.,0.,-1.));
#3576=DIRECTION('',(6.12323399573677E-17,-1.,0.));
#3577=DIRECTION('',(0.,0.,-1.));
#3578=DIRECTION('',(-6.12323399573677E-17,1.,0.));
#3579=DIRECTION('',(0.,0.,-1.));
#3580=DIRECTION('',(-6.12323399573677E-17,1.,0.));
#3581=DIRECTION('',(1.,1.22464679914735E-16,0.));
#3582=DIRECTION('',(0.,0.,-1.));
#3583=DIRECTION('',(-1.,0.,0.));
#3584=DIRECTION('',(1.22464679914735E-16,-1.,0.));
#3585=DIRECTION('',(0.,0.,-1.));
#3586=DIRECTION('',(-1.,0.,0.));
#3587=DIRECTION('',(0.,0.,-1.));
#3588=DIRECTION('',(-1.,0.,0.));
#3589=DIRECTION('',(0.,0.,-1.));
#3590=DIRECTION('',(-1.,0.,0.));
#3591=DIRECTION('',(0.,0.,-1.));
#3592=DIRECTION('',(-1.,0.,0.));
#3593=DIRECTION('',(0.,1.,0.));
#3594=DIRECTION('',(0.,0.,-1.));
#3595=DIRECTION('',(-1.,0.,0.));
#3596=DIRECTION('',(-1.,0.,0.));
#3597=DIRECTION('',(0.,0.,-1.));
#3598=DIRECTION('',(-1.,0.,0.));
#3599=DIRECTION('',(0.,1.,0.));
#3600=DIRECTION('',(0.,0.,-1.));
#3601=DIRECTION('',(-1.,0.,0.));
#3602=DIRECTION('',(-1.,-1.83697019872103E-16,0.));
#3603=DIRECTION('',(0.,0.,-1.));
#3604=DIRECTION('',(-1.,0.,0.));
#3605=DIRECTION('',(1.83697019872103E-16,-1.,0.));
#3606=DIRECTION('',(0.,0.,-1.));
#3607=DIRECTION('',(-1.,0.,0.));
#3608=DIRECTION('',(-1.,-1.83697019872103E-16,0.));
#3609=DIRECTION('',(0.,0.,-1.));
#3610=DIRECTION('',(-1.,0.,0.));
#3611=DIRECTION('',(1.22464679914735E-16,-1.,0.));
#3612=DIRECTION('',(0.,0.,-1.));
#3613=DIRECTION('',(-1.,0.,0.));
#3614=DIRECTION('',(0.,0.,-1.));
#3615=DIRECTION('',(-1.,0.,0.));
#3616=DIRECTION('',(0.,0.,-1.));
#3617=DIRECTION('',(-1.,0.,0.));
#3618=DIRECTION('',(0.,0.,-1.));
#3619=DIRECTION('',(-1.,0.,0.));
#3620=DIRECTION('',(0.,0.,-1.));
#3621=DIRECTION('',(-1.,0.,0.));
#3622=DIRECTION('',(0.,0.,-1.));
#3623=DIRECTION('',(1.83697019872103E-16,-1.,0.));
#3624=DIRECTION('',(0.,0.,-1.));
#3625=DIRECTION('',(1.83697019872103E-16,-1.,0.));
#3626=DIRECTION('',(0.,0.,-1.));
#3627=DIRECTION('',(1.83697019872103E-16,-1.,0.));
#3628=DIRECTION('',(0.,0.,-1.));
#3629=DIRECTION('',(1.83697019872103E-16,-1.,0.));
#3630=DIRECTION('',(0.,0.,-1.));
#3631=DIRECTION('',(1.,1.22464679914735E-16,0.));
#3632=DIRECTION('',(0.,0.,-1.));
#3633=DIRECTION('',(1.,1.22464679914735E-16,0.));
#3634=DIRECTION('',(0.,0.,-1.));
#3635=DIRECTION('',(1.,1.22464679914735E-16,0.));
#3636=DIRECTION('',(0.,0.,-1.));
#3637=DIRECTION('',(1.,1.22464679914735E-16,0.));
#3638=DIRECTION('',(0.,0.,-1.));
#3639=DIRECTION('',(-1.,0.,0.));
#3640=DIRECTION('',(0.,0.,-1.));
#3641=DIRECTION('',(-1.,0.,0.));
#3642=DIRECTION('',(0.,0.,-1.));
#3643=DIRECTION('',(-1.,0.,0.));
#3644=DIRECTION('',(0.,0.,-1.));
#3645=DIRECTION('',(-1.,0.,0.));
#3646=DIRECTION('',(0.,0.,-1.));
#3647=DIRECTION('',(6.12323399573677E-17,-1.,0.));
#3648=DIRECTION('',(0.,0.,-1.));
#3649=DIRECTION('',(-6.12323399573677E-17,1.,0.));
#3650=DIRECTION('',(0.,0.,-1.));
#3651=DIRECTION('',(-6.12323399573677E-17,1.,0.));
#3652=DIRECTION('',(0.,0.,-1.));
#3653=DIRECTION('',(-6.12323399573677E-17,1.,0.));
#3654=DIRECTION('',(0.,0.,-1.));
#3655=DIRECTION('',(-6.12323399573677E-17,1.,0.));
#3656=DIRECTION('',(0.,0.,-1.));
#3657=DIRECTION('',(-6.12323399573677E-17,1.,0.));
#3658=DIRECTION('',(0.,0.,-1.));
#3659=DIRECTION('',(-6.12323399573677E-17,1.,0.));
#3660=DIRECTION('',(0.,0.,-1.));
#3661=DIRECTION('',(6.12323399573677E-17,-1.,0.));
#3662=DIRECTION('',(0.,0.,-1.));
#3663=DIRECTION('',(-6.12323399573677E-17,1.,0.));
#3664=DIRECTION('',(0.,0.,-1.));
#3665=DIRECTION('',(-6.12323399573677E-17,1.,0.));
#3666=DIRECTION('',(0.,0.,-1.));
#3667=DIRECTION('',(-6.12323399573677E-17,1.,0.));
#3668=DIRECTION('',(0.,0.,-1.));
#3669=DIRECTION('',(-6.12323399573677E-17,1.,0.));
#3670=DIRECTION('',(0.,0.,-1.));
#3671=DIRECTION('',(-6.12323399573677E-17,1.,0.));
#3672=DIRECTION('',(0.,0.,-1.));
#3673=DIRECTION('',(-6.12323399573677E-17,1.,0.));
#3674=DIRECTION('',(0.,0.,-1.));
#3675=DIRECTION('',(-1.,0.,0.));
#3676=DIRECTION('',(0.,0.,-1.));
#3677=DIRECTION('',(-1.,0.,0.));
#3678=DIRECTION('',(0.,0.,-1.));
#3679=DIRECTION('',(1.,0.,0.));
#3680=DIRECTION('',(0.,0.,-1.));
#3681=DIRECTION('',(-1.,0.,0.));
#3682=DIRECTION('',(0.,0.,-1.));
#3683=DIRECTION('',(-1.,0.,0.));
#3684=DIRECTION('',(0.,0.,-1.));
#3685=DIRECTION('',(1.,0.,0.));
#3686=DIRECTION('',(1.,0.,0.));
#3687=DIRECTION('',(0.,0.,-1.));
#3688=DIRECTION('',(0.,0.,-1.));
#3689=DIRECTION('',(0.,1.,0.));
#3690=DIRECTION('',(0.,0.,1.));
#3691=DIRECTION('',(1.,0.,0.));
#3692=DIRECTION('',(0.,0.,-1.));
#3693=DIRECTION('',(0.,0.,1.));
#3694=DIRECTION('',(0.,1.,0.));
#3695=DIRECTION('',(0.,0.,-1.));
#3696=DIRECTION('',(0.,1.,0.));
#3697=DIRECTION('',(0.,0.,1.));
#3698=DIRECTION('',(0.,0.,1.));
#3699=DIRECTION('',(-1.,0.,0.));
#3700=DIRECTION('',(0.,0.,1.));
#3701=DIRECTION('',(0.,0.,-1.));
#3702=DIRECTION('',(1.,0.,0.));
#3703=DIRECTION('',(0.,0.,-1.));
#3704=DIRECTION('',(-1.,0.,0.));
#3705=DIRECTION('',(0.,0.,-1.));
#3706=DIRECTION('',(-1.,0.,0.));
#3707=DIRECTION('',(0.,0.,-1.));
#3708=DIRECTION('',(1.,0.,0.));
#3709=DIRECTION('',(0.,0.,-1.));
#3710=DIRECTION('',(-1.,0.,0.));
#3711=DIRECTION('',(0.,0.,-1.));
#3712=DIRECTION('',(-1.,0.,0.));
#3713=DIRECTION('',(0.,0.,-1.));
#3714=DIRECTION('',(1.83697019872103E-16,-1.,0.));
#3715=DIRECTION('',(0.,0.,-1.));
#3716=DIRECTION('',(1.83697019872103E-16,-1.,0.));
#3717=DIRECTION('',(0.,0.,-1.));
#3718=DIRECTION('',(1.83697019872103E-16,-1.,0.));
#3719=DIRECTION('',(0.,0.,-1.));
#3720=DIRECTION('',(1.83697019872103E-16,-1.,0.));
#3721=DIRECTION('',(0.,0.,-1.));
#3722=DIRECTION('',(1.83697019872103E-16,-1.,0.));
#3723=DIRECTION('',(0.,0.,-1.));
#3724=DIRECTION('',(1.83697019872103E-16,-1.,0.));
#3725=DIRECTION('',(0.,0.,-1.));
#3726=DIRECTION('',(-1.83697019872103E-16,1.,0.));
#3727=DIRECTION('',(0.,0.,-1.));
#3728=DIRECTION('',(1.83697019872103E-16,-1.,0.));
#3729=DIRECTION('',(0.,0.,-1.));
#3730=DIRECTION('',(1.83697019872103E-16,-1.,0.));
#3731=DIRECTION('',(0.,0.,-1.));
#3732=DIRECTION('',(1.83697019872103E-16,-1.,0.));
#3733=DIRECTION('',(0.,0.,-1.));
#3734=DIRECTION('',(1.83697019872103E-16,-1.,0.));
#3735=DIRECTION('',(0.,0.,-1.));
#3736=DIRECTION('',(1.83697019872103E-16,-1.,0.));
#3737=DIRECTION('',(0.,0.,-1.));
#3738=DIRECTION('',(1.83697019872103E-16,-1.,0.));
#3739=DIRECTION('',(0.,0.,-1.));
#3740=DIRECTION('',(-1.83697019872103E-16,1.,0.));
#3741=DIRECTION('',(-1.83697019872103E-16,1.,0.));
#3742=DIRECTION('',(0.,0.,-1.));
#3743=DIRECTION('',(0.,0.,-1.));
#3744=DIRECTION('',(-1.,-1.83697019872103E-16,0.));
#3745=DIRECTION('',(0.,0.,1.));
#3746=DIRECTION('',(-1.83697019872103E-16,1.,0.));
#3747=DIRECTION('',(0.,0.,-1.));
#3748=DIRECTION('',(0.,0.,1.));
#3749=DIRECTION('',(-1.,-1.83697019872103E-16,0.));
#3750=DIRECTION('',(0.,0.,-1.));
#3751=DIRECTION('',(-1.,-1.83697019872103E-16,0.));
#3752=DIRECTION('',(0.,0.,1.));
#3753=DIRECTION('',(0.,0.,1.));
#3754=DIRECTION('',(1.83697019872103E-16,-1.,0.));
#3755=DIRECTION('',(0.,0.,1.));
#3756=DIRECTION('',(0.,0.,-1.));
#3757=DIRECTION('',(-1.83697019872103E-16,1.,0.));
#3758=DIRECTION('',(0.,0.,-1.));
#3759=DIRECTION('',(1.83697019872103E-16,-1.,0.));
#3760=DIRECTION('',(0.,0.,-1.));
#3761=DIRECTION('',(1.83697019872103E-16,-1.,0.));
#3762=DIRECTION('',(0.,0.,-1.));
#3763=DIRECTION('',(1.83697019872103E-16,-1.,0.));
#3764=DIRECTION('',(0.,0.,-1.));
#3765=DIRECTION('',(1.83697019872103E-16,-1.,0.));
#3766=DIRECTION('',(0.,0.,-1.));
#3767=DIRECTION('',(1.83697019872103E-16,-1.,0.));
#3768=DIRECTION('',(0.,0.,-1.));
#3769=DIRECTION('',(1.83697019872103E-16,-1.,0.));
#3770=DIRECTION('',(0.,0.,-1.));
#3771=DIRECTION('',(-1.83697019872103E-16,1.,0.));
#3772=DIRECTION('',(0.,0.,-1.));
#3773=DIRECTION('',(1.83697019872103E-16,-1.,0.));
#3774=DIRECTION('',(0.,0.,-1.));
#3775=DIRECTION('',(1.83697019872103E-16,-1.,0.));
#3776=DIRECTION('',(0.,0.,-1.));
#3777=DIRECTION('',(1.83697019872103E-16,-1.,0.));
#3778=DIRECTION('',(0.,0.,-1.));
#3779=DIRECTION('',(1.83697019872103E-16,-1.,0.));
#3780=DIRECTION('',(0.,0.,-1.));
#3781=DIRECTION('',(1.83697019872103E-16,-1.,0.));
#3782=DIRECTION('',(0.,0.,-1.));
#3783=DIRECTION('',(1.83697019872103E-16,-1.,0.));
#3784=DIRECTION('',(0.,0.,-1.));
#3785=DIRECTION('',(1.,1.22464679914735E-16,0.));
#3786=DIRECTION('',(0.,0.,-1.));
#3787=DIRECTION('',(1.,1.22464679914735E-16,0.));
#3788=DIRECTION('',(0.,0.,-1.));
#3789=DIRECTION('',(1.,1.22464679914735E-16,0.));
#3790=DIRECTION('',(0.,0.,-1.));
#3791=DIRECTION('',(1.,1.22464679914735E-16,0.));
#3792=DIRECTION('',(0.,0.,-1.));
#3793=DIRECTION('',(1.,1.22464679914735E-16,0.));
#3794=DIRECTION('',(0.,0.,-1.));
#3795=DIRECTION('',(1.,1.22464679914735E-16,0.));
#3796=DIRECTION('',(0.,0.,-1.));
#3797=DIRECTION('',(-1.,-1.22464679914735E-16,0.));
#3798=DIRECTION('',(0.,0.,-1.));
#3799=DIRECTION('',(1.,1.22464679914735E-16,0.));
#3800=DIRECTION('',(0.,0.,-1.));
#3801=DIRECTION('',(1.,1.22464679914735E-16,0.));
#3802=DIRECTION('',(0.,0.,-1.));
#3803=DIRECTION('',(1.,1.22464679914735E-16,0.));
#3804=DIRECTION('',(0.,0.,-1.));
#3805=DIRECTION('',(1.,1.22464679914735E-16,0.));
#3806=DIRECTION('',(0.,0.,-1.));
#3807=DIRECTION('',(1.,1.22464679914735E-16,0.));
#3808=DIRECTION('',(0.,0.,-1.));
#3809=DIRECTION('',(1.,1.22464679914735E-16,0.));
#3810=DIRECTION('',(0.,0.,-1.));
#3811=DIRECTION('',(-1.,-1.22464679914735E-16,0.));
#3812=DIRECTION('',(-1.,-1.22464679914735E-16,0.));
#3813=DIRECTION('',(0.,0.,-1.));
#3814=DIRECTION('',(1.22464679914735E-16,-1.,0.));
#3815=DIRECTION('',(0.,0.,1.));
#3816=DIRECTION('',(0.,0.,-1.));
#3817=DIRECTION('',(-1.,-1.22464679914735E-16,0.));
#3818=DIRECTION('',(0.,0.,-1.));
#3819=DIRECTION('',(0.,0.,1.));
#3820=DIRECTION('',(1.22464679914735E-16,-1.,0.));
#3821=DIRECTION('',(0.,0.,-1.));
#3822=DIRECTION('',(1.22464679914735E-16,-1.,0.));
#3823=DIRECTION('',(0.,0.,1.));
#3824=DIRECTION('',(1.,1.22464679914735E-16,0.));
#3825=DIRECTION('',(0.,0.,1.));
#3826=DIRECTION('',(0.,0.,1.));
#3827=DIRECTION('',(0.,0.,-1.));
#3828=DIRECTION('',(-1.,-1.22464679914735E-16,0.));
#3829=DIRECTION('',(0.,0.,-1.));
#3830=DIRECTION('',(1.,1.22464679914735E-16,0.));
#3831=DIRECTION('',(0.,0.,-1.));
#3832=DIRECTION('',(1.,1.22464679914735E-16,0.));
#3833=DIRECTION('',(0.,0.,-1.));
#3834=DIRECTION('',(1.,1.22464679914735E-16,0.));
#3835=DIRECTION('',(0.,0.,-1.));
#3836=DIRECTION('',(1.,1.22464679914735E-16,0.));
#3837=DIRECTION('',(0.,0.,-1.));
#3838=DIRECTION('',(1.,1.22464679914735E-16,0.));
#3839=DIRECTION('',(0.,0.,-1.));
#3840=DIRECTION('',(1.,1.22464679914735E-16,0.));
#3841=DIRECTION('',(0.,0.,-1.));
#3842=DIRECTION('',(-1.,-1.22464679914735E-16,0.));
#3843=DIRECTION('',(0.,0.,-1.));
#3844=DIRECTION('',(1.,1.22464679914735E-16,0.));
#3845=DIRECTION('',(0.,0.,-1.));
#3846=DIRECTION('',(1.,1.22464679914735E-16,0.));
#3847=DIRECTION('',(0.,0.,-1.));
#3848=DIRECTION('',(1.,1.22464679914735E-16,0.));
#3849=DIRECTION('',(0.,0.,-1.));
#3850=DIRECTION('',(1.,1.22464679914735E-16,0.));
#3851=DIRECTION('',(0.,0.,-1.));
#3852=DIRECTION('',(1.,1.22464679914735E-16,0.));
#3853=DIRECTION('',(0.,0.,-1.));
#3854=DIRECTION('',(1.,1.22464679914735E-16,0.));
#3855=DIRECTION('',(0.,0.,-1.));
#3856=DIRECTION('',(-1.,0.,0.));
#3857=DIRECTION('',(0.,0.,-1.));
#3858=DIRECTION('',(-1.,0.,0.));
#3859=DIRECTION('',(0.,0.,-1.));
#3860=DIRECTION('',(-1.,0.,0.));
#3861=DIRECTION('',(0.,0.,-1.));
#3862=DIRECTION('',(-1.,0.,0.));
#3863=DIRECTION('',(0.,0.,-1.));
#3864=DIRECTION('',(-1.,0.,0.));
#3865=DIRECTION('',(0.,0.,-1.));
#3866=DIRECTION('',(-1.,0.,0.));
#3867=DIRECTION('',(0.,0.,-1.));
#3868=DIRECTION('',(-1.,0.,0.));
#3869=DIRECTION('',(0.,0.,-1.));
#3870=DIRECTION('',(-1.,0.,0.));
#3871=DIRECTION('',(0.,0.,-1.));
#3872=DIRECTION('',(6.12323399573677E-17,-1.,0.));
#3873=DIRECTION('',(0.,0.,-1.));
#3874=DIRECTION('',(-1.,0.,0.));
#3875=DIRECTION('',(0.,0.,-1.));
#3876=DIRECTION('',(-1.,0.,0.));
#3877=DIRECTION('',(0.,0.,-1.));
#3878=DIRECTION('',(-1.,0.,0.));
#3879=DIRECTION('',(0.,0.,-1.));
#3880=DIRECTION('',(-1.,0.,0.));
#3881=DIRECTION('',(0.,0.,-1.));
#3882=DIRECTION('',(-1.,0.,0.));
#3883=DIRECTION('',(0.,0.,-1.));
#3884=DIRECTION('',(-1.,0.,0.));
#3885=DIRECTION('',(0.,0.,-1.));
#3886=DIRECTION('',(-1.,0.,0.));
#3887=DIRECTION('',(0.,0.,-1.));
#3888=DIRECTION('',(-1.,0.,0.));
#3889=DIRECTION('',(0.,0.,-1.));
#3890=DIRECTION('',(-1.,0.,0.));
#3891=DIRECTION('',(0.,0.,-1.));
#3892=DIRECTION('',(-1.,0.,0.));
#3893=DIRECTION('',(0.,0.,-1.));
#3894=DIRECTION('',(-1.,0.,0.));
#3895=DIRECTION('',(0.,0.,-1.));
#3896=DIRECTION('',(-1.,0.,0.));
#3897=DIRECTION('',(0.,0.,-1.));
#3898=DIRECTION('',(-1.,0.,0.));
#3899=DIRECTION('',(0.,0.,-1.));
#3900=DIRECTION('',(-1.,0.,0.));
#3901=DIRECTION('',(0.,0.,-1.));
#3902=DIRECTION('',(-1.,0.,0.));
#3903=DIRECTION('',(0.,0.,-1.));
#3904=DIRECTION('',(-1.,0.,0.));
#3905=DIRECTION('',(0.,0.,-1.));
#3906=DIRECTION('',(-1.,0.,0.));
#3907=DIRECTION('',(0.,0.,-1.));
#3908=DIRECTION('',(-1.,0.,0.));
#3909=DIRECTION('',(0.,0.,-1.));
#3910=DIRECTION('',(-1.,0.,0.));
#3911=DIRECTION('',(0.,0.,-1.));
#3912=DIRECTION('',(-1.,0.,0.));
#3913=DIRECTION('',(0.,0.,-1.));
#3914=DIRECTION('',(-1.,0.,0.));
#3915=DIRECTION('',(0.,0.,-1.));
#3916=DIRECTION('',(-1.,0.,0.));
#3917=DIRECTION('',(0.,0.,-1.));
#3918=DIRECTION('',(-1.,0.,0.));
#3919=DIRECTION('',(0.,0.,-1.));
#3920=DIRECTION('',(-1.,0.,0.));
#3921=DIRECTION('',(0.,0.,-1.));
#3922=DIRECTION('',(-1.,0.,0.));
#3923=DIRECTION('',(0.,0.,-1.));
#3924=DIRECTION('',(-1.,0.,0.));
#3925=DIRECTION('',(0.,0.,-1.));
#3926=DIRECTION('',(-1.,0.,0.));
#3927=DIRECTION('',(0.,0.,-1.));
#3928=DIRECTION('',(-1.,0.,0.));
#3929=DIRECTION('',(0.,0.,-1.));
#3930=DIRECTION('',(1.,0.,0.));
#3931=DIRECTION('',(-4.48502077486488E-16,-1.,0.));
#3932=DIRECTION('',(0.,0.,-1.));
#3933=DIRECTION('',(-1.,0.,0.));
#3934=DIRECTION('',(0.,0.,-1.));
#3935=DIRECTION('',(-1.,0.,0.));
#3936=DIRECTION('',(0.,0.,-1.));
#3937=DIRECTION('',(0.,0.,-1.));
#3938=DIRECTION('',(-1.,0.,0.));
#3939=DIRECTION('',(0.,0.,-1.));
#3940=DIRECTION('',(0.,0.,-1.));
#3941=DIRECTION('',(0.,0.,-1.));
#3942=DIRECTION('',(-1.,0.,0.));
#3943=DIRECTION('',(0.,0.,-1.));
#3944=DIRECTION('',(0.,0.,-1.));
#3945=DIRECTION('',(1.,0.,0.));
#3946=DIRECTION('',(-1.,2.24251038743244E-16,0.));
#3947=DIRECTION('',(0.,0.,-1.));
#3948=DIRECTION('',(-1.,0.,0.));
#3949=DIRECTION('',(0.,0.,-1.));
#3950=DIRECTION('',(-1.,0.,0.));
#3951=DIRECTION('',(0.,0.,-1.));
#3952=DIRECTION('',(0.,0.,-1.));
#3953=DIRECTION('',(-1.,0.,0.));
#3954=DIRECTION('',(0.,0.,-1.));
#3955=DIRECTION('',(0.,0.,-1.));
#3956=DIRECTION('',(0.,0.,-1.));
#3957=DIRECTION('',(-1.,0.,0.));
#3958=DIRECTION('',(0.,0.,-1.));
#3959=DIRECTION('',(0.,0.,-1.));
#3960=DIRECTION('',(1.,0.,0.));
#3961=DIRECTION('',(0.,1.,0.));
#3962=DIRECTION('',(0.,0.,-1.));
#3963=DIRECTION('',(-1.,0.,0.));
#3964=DIRECTION('',(0.,0.,-1.));
#3965=DIRECTION('',(-1.,0.,0.));
#3966=DIRECTION('',(0.,0.,-1.));
#3967=DIRECTION('',(0.,0.,-1.));
#3968=DIRECTION('',(-1.,0.,0.));
#3969=DIRECTION('',(0.,0.,-1.));
#3970=DIRECTION('',(0.,0.,-1.));
#3971=DIRECTION('',(0.,0.,-1.));
#3972=DIRECTION('',(-1.,0.,0.));
#3973=DIRECTION('',(0.,0.,-1.));
#3974=DIRECTION('',(0.,0.,-1.));
#3975=DIRECTION('',(1.,0.,0.));
#3976=DIRECTION('',(1.,0.,0.));
#3977=DIRECTION('',(0.,0.,-1.));
#3978=DIRECTION('',(-1.,0.,0.));
#3979=DIRECTION('',(0.,0.,-1.));
#3980=DIRECTION('',(-1.,0.,0.));
#3981=DIRECTION('',(0.,0.,-1.));
#3982=DIRECTION('',(0.,0.,-1.));
#3983=DIRECTION('',(-1.,0.,0.));
#3984=DIRECTION('',(0.,0.,-1.));
#3985=DIRECTION('',(0.,0.,-1.));
#3986=DIRECTION('',(0.,0.,-1.));
#3987=DIRECTION('',(-1.,0.,0.));
#3988=DIRECTION('',(0.,0.,-1.));
#3989=DIRECTION('',(0.,-1.,0.));
#3990=DIRECTION('',(0.,0.,-1.));
#3991=DIRECTION('',(-1.,0.,0.));
#3992=DIRECTION('',(-1.,0.,0.));
#3993=DIRECTION('',(-2.24251038743244E-16,-1.,0.));
#3994=DIRECTION('',(1.,-2.24251038743244E-16,0.));
#3995=DIRECTION('',(-1.,2.24251038743244E-16,0.));
#3996=DIRECTION('',(-1.,2.24251038743244E-16,0.));
#3997=DIRECTION('',(0.,0.,-1.));
#3998=DIRECTION('',(1.,0.,0.));
#3999=DIRECTION('',(0.,0.,-1.));
#4000=DIRECTION('',(1.,0.,0.));
#4001=DIRECTION('',(0.,1.,0.));
#4002=DIRECTION('',(0.,0.,1.));
#4003=DIRECTION('',(1.,0.,0.));
#4004=DIRECTION('',(1.,0.,0.));
#4005=DIRECTION('',(0.,1.,0.));
#4006=DIRECTION('',(0.,0.,1.));
#4007=DIRECTION('',(1.,0.,0.));
#4008=DIRECTION('',(1.,0.,0.));
#4009=DIRECTION('',(0.,0.,-1.));
#4010=DIRECTION('',(1.,0.,0.));
#4011=DIRECTION('',(0.,0.,-1.));
#4012=DIRECTION('',(1.,0.,0.));
#4013=DIRECTION('',(-1.,0.,0.));
#4014=DIRECTION('',(0.,0.,1.));
#4015=DIRECTION('',(0.,1.,0.));
#4016=DIRECTION('',(0.,1.,0.));
#4017=DIRECTION('',(-1.,0.,0.));
#4018=DIRECTION('',(0.,0.,1.));
#4019=DIRECTION('',(0.,1.,0.));
#4020=DIRECTION('',(0.,1.,0.));
#4021=DIRECTION('',(0.,0.,-1.));
#4022=DIRECTION('',(1.,0.,0.));
#4023=DIRECTION('',(0.,0.,-1.));
#4024=DIRECTION('',(1.,0.,0.));
#4025=DIRECTION('',(1.,0.,0.));
#4026=DIRECTION('',(0.,0.,-1.));
#4027=DIRECTION('',(0.,-1.,0.));
#4028=DIRECTION('',(0.,-1.,0.));
#4029=DIRECTION('',(1.,-4.48502077486488E-16,0.));
#4030=DIRECTION('',(4.48502077486488E-16,1.,0.));
#4031=DIRECTION('',(-4.48502077486488E-16,-1.,0.));
#4032=DIRECTION('',(-4.48502077486488E-16,-1.,0.));
#4033=DIRECTION('',(0.,0.,-1.));
#4034=DIRECTION('',(1.,0.,0.));
#4035=DIRECTION('',(0.,0.,-1.));
#4036=DIRECTION('',(1.,0.,0.));
#4037=DIRECTION('',(2.64805057614385E-16,1.,0.));
#4038=DIRECTION('',(-1.,2.64805057614385E-16,0.));
#4039=DIRECTION('',(1.,-2.64805057614385E-16,0.));
#4040=DIRECTION('',(1.,-2.64805057614385E-16,0.));
#4041=DIRECTION('',(0.,0.,-1.));
#4042=DIRECTION('',(1.,-2.64805057614385E-16,0.));
#4043=DIRECTION('',(0.,0.,-1.));
#4044=DIRECTION('',(-1.83697019872103E-16,1.,0.));
#4045=DIRECTION('',(0.,0.,-1.));
#4046=DIRECTION('',(0.,0.,-1.));
#4047=DIRECTION('',(1.,1.83697019872103E-16,0.));
#4048=DIRECTION('',(0.,0.,-1.));
#4049=DIRECTION('',(1.,1.83697019872103E-16,0.));
#4050=DIRECTION('',(1.,1.83697019872103E-16,0.));
#4051=DIRECTION('',(0.,0.,-1.));
#4052=DIRECTION('',(-1.83697019872103E-16,1.,0.));
#4053=DIRECTION('',(0.,0.,-1.));
#4054=DIRECTION('',(1.83697019872103E-16,-1.,0.));
#4055=DIRECTION('',(0.,0.,-1.));
#4056=DIRECTION('',(-1.83697019872103E-16,1.,0.));
#4057=DIRECTION('',(0.,0.,-1.));
#4058=DIRECTION('',(1.83697019872103E-16,-1.,0.));
#4059=DIRECTION('',(0.,0.,-1.));
#4060=DIRECTION('',(1.83697019872103E-16,-1.,0.));
#4061=DIRECTION('',(0.,0.,-1.));
#4062=DIRECTION('',(1.83697019872103E-16,-1.,0.));
#4063=DIRECTION('',(0.,0.,-1.));
#4064=DIRECTION('',(1.83697019872103E-16,-1.,0.));
#4065=DIRECTION('',(0.,0.,-1.));
#4066=DIRECTION('',(-1.83697019872103E-16,1.,0.));
#4067=DIRECTION('',(0.,0.,-1.));
#4068=DIRECTION('',(-1.83697019872103E-16,1.,0.));
#4069=DIRECTION('',(0.,0.,-1.));
#4070=DIRECTION('',(-1.83697019872103E-16,1.,0.));
#4071=DIRECTION('',(-4.05540188711413E-17,-1.,0.));
#4072=DIRECTION('',(0.,0.,-1.));
#4073=DIRECTION('',(1.83697019872103E-16,-1.,0.));
#4074=DIRECTION('',(1.,-4.05540188711413E-17,0.));
#4075=DIRECTION('',(4.05540188711413E-17,1.,0.));
#4076=DIRECTION('',(-4.05540188711413E-17,-1.,0.));
#4077=DIRECTION('',(-4.05540188711413E-17,-1.,0.));
#4078=DIRECTION('',(0.,0.,-1.));
#4079=DIRECTION('',(0.,0.,-1.));
#4080=DIRECTION('',(1.,1.83697019872103E-16,0.));
#4081=DIRECTION('',(0.,0.,-1.));
#4082=DIRECTION('',(0.,0.,-1.));
#4083=DIRECTION('',(1.83697019872103E-16,-1.,0.));
#4084=DIRECTION('',(0.,0.,-1.));
#4085=DIRECTION('',(1.83697019872103E-16,-1.,0.));
#4086=DIRECTION('',(1.83697019872103E-16,-1.,0.));
#4087=DIRECTION('',(0.,0.,-1.));
#4088=DIRECTION('',(-1.83697019872103E-16,1.,0.));
#4089=DIRECTION('',(0.,0.,-1.));
#4090=DIRECTION('',(1.83697019872103E-16,-1.,0.));
#4091=DIRECTION('',(0.,0.,-1.));
#4092=DIRECTION('',(1.83697019872103E-16,-1.,0.));
#4093=DIRECTION('',(0.,0.,-1.));
#4094=DIRECTION('',(1.83697019872103E-16,-1.,0.));
#4095=DIRECTION('',(0.,0.,-1.));
#4096=DIRECTION('',(1.83697019872103E-16,-1.,0.));
#4097=DIRECTION('',(0.,0.,-1.));
#4098=DIRECTION('',(-1.83697019872103E-16,1.,0.));
#4099=DIRECTION('',(0.,0.,-1.));
#4100=DIRECTION('',(-1.83697019872103E-16,1.,0.));
#4101=DIRECTION('',(0.,0.,-1.));
#4102=DIRECTION('',(-1.83697019872103E-16,1.,0.));
#4103=DIRECTION('',(-1.,-1.83697019872103E-16,0.));
#4104=DIRECTION('',(0.,0.,-1.));
#4105=DIRECTION('',(1.83697019872103E-16,-1.,0.));
#4106=DIRECTION('',(1.83697019872103E-16,-1.,0.));
#4107=DIRECTION('',(0.,0.,1.));
#4108=DIRECTION('',(-1.,-1.83697019872103E-16,0.));
#4109=DIRECTION('',(-1.,-1.83697019872103E-16,0.));
#4110=DIRECTION('',(0.,0.,-1.));
#4111=DIRECTION('',(0.,0.,-1.));
#4112=DIRECTION('',(1.83697019872103E-16,-1.,0.));
#4113=DIRECTION('',(0.,0.,1.));
#4114=DIRECTION('',(0.,0.,-1.));
#4115=DIRECTION('',(-1.,-1.83697019872103E-16,0.));
#4116=DIRECTION('',(0.,0.,-1.));
#4117=DIRECTION('',(-1.,-1.83697019872103E-16,0.));
#4118=DIRECTION('',(-1.,-1.83697019872103E-16,0.));
#4119=DIRECTION('',(0.,0.,-1.));
#4120=DIRECTION('',(-1.83697019872103E-16,1.,0.));
#4121=DIRECTION('',(0.,0.,-1.));
#4122=DIRECTION('',(1.83697019872103E-16,-1.,0.));
#4123=DIRECTION('',(0.,0.,-1.));
#4124=DIRECTION('',(1.83697019872103E-16,-1.,0.));
#4125=DIRECTION('',(0.,0.,-1.));
#4126=DIRECTION('',(1.83697019872103E-16,-1.,0.));
#4127=DIRECTION('',(0.,0.,-1.));
#4128=DIRECTION('',(1.83697019872103E-16,-1.,0.));
#4129=DIRECTION('',(0.,0.,-1.));
#4130=DIRECTION('',(-1.83697019872103E-16,1.,0.));
#4131=DIRECTION('',(0.,0.,-1.));
#4132=DIRECTION('',(-1.83697019872103E-16,1.,0.));
#4133=DIRECTION('',(-1.,-1.83697019872103E-16,0.));
#4134=DIRECTION('',(0.,0.,1.));
#4135=DIRECTION('',(-1.83697019872103E-16,1.,0.));
#4136=DIRECTION('',(-1.83697019872103E-16,1.,0.));
#4137=DIRECTION('',(0.,0.,-1.));
#4138=DIRECTION('',(-1.83697019872103E-16,1.,0.));
#4139=DIRECTION('',(0.,0.,-1.));
#4140=DIRECTION('',(-1.,-1.83697019872103E-16,0.));
#4141=DIRECTION('',(0.,0.,1.));
#4142=DIRECTION('',(0.,0.,-1.));
#4143=DIRECTION('',(-1.83697019872103E-16,1.,0.));
#4144=DIRECTION('',(0.,0.,-1.));
#4145=DIRECTION('',(-1.83697019872103E-16,1.,0.));
#4146=DIRECTION('',(-1.83697019872103E-16,1.,0.));
#4147=DIRECTION('',(0.,0.,-1.));
#4148=DIRECTION('',(-1.83697019872103E-16,1.,0.));
#4149=DIRECTION('',(0.,0.,-1.));
#4150=DIRECTION('',(1.83697019872103E-16,-1.,0.));
#4151=DIRECTION('',(0.,0.,-1.));
#4152=DIRECTION('',(-1.83697019872103E-16,1.,0.));
#4153=DIRECTION('',(0.,0.,-1.));
#4154=DIRECTION('',(1.83697019872103E-16,-1.,0.));
#4155=DIRECTION('',(0.,0.,-1.));
#4156=DIRECTION('',(1.83697019872103E-16,-1.,0.));
#4157=DIRECTION('',(0.,0.,-1.));
#4158=DIRECTION('',(1.83697019872103E-16,-1.,0.));
#4159=DIRECTION('',(0.,0.,-1.));
#4160=DIRECTION('',(1.83697019872103E-16,-1.,0.));
#4161=DIRECTION('',(0.,0.,-1.));
#4162=DIRECTION('',(-1.83697019872103E-16,1.,0.));
#4163=DIRECTION('',(0.,0.,-1.));
#4164=DIRECTION('',(-1.83697019872103E-16,1.,0.));
#4165=DIRECTION('',(1.22464679914735E-16,-1.,0.));
#4166=DIRECTION('',(0.,0.,1.));
#4167=DIRECTION('',(-1.,-1.22464679914735E-16,0.));
#4168=DIRECTION('',(-1.,-1.22464679914735E-16,0.));
#4169=DIRECTION('',(0.,0.,-1.));
#4170=DIRECTION('',(-1.,-1.22464679914735E-16,0.));
#4171=DIRECTION('',(0.,0.,-1.));
#4172=DIRECTION('',(1.22464679914735E-16,-1.,0.));
#4173=DIRECTION('',(0.,0.,1.));
#4174=DIRECTION('',(0.,0.,-1.));
#4175=DIRECTION('',(-1.,-1.22464679914735E-16,0.));
#4176=DIRECTION('',(0.,0.,-1.));
#4177=DIRECTION('',(-1.,-1.22464679914735E-16,0.));
#4178=DIRECTION('',(-1.,-1.22464679914735E-16,0.));
#4179=DIRECTION('',(0.,0.,-1.));
#4180=DIRECTION('',(-1.,-1.22464679914735E-16,0.));
#4181=DIRECTION('',(0.,0.,-1.));
#4182=DIRECTION('',(1.,1.22464679914735E-16,0.));
#4183=DIRECTION('',(0.,0.,-1.));
#4184=DIRECTION('',(-1.,-1.22464679914735E-16,0.));
#4185=DIRECTION('',(0.,0.,-1.));
#4186=DIRECTION('',(1.,1.22464679914735E-16,0.));
#4187=DIRECTION('',(0.,0.,-1.));
#4188=DIRECTION('',(1.,1.22464679914735E-16,0.));
#4189=DIRECTION('',(0.,0.,-1.));
#4190=DIRECTION('',(1.,1.22464679914735E-16,0.));
#4191=DIRECTION('',(0.,0.,-1.));
#4192=DIRECTION('',(1.,1.22464679914735E-16,0.));
#4193=DIRECTION('',(0.,0.,-1.));
#4194=DIRECTION('',(-1.,-1.22464679914735E-16,0.));
#4195=DIRECTION('',(0.,0.,-1.));
#4196=DIRECTION('',(-1.,-1.22464679914735E-16,0.));
#4197=DIRECTION('',(0.,0.,-1.));
#4198=DIRECTION('',(-1.,-1.22464679914735E-16,0.));
#4199=DIRECTION('',(1.22464679914735E-16,-1.,0.));
#4200=DIRECTION('',(0.,0.,-1.));
#4201=DIRECTION('',(1.,1.22464679914735E-16,0.));
#4202=DIRECTION('',(1.,1.22464679914735E-16,0.));
#4203=DIRECTION('',(0.,0.,1.));
#4204=DIRECTION('',(1.22464679914735E-16,-1.,0.));
#4205=DIRECTION('',(1.22464679914735E-16,-1.,0.));
#4206=DIRECTION('',(0.,0.,-1.));
#4207=DIRECTION('',(0.,0.,-1.));
#4208=DIRECTION('',(1.,1.22464679914735E-16,0.));
#4209=DIRECTION('',(0.,0.,1.));
#4210=DIRECTION('',(0.,0.,-1.));
#4211=DIRECTION('',(1.22464679914735E-16,-1.,0.));
#4212=DIRECTION('',(0.,0.,-1.));
#4213=DIRECTION('',(1.22464679914735E-16,-1.,0.));
#4214=DIRECTION('',(1.22464679914735E-16,-1.,0.));
#4215=DIRECTION('',(0.,0.,-1.));
#4216=DIRECTION('',(-1.,-1.22464679914735E-16,0.));
#4217=DIRECTION('',(0.,0.,-1.));
#4218=DIRECTION('',(1.,1.22464679914735E-16,0.));
#4219=DIRECTION('',(0.,0.,-1.));
#4220=DIRECTION('',(1.,1.22464679914735E-16,0.));
#4221=DIRECTION('',(0.,0.,-1.));
#4222=DIRECTION('',(1.,1.22464679914735E-16,0.));
#4223=DIRECTION('',(0.,0.,-1.));
#4224=DIRECTION('',(1.,1.22464679914735E-16,0.));
#4225=DIRECTION('',(0.,0.,-1.));
#4226=DIRECTION('',(-1.,-1.22464679914735E-16,0.));
#4227=DIRECTION('',(0.,0.,-1.));
#4228=DIRECTION('',(-1.,-1.22464679914735E-16,0.));
#4229=DIRECTION('',(0.,0.,-1.));
#4230=DIRECTION('',(-1.,-1.22464679914735E-16,0.));
#4231=DIRECTION('',(1.,-1.01786358828509E-16,0.));
#4232=DIRECTION('',(0.,0.,-1.));
#4233=DIRECTION('',(1.,1.22464679914735E-16,0.));
#4234=DIRECTION('',(1.01786358828509E-16,1.,0.));
#4235=DIRECTION('',(-1.,1.01786358828509E-16,0.));
#4236=DIRECTION('',(1.,-1.01786358828509E-16,0.));
#4237=DIRECTION('',(1.,-1.01786358828509E-16,0.));
#4238=DIRECTION('',(0.,0.,-1.));
#4239=DIRECTION('',(0.,0.,-1.));
#4240=DIRECTION('',(-1.22464679914735E-16,1.,0.));
#4241=DIRECTION('',(0.,0.,-1.));
#4242=DIRECTION('',(0.,0.,-1.));
#4243=DIRECTION('',(1.,1.22464679914735E-16,0.));
#4244=DIRECTION('',(0.,0.,-1.));
#4245=DIRECTION('',(1.,1.22464679914735E-16,0.));
#4246=DIRECTION('',(1.,1.22464679914735E-16,0.));
#4247=DIRECTION('',(0.,0.,-1.));
#4248=DIRECTION('',(-1.,-1.22464679914735E-16,0.));
#4249=DIRECTION('',(0.,0.,-1.));
#4250=DIRECTION('',(1.,1.22464679914735E-16,0.));
#4251=DIRECTION('',(0.,0.,-1.));
#4252=DIRECTION('',(1.,1.22464679914735E-16,0.));
#4253=DIRECTION('',(0.,0.,-1.));
#4254=DIRECTION('',(1.,1.22464679914735E-16,0.));
#4255=DIRECTION('',(0.,0.,-1.));
#4256=DIRECTION('',(1.,1.22464679914735E-16,0.));
#4257=DIRECTION('',(0.,0.,-1.));
#4258=DIRECTION('',(-1.,-1.22464679914735E-16,0.));
#4259=DIRECTION('',(0.,0.,-1.));
#4260=DIRECTION('',(-1.,-1.22464679914735E-16,0.));
#4261=DIRECTION('',(-1.,3.26037397571753E-16,0.));
#4262=DIRECTION('',(-3.26037397571753E-16,-1.,0.));
#4263=DIRECTION('',(3.26037397571753E-16,1.,0.));
#4264=DIRECTION('',(3.26037397571753E-16,1.,0.));
#4265=DIRECTION('',(0.,0.,-1.));
#4266=DIRECTION('',(3.26037397571753E-16,1.,0.));
#4267=DIRECTION('',(0.,0.,-1.));
#4268=DIRECTION('',(-1.,-1.22464679914735E-16,0.));
#4269=DIRECTION('',(0.,0.,-1.));
#4270=DIRECTION('',(0.,0.,-1.));
#4271=DIRECTION('',(-1.22464679914735E-16,1.,0.));
#4272=DIRECTION('',(0.,0.,-1.));
#4273=DIRECTION('',(-1.22464679914735E-16,1.,0.));
#4274=DIRECTION('',(-1.22464679914735E-16,1.,0.));
#4275=DIRECTION('',(0.,0.,-1.));
#4276=DIRECTION('',(-1.,-1.22464679914735E-16,0.));
#4277=DIRECTION('',(0.,0.,-1.));
#4278=DIRECTION('',(1.,1.22464679914735E-16,0.));
#4279=DIRECTION('',(0.,0.,-1.));
#4280=DIRECTION('',(-1.,-1.22464679914735E-16,0.));
#4281=DIRECTION('',(0.,0.,-1.));
#4282=DIRECTION('',(1.,1.22464679914735E-16,0.));
#4283=DIRECTION('',(0.,0.,-1.));
#4284=DIRECTION('',(1.,1.22464679914735E-16,0.));
#4285=DIRECTION('',(0.,0.,-1.));
#4286=DIRECTION('',(1.,1.22464679914735E-16,0.));
#4287=DIRECTION('',(0.,0.,-1.));
#4288=DIRECTION('',(1.,1.22464679914735E-16,0.));
#4289=DIRECTION('',(0.,0.,-1.));
#4290=DIRECTION('',(-1.,-1.22464679914735E-16,0.));
#4291=DIRECTION('',(0.,0.,-1.));
#4292=DIRECTION('',(-1.,-1.22464679914735E-16,0.));
#4293=DIRECTION('',(1.,6.12323399573677E-17,0.));
#4294=DIRECTION('',(0.,0.,1.));
#4295=DIRECTION('',(6.12323399573677E-17,-1.,0.));
#4296=DIRECTION('',(6.12323399573677E-17,-1.,0.));
#4297=DIRECTION('',(0.,0.,-1.));
#4298=DIRECTION('',(6.12323399573677E-17,-1.,0.));
#4299=DIRECTION('',(0.,0.,-1.));
#4300=DIRECTION('',(1.,6.12323399573677E-17,0.));
#4301=DIRECTION('',(0.,0.,1.));
#4302=DIRECTION('',(0.,0.,-1.));
#4303=DIRECTION('',(6.12323399573677E-17,-1.,0.));
#4304=DIRECTION('',(0.,0.,-1.));
#4305=DIRECTION('',(6.12323399573677E-17,-1.,0.));
#4306=DIRECTION('',(6.12323399573677E-17,-1.,0.));
#4307=DIRECTION('',(0.,0.,-1.));
#4308=DIRECTION('',(6.12323399573677E-17,-1.,0.));
#4309=DIRECTION('',(0.,0.,-1.));
#4310=DIRECTION('',(-6.12323399573677E-17,1.,0.));
#4311=DIRECTION('',(0.,0.,-1.));
#4312=DIRECTION('',(6.12323399573677E-17,-1.,0.));
#4313=DIRECTION('',(0.,0.,-1.));
#4314=DIRECTION('',(-6.12323399573677E-17,1.,0.));
#4315=DIRECTION('',(0.,0.,-1.));
#4316=DIRECTION('',(-6.12323399573677E-17,1.,0.));
#4317=DIRECTION('',(0.,0.,-1.));
#4318=DIRECTION('',(-6.12323399573677E-17,1.,0.));
#4319=DIRECTION('',(0.,0.,-1.));
#4320=DIRECTION('',(-6.12323399573677E-17,1.,0.));
#4321=DIRECTION('',(0.,0.,-1.));
#4322=DIRECTION('',(6.12323399573677E-17,-1.,0.));
#4323=DIRECTION('',(0.,0.,-1.));
#4324=DIRECTION('',(6.12323399573677E-17,-1.,0.));
#4325=DIRECTION('',(0.,0.,-1.));
#4326=DIRECTION('',(6.12323399573677E-17,-1.,0.));
#4327=DIRECTION('',(1.,6.12323399573677E-17,0.));
#4328=DIRECTION('',(0.,0.,-1.));
#4329=DIRECTION('',(-6.12323399573677E-17,1.,0.));
#4330=DIRECTION('',(-6.12323399573677E-17,1.,0.));
#4331=DIRECTION('',(0.,0.,1.));
#4332=DIRECTION('',(1.,6.12323399573677E-17,0.));
#4333=DIRECTION('',(1.,6.12323399573677E-17,0.));
#4334=DIRECTION('',(0.,0.,-1.));
#4335=DIRECTION('',(0.,0.,-1.));
#4336=DIRECTION('',(-6.12323399573677E-17,1.,0.));
#4337=DIRECTION('',(0.,0.,1.));
#4338=DIRECTION('',(0.,0.,-1.));
#4339=DIRECTION('',(1.,6.12323399573677E-17,0.));
#4340=DIRECTION('',(0.,0.,-1.));
#4341=DIRECTION('',(1.,6.12323399573677E-17,0.));
#4342=DIRECTION('',(1.,6.12323399573677E-17,0.));
#4343=DIRECTION('',(0.,0.,-1.));
#4344=DIRECTION('',(6.12323399573677E-17,-1.,0.));
#4345=DIRECTION('',(0.,0.,-1.));
#4346=DIRECTION('',(-6.12323399573677E-17,1.,0.));
#4347=DIRECTION('',(0.,0.,-1.));
#4348=DIRECTION('',(-6.12323399573677E-17,1.,0.));
#4349=DIRECTION('',(0.,0.,-1.));
#4350=DIRECTION('',(-6.12323399573677E-17,1.,0.));
#4351=DIRECTION('',(0.,0.,-1.));
#4352=DIRECTION('',(-6.12323399573677E-17,1.,0.));
#4353=DIRECTION('',(0.,0.,-1.));
#4354=DIRECTION('',(6.12323399573677E-17,-1.,0.));
#4355=DIRECTION('',(0.,0.,-1.));
#4356=DIRECTION('',(6.12323399573677E-17,-1.,0.));
#4357=DIRECTION('',(0.,0.,-1.));
#4358=DIRECTION('',(6.12323399573677E-17,-1.,0.));
#4359=DIRECTION('',(1.63018698785877E-16,1.,0.));
#4360=DIRECTION('',(0.,0.,-1.));
#4361=DIRECTION('',(-6.12323399573677E-17,1.,0.));
#4362=DIRECTION('',(-1.,1.63018698785877E-16,0.));
#4363=DIRECTION('',(-1.63018698785877E-16,-1.,0.));
#4364=DIRECTION('',(1.63018698785877E-16,1.,0.));
#4365=DIRECTION('',(1.63018698785877E-16,1.,0.));
#4366=DIRECTION('',(0.,0.,-1.));
#4367=DIRECTION('',(0.,0.,-1.));
#4368=DIRECTION('',(-1.,-6.12323399573677E-17,0.));
#4369=DIRECTION('',(0.,0.,-1.));
#4370=DIRECTION('',(0.,0.,-1.));
#4371=DIRECTION('',(-6.12323399573677E-17,1.,0.));
#4372=DIRECTION('',(0.,0.,-1.));
#4373=DIRECTION('',(-6.12323399573677E-17,1.,0.));
#4374=DIRECTION('',(-6.12323399573677E-17,1.,0.));
#4375=DIRECTION('',(0.,0.,-1.));
#4376=DIRECTION('',(6.12323399573677E-17,-1.,0.));
#4377=DIRECTION('',(0.,0.,-1.));
#4378=DIRECTION('',(-6.12323399573677E-17,1.,0.));
#4379=DIRECTION('',(0.,0.,-1.));
#4380=DIRECTION('',(-6.12323399573677E-17,1.,0.));
#4381=DIRECTION('',(0.,0.,-1.));
#4382=DIRECTION('',(-6.12323399573677E-17,1.,0.));
#4383=DIRECTION('',(0.,0.,-1.));
#4384=DIRECTION('',(-6.12323399573677E-17,1.,0.));
#4385=DIRECTION('',(0.,0.,-1.));
#4386=DIRECTION('',(6.12323399573677E-17,-1.,0.));
#4387=DIRECTION('',(0.,0.,-1.));
#4388=DIRECTION('',(6.12323399573677E-17,-1.,0.));
#4389=DIRECTION('',(6.12323399573677E-17,-1.,0.));
#4390=DIRECTION('',(0.,0.,-1.));
#4391=DIRECTION('',(0.,0.,-1.));
#4392=DIRECTION('',(-1.,-6.12323399573677E-17,0.));
#4393=DIRECTION('',(0.,0.,-1.));
#4394=DIRECTION('',(-1.,-6.12323399573677E-17,0.));
#4395=DIRECTION('',(-1.,-6.12323399573677E-17,0.));
#4396=DIRECTION('',(-3.87269737529121E-16,-1.,0.));
#4397=DIRECTION('',(1.,-3.87269737529121E-16,0.));
#4398=DIRECTION('',(-1.,3.87269737529121E-16,0.));
#4399=DIRECTION('',(-1.,3.87269737529121E-16,0.));
#4400=DIRECTION('',(0.,0.,-1.));
#4401=DIRECTION('',(-1.,3.87269737529121E-16,0.));
#4402=DIRECTION('',(0.,0.,-1.));
#4403=DIRECTION('',(0.,0.,-1.));
#4404=DIRECTION('',(6.12323399573677E-17,-1.,0.));
#4405=DIRECTION('',(0.,0.,-1.));
#4406=DIRECTION('',(-6.12323399573677E-17,1.,0.));
#4407=DIRECTION('',(0.,0.,-1.));
#4408=DIRECTION('',(6.12323399573677E-17,-1.,0.));
#4409=DIRECTION('',(0.,0.,-1.));
#4410=DIRECTION('',(-6.12323399573677E-17,1.,0.));
#4411=DIRECTION('',(0.,0.,-1.));
#4412=DIRECTION('',(-6.12323399573677E-17,1.,0.));
#4413=DIRECTION('',(0.,0.,-1.));
#4414=DIRECTION('',(-6.12323399573677E-17,1.,0.));
#4415=DIRECTION('',(0.,0.,-1.));
#4416=DIRECTION('',(-6.12323399573677E-17,1.,0.));
#4417=DIRECTION('',(0.,0.,-1.));
#4418=DIRECTION('',(6.12323399573677E-17,-1.,0.));
#4419=DIRECTION('',(0.,0.,-1.));
#4420=DIRECTION('',(6.12323399573677E-17,-1.,0.));
#4421=DIRECTION('',(0.,0.,-1.));
#4422=DIRECTION('',(-1.,0.,0.));
#4423=DIRECTION('',(0.,0.,-1.));
#4424=DIRECTION('',(-1.,0.,0.));
#4425=DIRECTION('',(0.,0.,1.));
#4426=DIRECTION('',(1.,0.,0.));
#4427=DIRECTION('',(0.,0.,-1.));
#4428=DIRECTION('',(-1.,0.,0.));
#4429=DIRECTION('',(0.,0.,-1.));
#4430=DIRECTION('',(-1.,0.,0.));
#4431=DIRECTION('',(0.,0.,1.));
#4432=DIRECTION('',(1.,0.,0.));
#4433=DIRECTION('',(0.,0.,-1.));
#4434=DIRECTION('',(-1.,0.,0.));
#4435=DIRECTION('',(0.,0.,-1.));
#4436=DIRECTION('',(-1.,0.,0.));
#4437=DIRECTION('',(0.,0.,1.));
#4438=DIRECTION('',(1.,0.,0.));
#4439=DIRECTION('',(0.,0.,-1.));
#4440=DIRECTION('',(-1.,0.,0.));
#4441=DIRECTION('',(0.,0.,1.));
#4442=DIRECTION('',(1.,0.,0.));
#4443=DIRECTION('',(0.,0.,-1.));
#4444=DIRECTION('',(-1.,0.,0.));
#4445=CARTESIAN_POINT('',(0.,0.,0.));
#4446=CARTESIAN_POINT('',(-0.006875,-0.006875,0.0006));
#4447=CARTESIAN_POINT('',(-0.006875,-0.006875,0.0006));
#4448=CARTESIAN_POINT('',(-0.008025,-0.006875,0.0006));
#4449=CARTESIAN_POINT('',(-0.006875,-0.006875,-0.0018));
#4450=CARTESIAN_POINT('',(-0.008025,-0.006875,-0.0018));
#4451=CARTESIAN_POINT('',(-0.005725,-0.006875,-0.0018));
#4452=CARTESIAN_POINT('',(-0.006875,-0.006875,-0.0018));
#4453=CARTESIAN_POINT('',(0.006875,0.006875,0.0006));
#4454=CARTESIAN_POINT('',(0.006875,0.006875,0.0006));
#4455=CARTESIAN_POINT('',(0.005725,0.006875,0.0006));
#4456=CARTESIAN_POINT('',(0.006875,0.006875,-0.0018));
#4457=CARTESIAN_POINT('',(0.005725,0.006875,-0.0018));
#4458=CARTESIAN_POINT('',(0.008025,0.006875,-0.0018));
#4459=CARTESIAN_POINT('',(0.006875,0.006875,-0.0018));
#4460=CARTESIAN_POINT('',(0.006875,-0.006875,0.0006));
#4461=CARTESIAN_POINT('',(0.006875,-0.006875,0.0006));
#4462=CARTESIAN_POINT('',(0.005725,-0.006875,0.0006));
#4463=CARTESIAN_POINT('',(0.006875,-0.006875,-0.0018));
#4464=CARTESIAN_POINT('',(0.006875,-0.008025,-0.0018));
#4465=CARTESIAN_POINT('',(0.006875,-0.005725,-0.0018));
#4466=CARTESIAN_POINT('',(0.006875,-0.006875,-0.0018));
#4467=CARTESIAN_POINT('',(-0.006875,0.006875,0.0006));
#4468=CARTESIAN_POINT('',(-0.006875,0.006875,0.0006));
#4469=CARTESIAN_POINT('',(-0.008025,0.006875,0.0006));
#4470=CARTESIAN_POINT('',(-0.006875,0.006875,-0.0018));
#4471=CARTESIAN_POINT('',(-0.006875,0.005725,-0.0018));
#4472=CARTESIAN_POINT('',(-0.006875,0.008025,-0.0018));
#4473=CARTESIAN_POINT('',(-0.006875,0.006875,-0.0018));
#4474=CARTESIAN_POINT('',(0.,-0.02425,-0.002));
#4475=CARTESIAN_POINT('',(-0.006875,-0.006875,-0.002));
#4476=CARTESIAN_POINT('',(-0.008025,-0.00880890796058137,-0.002));
#4477=CARTESIAN_POINT('',(-0.008025,-0.00494109203941862,-0.002));
#4478=CARTESIAN_POINT('',(-0.008025,-0.006875,-0.002));
#4479=CARTESIAN_POINT('',(0.,-0.02425,-0.002));
#4480=CARTESIAN_POINT('',(-0.006875,0.006875,-0.002));
#4481=CARTESIAN_POINT('',(-0.00880890796058137,0.008025,-0.002));
#4482=CARTESIAN_POINT('',(-0.00494109203941862,0.008025,-0.002));
#4483=CARTESIAN_POINT('',(-0.006875,0.008025,-0.002));
#4484=CARTESIAN_POINT('',(0.,-0.02425,-0.002));
#4485=CARTESIAN_POINT('',(0.006875,0.006875,-0.002));
#4486=CARTESIAN_POINT('',(0.008025,0.00880890796058137,-0.002));
#4487=CARTESIAN_POINT('',(0.008025,0.00494109203941863,-0.002));
#4488=CARTESIAN_POINT('',(0.008025,0.006875,-0.002));
#4489=CARTESIAN_POINT('',(0.,-0.02425,-0.002));
#4490=CARTESIAN_POINT('',(0.006875,-0.006875,-0.002));
#4491=CARTESIAN_POINT('',(0.00880890796058137,-0.008025,-0.002));
#4492=CARTESIAN_POINT('',(0.00494109203941863,-0.008025,-0.002));
#4493=CARTESIAN_POINT('',(0.006875,-0.008025,-0.002));
#4494=CARTESIAN_POINT('',(0.017375,-0.017375,0.0006));
#4495=CARTESIAN_POINT('',(0.017375,-0.017375,-0.0018));
#4496=CARTESIAN_POINT('',(0.017375,-0.016225,-0.0018));
#4497=CARTESIAN_POINT('',(0.017375,-0.018525,-0.0018));
#4498=CARTESIAN_POINT('',(0.017375,-0.017375,-0.0018));
#4499=CARTESIAN_POINT('',(0.017375,-0.017375,0.0006));
#4500=CARTESIAN_POINT('',(0.017375,-0.016225,0.0006));
#4501=CARTESIAN_POINT('',(0.017375,-0.017375,0.0006));
#4502=CARTESIAN_POINT('',(0.017375,-0.017375,0.0006));
#4503=CARTESIAN_POINT('',(0.017375,-0.015575,0.0006));
#4504=CARTESIAN_POINT('',(0.017375,-0.017375,0.));
#4505=CARTESIAN_POINT('',(0.017375,-0.015575,0.));
#4506=CARTESIAN_POINT('',(0.02425,-0.02425,0.0006));
#4507=CARTESIAN_POINT('',(0.031125,-0.031125,0.0006));
#4508=CARTESIAN_POINT('',(0.031125,-0.031125,-0.0018));
#4509=CARTESIAN_POINT('',(0.031125,-0.029975,-0.0018));
#4510=CARTESIAN_POINT('',(0.031125,-0.032275,-0.0018));
#4511=CARTESIAN_POINT('',(0.031125,-0.031125,-0.0018));
#4512=CARTESIAN_POINT('',(0.031125,-0.031125,0.0006));
#4513=CARTESIAN_POINT('',(0.031125,-0.029975,0.0006));
#4514=CARTESIAN_POINT('',(0.031125,-0.031125,0.0006));
#4515=CARTESIAN_POINT('',(0.031125,-0.031125,0.0006));
#4516=CARTESIAN_POINT('',(0.031125,-0.029325,0.0006));
#4517=CARTESIAN_POINT('',(0.031125,-0.031125,0.));
#4518=CARTESIAN_POINT('',(0.031125,-0.029325,0.));
#4519=CARTESIAN_POINT('',(0.02425,-0.02425,0.0006));
#4520=CARTESIAN_POINT('',(0.02425,-0.0355,-0.002));
#4521=CARTESIAN_POINT('',(0.02425,-0.0355,0.));
#4522=CARTESIAN_POINT('',(0.01625,-0.0355,0.));
#4523=CARTESIAN_POINT('',(0.0305,-0.0355,0.));
#4524=CARTESIAN_POINT('',(0.01625,-0.0355,-0.002));
#4525=CARTESIAN_POINT('',(0.01625,-0.0355,-0.004));
#4526=CARTESIAN_POINT('',(0.02425,-0.0355,-0.004));
#4527=CARTESIAN_POINT('',(0.0305,-0.0355,-0.004));
#4528=CARTESIAN_POINT('',(0.0305,-0.0355,-0.002));
#4529=CARTESIAN_POINT('',(0.02425,-0.013,-0.002));
#4530=CARTESIAN_POINT('',(0.02425,-0.013,0.));
#4531=CARTESIAN_POINT('',(0.01625,-0.013,0.));
#4532=CARTESIAN_POINT('',(0.0305,-0.013,0.));
#4533=CARTESIAN_POINT('',(0.0305,-0.013,-0.004));
#4534=CARTESIAN_POINT('',(0.0305,-0.013,-0.004));
#4535=CARTESIAN_POINT('',(0.02425,-0.013,-0.004));
#4536=CARTESIAN_POINT('',(0.01625,-0.013,-0.004));
#4537=CARTESIAN_POINT('',(0.01625,-0.013,-0.002));
#4538=CARTESIAN_POINT('',(0.0355,-0.02425,-0.002));
#4539=CARTESIAN_POINT('',(0.0355,-0.02425,0.));
#4540=CARTESIAN_POINT('',(0.0355,-0.0305,0.));
#4541=CARTESIAN_POINT('',(0.0355,-0.018,0.));
#4542=CARTESIAN_POINT('',(0.0355,-0.0305,-0.002));
#4543=CARTESIAN_POINT('',(0.0355,-0.0305,-0.004));
#4544=CARTESIAN_POINT('',(0.0355,-0.02425,-0.004));
#4545=CARTESIAN_POINT('',(0.0355,-0.018,-0.004));
#4546=CARTESIAN_POINT('',(0.0355,-0.018,0.));
#4547=CARTESIAN_POINT('',(0.02425,-0.02425,0.));
#4548=CARTESIAN_POINT('',(0.031125,-0.017375,0.));
#4549=CARTESIAN_POINT('',(0.031125,-0.015575,0.));
#4550=CARTESIAN_POINT('',(0.017375,-0.031125,0.));
#4551=CARTESIAN_POINT('',(0.017375,-0.029325,0.));
#4552=CARTESIAN_POINT('',(4.34749613697311E-18,-0.05975,0.));
#4553=CARTESIAN_POINT('',(-0.00625,-0.05975,0.));
#4554=CARTESIAN_POINT('',(0.00625,-0.05975,0.));
#4555=CARTESIAN_POINT('',(0.00625,-0.05475,0.));
#4556=CARTESIAN_POINT('',(0.01125,-0.05475,0.));
#4557=CARTESIAN_POINT('',(0.01125,-0.0485,0.));
#4558=CARTESIAN_POINT('',(0.01125,-0.0405,0.));
#4559=CARTESIAN_POINT('',(0.01625,-0.0405,0.));
#4560=CARTESIAN_POINT('',(0.0305,-0.0305,0.));
#4561=CARTESIAN_POINT('',(0.0305,-0.018,0.));
#4562=CARTESIAN_POINT('',(0.01625,-0.008,0.));
#4563=CARTESIAN_POINT('',(0.01125,-0.008,0.));
#4564=CARTESIAN_POINT('',(0.01125,0.,0.));
#4565=CARTESIAN_POINT('',(0.01125,0.00625,0.));
#4566=CARTESIAN_POINT('',(0.00625,0.00625,0.));
#4567=CARTESIAN_POINT('',(0.00625,0.01125,0.));
#4568=CARTESIAN_POINT('',(0.,0.01125,0.));
#4569=CARTESIAN_POINT('',(-0.00625,0.01125,0.));
#4570=CARTESIAN_POINT('',(-0.00625,0.00625,0.));
#4571=CARTESIAN_POINT('',(-0.01125,0.00625,0.));
#4572=CARTESIAN_POINT('',(-0.01125,0.,0.));
#4573=CARTESIAN_POINT('',(-0.01125,-0.008,0.));
#4574=CARTESIAN_POINT('',(-0.01625,-0.008,0.));
#4575=CARTESIAN_POINT('',(-0.01625,-0.013,0.));
#4576=CARTESIAN_POINT('',(-0.02425,-0.013,0.));
#4577=CARTESIAN_POINT('',(-0.0305,-0.013,0.));
#4578=CARTESIAN_POINT('',(-0.0305,-0.018,0.));
#4579=CARTESIAN_POINT('',(-0.0355,-0.018,0.));
#4580=CARTESIAN_POINT('',(-0.0355,-0.02425,0.));
#4581=CARTESIAN_POINT('',(-0.0355,-0.0305,0.));
#4582=CARTESIAN_POINT('',(-0.0305,-0.0305,0.));
#4583=CARTESIAN_POINT('',(-0.0305,-0.0355,0.));
#4584=CARTESIAN_POINT('',(-0.02425,-0.0355,0.));
#4585=CARTESIAN_POINT('',(-0.01625,-0.0355,0.));
#4586=CARTESIAN_POINT('',(-0.01625,-0.0405,0.));
#4587=CARTESIAN_POINT('',(-0.01125,-0.0405,0.));
#4588=CARTESIAN_POINT('',(-0.01125,-0.0485,0.));
#4589=CARTESIAN_POINT('',(-0.01125,-0.05475,0.));
#4590=CARTESIAN_POINT('',(-0.00625,-0.05475,0.));
#4591=CARTESIAN_POINT('',(-0.006875,-0.006875,0.));
#4592=CARTESIAN_POINT('',(-0.008675,-0.006875,0.));
#4593=CARTESIAN_POINT('',(-0.006875,0.006875,0.));
#4594=CARTESIAN_POINT('',(-0.008675,0.006875,0.));
#4595=CARTESIAN_POINT('',(0.006875,0.006875,0.));
#4596=CARTESIAN_POINT('',(0.005075,0.006875,0.));
#4597=CARTESIAN_POINT('',(0.006875,-0.006875,0.));
#4598=CARTESIAN_POINT('',(0.005075,-0.006875,0.));
#4599=CARTESIAN_POINT('',(-0.017375,-0.031125,0.));
#4600=CARTESIAN_POINT('',(-0.017375,-0.032925,0.));
#4601=CARTESIAN_POINT('',(-0.031125,-0.031125,0.));
#4602=CARTESIAN_POINT('',(-0.031125,-0.032925,0.));
#4603=CARTESIAN_POINT('',(-0.031125,-0.017375,0.));
#4604=CARTESIAN_POINT('',(-0.031125,-0.019175,0.));
#4605=CARTESIAN_POINT('',(-0.017375,-0.017375,0.));
#4606=CARTESIAN_POINT('',(-0.017375,-0.019175,0.));
#4607=CARTESIAN_POINT('',(0.006875,-0.041625,0.));
#4608=CARTESIAN_POINT('',(0.008675,-0.041625,0.));
#4609=CARTESIAN_POINT('',(0.006875,-0.055375,0.));
#4610=CARTESIAN_POINT('',(0.008675,-0.055375,0.));
#4611=CARTESIAN_POINT('',(-0.006875,-0.055375,0.));
#4612=CARTESIAN_POINT('',(-0.005075,-0.055375,0.));
#4613=CARTESIAN_POINT('',(-0.006875,-0.041625,0.));
#4614=CARTESIAN_POINT('',(-0.005075,-0.041625,0.));
#4615=CARTESIAN_POINT('',(0.00635,-0.0306,0.));
#4616=CARTESIAN_POINT('',(0.003975,-0.0306,0.));
#4617=CARTESIAN_POINT('',(-0.00635,-0.0179,0.));
#4618=CARTESIAN_POINT('',(-0.008725,-0.0179,0.));
#4619=CARTESIAN_POINT('',(-0.00635,-0.0306,0.));
#4620=CARTESIAN_POINT('',(-0.008725,-0.0306,0.));
#4621=CARTESIAN_POINT('',(0.00635,-0.0179,0.));
#4622=CARTESIAN_POINT('',(0.003975,-0.0179,0.));
#4623=CARTESIAN_POINT('',(0.02425,-0.02425,0.0006));
#4624=CARTESIAN_POINT('',(0.017375,-0.031125,0.0006));
#4625=CARTESIAN_POINT('',(0.017375,-0.029975,0.0006));
#4626=CARTESIAN_POINT('',(0.017375,-0.031125,0.0006));
#4627=CARTESIAN_POINT('',(0.017375,-0.029325,0.0006));
#4628=CARTESIAN_POINT('',(0.017375,-0.031125,0.0006));
#4629=CARTESIAN_POINT('',(0.017375,-0.031125,0.0006));
#4630=CARTESIAN_POINT('',(0.017375,-0.031125,-0.0018));
#4631=CARTESIAN_POINT('',(0.016225,-0.031125,-0.0018));
#4632=CARTESIAN_POINT('',(0.018525,-0.031125,-0.0018));
#4633=CARTESIAN_POINT('',(0.017375,-0.031125,-0.0018));
#4634=CARTESIAN_POINT('',(0.02425,-0.02425,0.0006));
#4635=CARTESIAN_POINT('',(0.031125,-0.017375,0.0006));
#4636=CARTESIAN_POINT('',(0.031125,-0.016225,0.0006));
#4637=CARTESIAN_POINT('',(0.031125,-0.017375,0.0006));
#4638=CARTESIAN_POINT('',(0.031125,-0.015575,0.0006));
#4639=CARTESIAN_POINT('',(0.031125,-0.017375,0.0006));
#4640=CARTESIAN_POINT('',(0.031125,-0.017375,0.0006));
#4641=CARTESIAN_POINT('',(0.031125,-0.017375,-0.0018));
#4642=CARTESIAN_POINT('',(0.029975,-0.017375,-0.0018));
#4643=CARTESIAN_POINT('',(0.032275,-0.017375,-0.0018));
#4644=CARTESIAN_POINT('',(0.031125,-0.017375,-0.0018));
#4645=CARTESIAN_POINT('',(-0.006875,-0.006875,0.0006));
#4646=CARTESIAN_POINT('',(-0.006875,-0.006875,0.0006));
#4647=CARTESIAN_POINT('',(-0.008675,-0.006875,0.0006));
#4648=CARTESIAN_POINT('',(0.,0.,0.0006));
#4649=CARTESIAN_POINT('',(0.006875,0.006875,0.0006));
#4650=CARTESIAN_POINT('',(0.006875,0.006875,0.0006));
#4651=CARTESIAN_POINT('',(0.005075,0.006875,0.0006));
#4652=CARTESIAN_POINT('',(0.,0.,0.0006));
#4653=CARTESIAN_POINT('',(0.01125,0.,-0.002));
#4654=CARTESIAN_POINT('',(0.01125,-0.008,-0.002));
#4655=CARTESIAN_POINT('',(0.01125,-0.008,-0.004));
#4656=CARTESIAN_POINT('',(0.01125,0.,-0.004));
#4657=CARTESIAN_POINT('',(0.01125,0.00625,-0.004));
#4658=CARTESIAN_POINT('',(0.01125,0.00625,-0.002));
#4659=CARTESIAN_POINT('',(-0.01125,0.,-0.002));
#4660=CARTESIAN_POINT('',(-0.01125,0.00625,-0.004));
#4661=CARTESIAN_POINT('',(-0.01125,0.00625,-0.004));
#4662=CARTESIAN_POINT('',(-0.01125,0.,-0.004));
#4663=CARTESIAN_POINT('',(-0.01125,-0.008,-0.004));
#4664=CARTESIAN_POINT('',(-0.01125,-0.008,-0.002));
#4665=CARTESIAN_POINT('',(0.,0.01125,-0.002));
#4666=CARTESIAN_POINT('',(0.00625,0.01125,-0.002));
#4667=CARTESIAN_POINT('',(0.00625,0.01125,-0.004));
#4668=CARTESIAN_POINT('',(0.,0.01125,-0.004));
#4669=CARTESIAN_POINT('',(-0.00625,0.01125,-0.004));
#4670=CARTESIAN_POINT('',(-0.00625,0.01125,0.));
#4671=CARTESIAN_POINT('',(0.,0.,0.0006));
#4672=CARTESIAN_POINT('',(0.006875,-0.006875,0.0006));
#4673=CARTESIAN_POINT('',(0.005075,-0.006875,0.0006));
#4674=CARTESIAN_POINT('',(0.006875,-0.006875,0.0006));
#4675=CARTESIAN_POINT('',(0.,0.,0.0006));
#4676=CARTESIAN_POINT('',(-0.006875,0.006875,0.0006));
#4677=CARTESIAN_POINT('',(-0.008675,0.006875,0.0006));
#4678=CARTESIAN_POINT('',(-0.006875,0.006875,0.0006));
#4679=CARTESIAN_POINT('',(-0.017375,-0.031125,0.0006));
#4680=CARTESIAN_POINT('',(-0.017375,-0.031125,-0.0018));
#4681=CARTESIAN_POINT('',(-0.017375,-0.032275,-0.0018));
#4682=CARTESIAN_POINT('',(-0.017375,-0.029975,-0.0018));
#4683=CARTESIAN_POINT('',(-0.017375,-0.031125,-0.0018));
#4684=CARTESIAN_POINT('',(-0.017375,-0.031125,0.0006));
#4685=CARTESIAN_POINT('',(-0.017375,-0.032275,0.0006));
#4686=CARTESIAN_POINT('',(-0.017375,-0.031125,0.0006));
#4687=CARTESIAN_POINT('',(-0.017375,-0.031125,0.0006));
#4688=CARTESIAN_POINT('',(-0.017375,-0.032925,0.0006));
#4689=CARTESIAN_POINT('',(-0.02425,-0.02425,0.0006));
#4690=CARTESIAN_POINT('',(-0.031125,-0.017375,0.0006));
#4691=CARTESIAN_POINT('',(-0.031125,-0.017375,-0.0018));
#4692=CARTESIAN_POINT('',(-0.031125,-0.016225,-0.0018));
#4693=CARTESIAN_POINT('',(-0.031125,-0.018525,-0.0018));
#4694=CARTESIAN_POINT('',(-0.031125,-0.017375,-0.0018));
#4695=CARTESIAN_POINT('',(-0.031125,-0.017375,0.0006));
#4696=CARTESIAN_POINT('',(-0.031125,-0.018525,0.0006));
#4697=CARTESIAN_POINT('',(-0.031125,-0.017375,0.0006));
#4698=CARTESIAN_POINT('',(-0.031125,-0.017375,0.0006));
#4699=CARTESIAN_POINT('',(-0.031125,-0.019175,0.0006));
#4700=CARTESIAN_POINT('',(-0.02425,-0.02425,0.0006));
#4701=CARTESIAN_POINT('',(-0.02425,-0.013,-0.002));
#4702=CARTESIAN_POINT('',(-0.01625,-0.013,-0.002));
#4703=CARTESIAN_POINT('',(-0.01625,-0.013,-0.004));
#4704=CARTESIAN_POINT('',(-0.02425,-0.013,-0.004));
#4705=CARTESIAN_POINT('',(-0.0305,-0.013,-0.004));
#4706=CARTESIAN_POINT('',(-0.0305,-0.013,-0.002));
#4707=CARTESIAN_POINT('',(-0.02425,-0.0355,-0.002));
#4708=CARTESIAN_POINT('',(-0.0305,-0.0355,-0.004));
#4709=CARTESIAN_POINT('',(-0.0305,-0.0355,-0.004));
#4710=CARTESIAN_POINT('',(-0.02425,-0.0355,-0.004));
#4711=CARTESIAN_POINT('',(-0.01625,-0.0355,-0.004));
#4712=CARTESIAN_POINT('',(-0.01625,-0.0355,-0.002));
#4713=CARTESIAN_POINT('',(-0.0355,-0.02425,-0.002));
#4714=CARTESIAN_POINT('',(-0.0355,-0.018,-0.002));
#4715=CARTESIAN_POINT('',(-0.0355,-0.018,-0.004));
#4716=CARTESIAN_POINT('',(-0.0355,-0.02425,-0.004));
#4717=CARTESIAN_POINT('',(-0.0355,-0.0305,-0.004));
#4718=CARTESIAN_POINT('',(-0.0355,-0.0305,0.));
#4719=CARTESIAN_POINT('',(-0.02425,-0.02425,0.0006));
#4720=CARTESIAN_POINT('',(-0.017375,-0.017375,0.0006));
#4721=CARTESIAN_POINT('',(-0.017375,-0.018525,0.0006));
#4722=CARTESIAN_POINT('',(-0.017375,-0.017375,0.0006));
#4723=CARTESIAN_POINT('',(-0.017375,-0.019175,0.0006));
#4724=CARTESIAN_POINT('',(-0.017375,-0.017375,0.0006));
#4725=CARTESIAN_POINT('',(-0.017375,-0.017375,0.0006));
#4726=CARTESIAN_POINT('',(-0.017375,-0.017375,-0.0018));
#4727=CARTESIAN_POINT('',(-0.018525,-0.017375,-0.0018));
#4728=CARTESIAN_POINT('',(-0.016225,-0.017375,-0.0018));
#4729=CARTESIAN_POINT('',(-0.017375,-0.017375,-0.0018));
#4730=CARTESIAN_POINT('',(-0.02425,-0.02425,0.0006));
#4731=CARTESIAN_POINT('',(-0.031125,-0.031125,0.0006));
#4732=CARTESIAN_POINT('',(-0.031125,-0.032275,0.0006));
#4733=CARTESIAN_POINT('',(-0.031125,-0.031125,0.0006));
#4734=CARTESIAN_POINT('',(-0.031125,-0.032925,0.0006));
#4735=CARTESIAN_POINT('',(-0.031125,-0.031125,0.0006));
#4736=CARTESIAN_POINT('',(-0.031125,-0.031125,0.0006));
#4737=CARTESIAN_POINT('',(-0.031125,-0.031125,-0.0018));
#4738=CARTESIAN_POINT('',(-0.032275,-0.031125,-0.0018));
#4739=CARTESIAN_POINT('',(-0.029975,-0.031125,-0.0018));
#4740=CARTESIAN_POINT('',(-0.031125,-0.031125,-0.0018));
#4741=CARTESIAN_POINT('',(0.006875,-0.041625,0.0006));
#4742=CARTESIAN_POINT('',(0.006875,-0.041625,-0.0018));
#4743=CARTESIAN_POINT('',(0.005725,-0.041625,-0.0018));
#4744=CARTESIAN_POINT('',(0.008025,-0.041625,-0.0018));
#4745=CARTESIAN_POINT('',(0.006875,-0.041625,-0.0018));
#4746=CARTESIAN_POINT('',(0.006875,-0.041625,0.0006));
#4747=CARTESIAN_POINT('',(0.008025,-0.041625,0.0006));
#4748=CARTESIAN_POINT('',(0.006875,-0.041625,0.0006));
#4749=CARTESIAN_POINT('',(0.006875,-0.041625,0.0006));
#4750=CARTESIAN_POINT('',(0.008675,-0.041625,0.0006));
#4751=CARTESIAN_POINT('',(2.96976848793233E-18,-0.0485,0.0006));
#4752=CARTESIAN_POINT('',(-0.006875,-0.055375,0.0006));
#4753=CARTESIAN_POINT('',(-0.006875,-0.055375,-0.0018));
#4754=CARTESIAN_POINT('',(-0.005725,-0.055375,-0.0018));
#4755=CARTESIAN_POINT('',(-0.008025,-0.055375,-0.0018));
#4756=CARTESIAN_POINT('',(-0.006875,-0.055375,-0.0018));
#4757=CARTESIAN_POINT('',(-0.006875,-0.055375,0.0006));
#4758=CARTESIAN_POINT('',(-0.005725,-0.055375,0.0006));
#4759=CARTESIAN_POINT('',(-0.006875,-0.055375,0.0006));
#4760=CARTESIAN_POINT('',(-0.006875,-0.055375,0.0006));
#4761=CARTESIAN_POINT('',(-0.005075,-0.055375,0.0006));
#4762=CARTESIAN_POINT('',(2.96976848793233E-18,-0.0485,0.0006));
#4763=CARTESIAN_POINT('',(-0.01125,-0.0485,-0.002));
#4764=CARTESIAN_POINT('',(-0.01125,-0.0485,-0.004));
#4765=CARTESIAN_POINT('',(-0.01125,-0.0405,-0.004));
#4766=CARTESIAN_POINT('',(-0.01125,-0.05475,-0.004));
#4767=CARTESIAN_POINT('',(-0.01125,-0.05475,-0.002));
#4768=CARTESIAN_POINT('',(-0.01125,-0.0405,-0.002));
#4769=CARTESIAN_POINT('',(0.01125,-0.0485,-0.002));
#4770=CARTESIAN_POINT('',(0.01125,-0.05475,-0.004));
#4771=CARTESIAN_POINT('',(0.01125,-0.05475,-0.004));
#4772=CARTESIAN_POINT('',(0.01125,-0.0485,-0.004));
#4773=CARTESIAN_POINT('',(0.01125,-0.0405,-0.004));
#4774=CARTESIAN_POINT('',(0.01125,-0.0405,-0.002));
#4775=CARTESIAN_POINT('',(4.34749613697311E-18,-0.05975,-0.002));
#4776=CARTESIAN_POINT('',(4.34749613697311E-18,-0.05975,-0.004));
#4777=CARTESIAN_POINT('',(-0.00625,-0.05975,-0.004));
#4778=CARTESIAN_POINT('',(0.00625,-0.05975,-0.004));
#4779=CARTESIAN_POINT('',(0.00625,-0.05975,0.));
#4780=CARTESIAN_POINT('',(-0.00625,-0.05975,-0.002));
#4781=CARTESIAN_POINT('',(2.96976848793233E-18,-0.0485,0.0006));
#4782=CARTESIAN_POINT('',(-0.006875,-0.041625,0.0006));
#4783=CARTESIAN_POINT('',(-0.005725,-0.041625,0.0006));
#4784=CARTESIAN_POINT('',(-0.006875,-0.041625,0.0006));
#4785=CARTESIAN_POINT('',(-0.005075,-0.041625,0.0006));
#4786=CARTESIAN_POINT('',(-0.006875,-0.041625,0.0006));
#4787=CARTESIAN_POINT('',(-0.006875,-0.041625,0.0006));
#4788=CARTESIAN_POINT('',(-0.006875,-0.041625,-0.0018));
#4789=CARTESIAN_POINT('',(-0.006875,-0.040475,-0.0018));
#4790=CARTESIAN_POINT('',(-0.006875,-0.042775,-0.0018));
#4791=CARTESIAN_POINT('',(-0.006875,-0.041625,-0.0018));
#4792=CARTESIAN_POINT('',(2.96976848793233E-18,-0.0485,0.0006));
#4793=CARTESIAN_POINT('',(0.006875,-0.055375,0.0006));
#4794=CARTESIAN_POINT('',(0.008025,-0.055375,0.0006));
#4795=CARTESIAN_POINT('',(0.006875,-0.055375,0.0006));
#4796=CARTESIAN_POINT('',(0.008675,-0.055375,0.0006));
#4797=CARTESIAN_POINT('',(0.006875,-0.055375,0.0006));
#4798=CARTESIAN_POINT('',(0.006875,-0.055375,0.0006));
#4799=CARTESIAN_POINT('',(0.006875,-0.055375,-0.0018));
#4800=CARTESIAN_POINT('',(0.006875,-0.054225,-0.0018));
#4801=CARTESIAN_POINT('',(0.006875,-0.056525,-0.0018));
#4802=CARTESIAN_POINT('',(0.006875,-0.055375,-0.0018));
#4803=CARTESIAN_POINT('',(0.00635,-0.0179,1.99999999999983E-6));
#4804=CARTESIAN_POINT('',(0.00635,-0.0179,-0.004));
#4805=CARTESIAN_POINT('',(0.003975,-0.0179,-0.004));
#4806=CARTESIAN_POINT('',(0.00635,-0.0306,1.99999999999983E-6));
#4807=CARTESIAN_POINT('',(0.00635,-0.0306,-0.004));
#4808=CARTESIAN_POINT('',(0.003975,-0.0306,-0.004));
#4809=CARTESIAN_POINT('',(-0.00635,-0.0306,1.99999999999983E-6));
#4810=CARTESIAN_POINT('',(-0.00635,-0.0306,-0.004));
#4811=CARTESIAN_POINT('',(-0.008725,-0.0306,-0.004));
#4812=CARTESIAN_POINT('',(-0.00635,-0.0179,1.99999999999983E-6));
#4813=CARTESIAN_POINT('',(-0.00635,-0.0179,-0.004));
#4814=CARTESIAN_POINT('',(-0.008725,-0.0179,-0.004));
#4815=CARTESIAN_POINT('',(0.02425,-0.02425,-0.004));
#4816=CARTESIAN_POINT('',(0.017375,-0.017375,-0.004));
#4817=CARTESIAN_POINT('',(0.015125,-0.017375,-0.004));
#4818=CARTESIAN_POINT('',(0.031125,-0.017375,-0.004));
#4819=CARTESIAN_POINT('',(0.028875,-0.017375,-0.004));
#4820=CARTESIAN_POINT('',(0.031125,-0.031125,-0.004));
#4821=CARTESIAN_POINT('',(0.028875,-0.031125,-0.004));
#4822=CARTESIAN_POINT('',(0.017375,-0.031125,-0.004));
#4823=CARTESIAN_POINT('',(0.015125,-0.031125,-0.004));
#4824=CARTESIAN_POINT('',(0.006875,-0.041625,-0.004));
#4825=CARTESIAN_POINT('',(0.004625,-0.041625,-0.004));
#4826=CARTESIAN_POINT('',(0.006875,-0.055375,-0.004));
#4827=CARTESIAN_POINT('',(0.004625,-0.055375,-0.004));
#4828=CARTESIAN_POINT('',(-0.006875,-0.055375,-0.004));
#4829=CARTESIAN_POINT('',(-0.009125,-0.055375,-0.004));
#4830=CARTESIAN_POINT('',(-0.006875,-0.041625,-0.004));
#4831=CARTESIAN_POINT('',(-0.009125,-0.041625,-0.004));
#4832=CARTESIAN_POINT('',(-0.017375,-0.017375,-0.004));
#4833=CARTESIAN_POINT('',(-0.019625,-0.017375,-0.004));
#4834=CARTESIAN_POINT('',(-0.031125,-0.017375,-0.004));
#4835=CARTESIAN_POINT('',(-0.033375,-0.017375,-0.004));
#4836=CARTESIAN_POINT('',(-0.031125,-0.031125,-0.004));
#4837=CARTESIAN_POINT('',(-0.033375,-0.031125,-0.004));
#4838=CARTESIAN_POINT('',(-0.017375,-0.031125,-0.004));
#4839=CARTESIAN_POINT('',(-0.019625,-0.031125,-0.004));
#4840=CARTESIAN_POINT('',(0.006875,-0.006875,-0.004));
#4841=CARTESIAN_POINT('',(0.004625,-0.006875,-0.004));
#4842=CARTESIAN_POINT('',(0.006875,0.006875,-0.004));
#4843=CARTESIAN_POINT('',(0.004625,0.006875,-0.004));
#4844=CARTESIAN_POINT('',(-0.006875,0.006875,-0.004));
#4845=CARTESIAN_POINT('',(-0.009125,0.006875,-0.004));
#4846=CARTESIAN_POINT('',(-0.006875,-0.006875,-0.004));
#4847=CARTESIAN_POINT('',(-0.009125,-0.006875,-0.004));
#4848=CARTESIAN_POINT('',(0.00625,-0.05475,-0.004));
#4849=CARTESIAN_POINT('',(-0.00625,-0.05475,-0.004));
#4850=CARTESIAN_POINT('',(-0.01625,-0.0405,-0.004));
#4851=CARTESIAN_POINT('',(-0.0305,-0.0305,-0.004));
#4852=CARTESIAN_POINT('',(-0.0305,-0.018,-0.004));
#4853=CARTESIAN_POINT('',(-0.01625,-0.008,-0.004));
#4854=CARTESIAN_POINT('',(-0.00625,0.00625,-0.004));
#4855=CARTESIAN_POINT('',(0.00625,0.00625,-0.004));
#4856=CARTESIAN_POINT('',(0.01625,-0.008,-0.004));
#4857=CARTESIAN_POINT('',(0.0305,-0.018,-0.004));
#4858=CARTESIAN_POINT('',(0.0305,-0.0305,-0.004));
#4859=CARTESIAN_POINT('',(0.01625,-0.0405,-0.004));
#4860=CARTESIAN_POINT('',(0.,-0.02425,-0.002));
#4861=CARTESIAN_POINT('',(-0.005725,-0.006875,-0.002));
#4862=CARTESIAN_POINT('',(-0.005725,-0.00494109203941863,-0.002));
#4863=CARTESIAN_POINT('',(-0.005725,-0.00880890796058137,-0.002));
#4864=CARTESIAN_POINT('',(-0.006875,-0.006875,-0.002));
#4865=CARTESIAN_POINT('',(-0.006875,-0.006875,-0.002));
#4866=CARTESIAN_POINT('',(-0.005725,-0.00494109203941863,-0.0018));
#4867=CARTESIAN_POINT('',(-0.005725,-0.00494109203941863,-0.0018));
#4868=CARTESIAN_POINT('',(-0.006875,-0.006875,-0.0018));
#4869=CARTESIAN_POINT('',(-0.008025,-0.00494109203941862,-0.0018));
#4870=CARTESIAN_POINT('',(-0.008025,-0.00494109203941862,-0.0018));
#4871=CARTESIAN_POINT('',(-0.008025,-0.00880890796058137,-0.0018));
#4872=CARTESIAN_POINT('',(-0.008025,-0.00880890796058137,-0.0018));
#4873=CARTESIAN_POINT('',(-0.006875,-0.006875,-0.0018));
#4874=CARTESIAN_POINT('',(-0.005725,-0.00880890796058137,-0.0018));
#4875=CARTESIAN_POINT('',(-0.005725,-0.00880890796058137,-0.0018));
#4876=CARTESIAN_POINT('',(0.,-0.02425,-0.002));
#4877=CARTESIAN_POINT('',(-0.006875,0.005725,-0.002));
#4878=CARTESIAN_POINT('',(-0.00494109203941863,0.005725,-0.002));
#4879=CARTESIAN_POINT('',(-0.00880890796058137,0.005725,-0.002));
#4880=CARTESIAN_POINT('',(-0.006875,0.006875,-0.002));
#4881=CARTESIAN_POINT('',(-0.006875,0.006875,-0.002));
#4882=CARTESIAN_POINT('',(-0.00880890796058137,0.008025,-0.0018));
#4883=CARTESIAN_POINT('',(-0.00880890796058137,0.008025,-0.0018));
#4884=CARTESIAN_POINT('',(-0.006875,0.006875,-0.0018));
#4885=CARTESIAN_POINT('',(-0.00880890796058137,0.005725,-0.0018));
#4886=CARTESIAN_POINT('',(-0.00880890796058137,0.005725,-0.0018));
#4887=CARTESIAN_POINT('',(-0.00494109203941863,0.005725,-0.0018));
#4888=CARTESIAN_POINT('',(-0.00494109203941863,0.005725,-0.0018));
#4889=CARTESIAN_POINT('',(-0.006875,0.006875,-0.0018));
#4890=CARTESIAN_POINT('',(-0.00494109203941862,0.008025,-0.0018));
#4891=CARTESIAN_POINT('',(-0.00494109203941862,0.008025,-0.0018));
#4892=CARTESIAN_POINT('',(0.,-0.02425,-0.002));
#4893=CARTESIAN_POINT('',(0.005725,0.006875,-0.002));
#4894=CARTESIAN_POINT('',(0.005725,0.00494109203941863,-0.002));
#4895=CARTESIAN_POINT('',(0.005725,0.00880890796058137,-0.002));
#4896=CARTESIAN_POINT('',(0.006875,0.006875,-0.002));
#4897=CARTESIAN_POINT('',(0.006875,0.006875,-0.002));
#4898=CARTESIAN_POINT('',(0.008025,0.00880890796058137,-0.0018));
#4899=CARTESIAN_POINT('',(0.008025,0.00880890796058137,-0.0018));
#4900=CARTESIAN_POINT('',(0.006875,0.006875,-0.0018));
#4901=CARTESIAN_POINT('',(0.005725,0.00880890796058137,-0.0018));
#4902=CARTESIAN_POINT('',(0.005725,0.00880890796058137,-0.0018));
#4903=CARTESIAN_POINT('',(0.005725,0.00494109203941863,-0.0018));
#4904=CARTESIAN_POINT('',(0.005725,0.00494109203941863,-0.0018));
#4905=CARTESIAN_POINT('',(0.006875,0.006875,-0.0018));
#4906=CARTESIAN_POINT('',(0.008025,0.00494109203941863,-0.0018));
#4907=CARTESIAN_POINT('',(0.008025,0.00494109203941863,-0.0018));
#4908=CARTESIAN_POINT('',(0.,-0.02425,-0.002));
#4909=CARTESIAN_POINT('',(0.006875,-0.005725,-0.002));
#4910=CARTESIAN_POINT('',(0.00494109203941863,-0.005725,-0.002));
#4911=CARTESIAN_POINT('',(0.00880890796058137,-0.005725,-0.002));
#4912=CARTESIAN_POINT('',(0.006875,-0.006875,-0.002));
#4913=CARTESIAN_POINT('',(0.006875,-0.006875,-0.002));
#4914=CARTESIAN_POINT('',(0.00494109203941863,-0.005725,-0.0018));
#4915=CARTESIAN_POINT('',(0.00494109203941863,-0.005725,-0.0018));
#4916=CARTESIAN_POINT('',(0.006875,-0.006875,-0.0018));
#4917=CARTESIAN_POINT('',(0.00494109203941863,-0.008025,-0.0018));
#4918=CARTESIAN_POINT('',(0.00494109203941863,-0.008025,-0.0018));
#4919=CARTESIAN_POINT('',(0.00880890796058137,-0.008025,-0.0018));
#4920=CARTESIAN_POINT('',(0.00880890796058137,-0.008025,-0.0018));
#4921=CARTESIAN_POINT('',(0.006875,-0.006875,-0.0018));
#4922=CARTESIAN_POINT('',(0.00880890796058137,-0.005725,-0.0018));
#4923=CARTESIAN_POINT('',(0.00880890796058137,-0.005725,-0.0018));
#4924=CARTESIAN_POINT('',(-0.006875,0.008025,-0.0018));
#4925=CARTESIAN_POINT('',(-0.006875,0.008025,-0.0018));
#4926=CARTESIAN_POINT('',(-0.006875,0.008025,-0.0018));
#4927=CARTESIAN_POINT('',(-0.006875,0.005725,-0.0018));
#4928=CARTESIAN_POINT('',(-0.006875,0.005725,-0.0018));
#4929=CARTESIAN_POINT('',(-0.006875,0.005725,-0.0018));
#4930=CARTESIAN_POINT('',(0.,0.,-0.0018));
#4931=CARTESIAN_POINT('',(0.,0.,-0.0018));
#4932=CARTESIAN_POINT('',(0.006875,-0.008025,-0.0018));
#4933=CARTESIAN_POINT('',(0.006875,-0.008025,-0.0018));
#4934=CARTESIAN_POINT('',(0.006875,-0.008025,-0.0018));
#4935=CARTESIAN_POINT('',(0.006875,-0.005725,-0.0018));
#4936=CARTESIAN_POINT('',(0.006875,-0.005725,-0.0018));
#4937=CARTESIAN_POINT('',(0.006875,-0.005725,-0.0018));
#4938=CARTESIAN_POINT('',(0.,0.,-0.0018));
#4939=CARTESIAN_POINT('',(0.,0.,-0.0018));
#4940=CARTESIAN_POINT('',(0.008025,0.006875,-0.0018));
#4941=CARTESIAN_POINT('',(0.008025,0.006875,-0.0018));
#4942=CARTESIAN_POINT('',(0.008025,0.006875,-0.0018));
#4943=CARTESIAN_POINT('',(0.005725,0.006875,-0.0018));
#4944=CARTESIAN_POINT('',(0.005725,0.006875,-0.0018));
#4945=CARTESIAN_POINT('',(0.005725,0.006875,-0.0018));
#4946=CARTESIAN_POINT('',(0.,0.,-0.0018));
#4947=CARTESIAN_POINT('',(0.,0.,-0.0018));
#4948=CARTESIAN_POINT('',(-0.008025,-0.006875,-0.0018));
#4949=CARTESIAN_POINT('',(-0.008025,-0.006875,-0.0018));
#4950=CARTESIAN_POINT('',(-0.008025,-0.006875,-0.0018));
#4951=CARTESIAN_POINT('',(-0.005725,-0.006875,-0.0018));
#4952=CARTESIAN_POINT('',(-0.005725,-0.006875,-0.0018));
#4953=CARTESIAN_POINT('',(-0.005725,-0.006875,-0.0018));
#4954=CARTESIAN_POINT('',(0.,0.,-0.0018));
#4955=CARTESIAN_POINT('',(0.,0.,-0.0018));
#4956=CARTESIAN_POINT('',(-0.017375,-0.029975,-0.0018));
#4957=CARTESIAN_POINT('',(-0.017375,-0.029975,-0.0018));
#4958=CARTESIAN_POINT('',(-0.0154410920394187,-0.029975,-0.0018));
#4959=CARTESIAN_POINT('',(-0.017375,-0.029975,-0.0018));
#4960=CARTESIAN_POINT('',(-0.0193089079605814,-0.029975,-0.0018));
#4961=CARTESIAN_POINT('',(-0.0193089079605814,-0.029975,-0.0018));
#4962=CARTESIAN_POINT('',(-0.0193089079605814,-0.029975,-0.002));
#4963=CARTESIAN_POINT('',(-0.017375,-0.029975,-0.002));
#4964=CARTESIAN_POINT('',(-0.0154410920394187,-0.029975,-0.002));
#4965=CARTESIAN_POINT('',(-0.0154410920394187,-0.029975,-0.0018));
#4966=CARTESIAN_POINT('',(-0.017375,-0.032275,-0.0018));
#4967=CARTESIAN_POINT('',(-0.0154410920394187,-0.032275,-0.0018));
#4968=CARTESIAN_POINT('',(-0.0154410920394187,-0.032275,-0.0018));
#4969=CARTESIAN_POINT('',(-0.0154410920394187,-0.032275,-0.002));
#4970=CARTESIAN_POINT('',(-0.017375,-0.032275,-0.002));
#4971=CARTESIAN_POINT('',(-0.0193089079605814,-0.032275,-0.002));
#4972=CARTESIAN_POINT('',(-0.0193089079605814,-0.032275,-0.0018));
#4973=CARTESIAN_POINT('',(-0.0193089079605814,-0.032275,-0.0018));
#4974=CARTESIAN_POINT('',(-0.017375,-0.032275,-0.0018));
#4975=CARTESIAN_POINT('',(-0.017375,-0.032275,-0.0018));
#4976=CARTESIAN_POINT('',(0.,-0.02425,-0.002));
#4977=CARTESIAN_POINT('',(-0.017375,-0.031125,-0.002));
#4978=CARTESIAN_POINT('',(0.,-0.02425,-0.002));
#4979=CARTESIAN_POINT('',(-0.017375,-0.031125,-0.002));
#4980=CARTESIAN_POINT('',(-0.017375,-0.031125,-0.002));
#4981=CARTESIAN_POINT('',(-0.017375,-0.031125,-0.0018));
#4982=CARTESIAN_POINT('',(-0.017375,-0.031125,-0.0018));
#4983=CARTESIAN_POINT('',(-0.02425,-0.02425,-0.0018));
#4984=CARTESIAN_POINT('',(-0.02425,-0.02425,-0.0018));
#4985=CARTESIAN_POINT('',(0.,-0.02425,-0.002));
#4986=CARTESIAN_POINT('',(-0.029975,-0.031125,-0.002));
#4987=CARTESIAN_POINT('',(-0.029975,-0.0291910920394186,-0.002));
#4988=CARTESIAN_POINT('',(-0.029975,-0.0330589079605814,-0.002));
#4989=CARTESIAN_POINT('',(-0.031125,-0.031125,-0.002));
#4990=CARTESIAN_POINT('',(-0.029975,-0.031125,-0.0018));
#4991=CARTESIAN_POINT('',(-0.029975,-0.031125,-0.0018));
#4992=CARTESIAN_POINT('',(-0.029975,-0.0330589079605814,-0.0018));
#4993=CARTESIAN_POINT('',(-0.029975,-0.031125,-0.0018));
#4994=CARTESIAN_POINT('',(-0.029975,-0.0291910920394186,-0.0018));
#4995=CARTESIAN_POINT('',(-0.029975,-0.0291910920394186,-0.0018));
#4996=CARTESIAN_POINT('',(-0.029975,-0.0330589079605814,-0.0018));
#4997=CARTESIAN_POINT('',(-0.032275,-0.031125,-0.0018));
#4998=CARTESIAN_POINT('',(-0.032275,-0.0330589079605814,-0.0018));
#4999=CARTESIAN_POINT('',(-0.032275,-0.0330589079605814,-0.0018));
#5000=CARTESIAN_POINT('',(-0.032275,-0.0330589079605814,-0.002));
#5001=CARTESIAN_POINT('',(-0.032275,-0.031125,-0.002));
#5002=CARTESIAN_POINT('',(-0.032275,-0.0291910920394186,-0.002));
#5003=CARTESIAN_POINT('',(-0.032275,-0.0291910920394186,-0.0018));
#5004=CARTESIAN_POINT('',(-0.032275,-0.0291910920394186,-0.0018));
#5005=CARTESIAN_POINT('',(-0.032275,-0.031125,-0.0018));
#5006=CARTESIAN_POINT('',(-0.032275,-0.031125,-0.0018));
#5007=CARTESIAN_POINT('',(0.,-0.02425,-0.002));
#5008=CARTESIAN_POINT('',(-0.031125,-0.031125,-0.002));
#5009=CARTESIAN_POINT('',(-0.031125,-0.031125,-0.002));
#5010=CARTESIAN_POINT('',(-0.031125,-0.031125,-0.0018));
#5011=CARTESIAN_POINT('',(-0.031125,-0.031125,-0.0018));
#5012=CARTESIAN_POINT('',(-0.02425,-0.02425,-0.0018));
#5013=CARTESIAN_POINT('',(-0.02425,-0.02425,-0.0018));
#5014=CARTESIAN_POINT('',(0.,-0.02425,-0.002));
#5015=CARTESIAN_POINT('',(-0.031125,-0.018525,-0.002));
#5016=CARTESIAN_POINT('',(-0.0291910920394186,-0.018525,-0.002));
#5017=CARTESIAN_POINT('',(-0.0330589079605814,-0.018525,-0.002));
#5018=CARTESIAN_POINT('',(-0.031125,-0.017375,-0.002));
#5019=CARTESIAN_POINT('',(-0.031125,-0.018525,-0.0018));
#5020=CARTESIAN_POINT('',(-0.031125,-0.018525,-0.0018));
#5021=CARTESIAN_POINT('',(-0.0330589079605814,-0.018525,-0.0018));
#5022=CARTESIAN_POINT('',(-0.031125,-0.018525,-0.0018));
#5023=CARTESIAN_POINT('',(-0.0291910920394186,-0.018525,-0.0018));
#5024=CARTESIAN_POINT('',(-0.0291910920394186,-0.018525,-0.0018));
#5025=CARTESIAN_POINT('',(-0.0330589079605814,-0.018525,-0.0018));
#5026=CARTESIAN_POINT('',(-0.031125,-0.016225,-0.0018));
#5027=CARTESIAN_POINT('',(-0.0330589079605814,-0.016225,-0.0018));
#5028=CARTESIAN_POINT('',(-0.0330589079605814,-0.016225,-0.0018));
#5029=CARTESIAN_POINT('',(-0.0330589079605814,-0.016225,-0.002));
#5030=CARTESIAN_POINT('',(-0.031125,-0.016225,-0.002));
#5031=CARTESIAN_POINT('',(-0.0291910920394186,-0.016225,-0.002));
#5032=CARTESIAN_POINT('',(-0.0291910920394186,-0.016225,-0.0018));
#5033=CARTESIAN_POINT('',(-0.0291910920394186,-0.016225,-0.0018));
#5034=CARTESIAN_POINT('',(-0.031125,-0.016225,-0.0018));
#5035=CARTESIAN_POINT('',(-0.031125,-0.016225,-0.0018));
#5036=CARTESIAN_POINT('',(0.,-0.02425,-0.002));
#5037=CARTESIAN_POINT('',(-0.031125,-0.017375,-0.002));
#5038=CARTESIAN_POINT('',(-0.031125,-0.017375,-0.002));
#5039=CARTESIAN_POINT('',(-0.031125,-0.017375,-0.0018));
#5040=CARTESIAN_POINT('',(-0.031125,-0.017375,-0.0018));
#5041=CARTESIAN_POINT('',(-0.02425,-0.02425,-0.0018));
#5042=CARTESIAN_POINT('',(-0.02425,-0.02425,-0.0018));
#5043=CARTESIAN_POINT('',(-0.018525,-0.017375,-0.0018));
#5044=CARTESIAN_POINT('',(-0.018525,-0.017375,-0.0018));
#5045=CARTESIAN_POINT('',(-0.018525,-0.0154410920394187,-0.0018));
#5046=CARTESIAN_POINT('',(-0.018525,-0.017375,-0.0018));
#5047=CARTESIAN_POINT('',(-0.018525,-0.0193089079605814,-0.0018));
#5048=CARTESIAN_POINT('',(-0.018525,-0.0193089079605814,-0.0018));
#5049=CARTESIAN_POINT('',(-0.018525,-0.0193089079605814,-0.002));
#5050=CARTESIAN_POINT('',(-0.018525,-0.017375,-0.002));
#5051=CARTESIAN_POINT('',(-0.018525,-0.0154410920394187,-0.002));
#5052=CARTESIAN_POINT('',(-0.018525,-0.0154410920394187,-0.0018));
#5053=CARTESIAN_POINT('',(-0.016225,-0.017375,-0.0018));
#5054=CARTESIAN_POINT('',(-0.016225,-0.0154410920394187,-0.0018));
#5055=CARTESIAN_POINT('',(-0.016225,-0.0154410920394187,-0.0018));
#5056=CARTESIAN_POINT('',(-0.016225,-0.0154410920394187,-0.002));
#5057=CARTESIAN_POINT('',(-0.016225,-0.017375,-0.002));
#5058=CARTESIAN_POINT('',(-0.016225,-0.0193089079605814,-0.002));
#5059=CARTESIAN_POINT('',(-0.016225,-0.0193089079605814,-0.0018));
#5060=CARTESIAN_POINT('',(-0.016225,-0.0193089079605814,-0.0018));
#5061=CARTESIAN_POINT('',(-0.016225,-0.017375,-0.0018));
#5062=CARTESIAN_POINT('',(-0.016225,-0.017375,-0.0018));
#5063=CARTESIAN_POINT('',(0.,-0.02425,-0.002));
#5064=CARTESIAN_POINT('',(-0.017375,-0.017375,-0.002));
#5065=CARTESIAN_POINT('',(0.,-0.02425,-0.002));
#5066=CARTESIAN_POINT('',(-0.017375,-0.017375,-0.002));
#5067=CARTESIAN_POINT('',(-0.017375,-0.017375,-0.002));
#5068=CARTESIAN_POINT('',(-0.017375,-0.017375,-0.0018));
#5069=CARTESIAN_POINT('',(-0.017375,-0.017375,-0.0018));
#5070=CARTESIAN_POINT('',(-0.02425,-0.02425,-0.0018));
#5071=CARTESIAN_POINT('',(-0.02425,-0.02425,-0.0018));
#5072=CARTESIAN_POINT('',(-0.006875,-0.042775,-0.0018));
#5073=CARTESIAN_POINT('',(-0.006875,-0.042775,-0.0018));
#5074=CARTESIAN_POINT('',(-0.00880890796058137,-0.042775,-0.0018));
#5075=CARTESIAN_POINT('',(-0.006875,-0.042775,-0.0018));
#5076=CARTESIAN_POINT('',(-0.00494109203941863,-0.042775,-0.0018));
#5077=CARTESIAN_POINT('',(-0.00494109203941863,-0.042775,-0.0018));
#5078=CARTESIAN_POINT('',(-0.00494109203941863,-0.042775,-0.002));
#5079=CARTESIAN_POINT('',(-0.006875,-0.042775,-0.002));
#5080=CARTESIAN_POINT('',(-0.00880890796058137,-0.042775,-0.002));
#5081=CARTESIAN_POINT('',(-0.00880890796058137,-0.042775,-0.0018));
#5082=CARTESIAN_POINT('',(-0.006875,-0.040475,-0.0018));
#5083=CARTESIAN_POINT('',(-0.00880890796058137,-0.040475,-0.0018));
#5084=CARTESIAN_POINT('',(-0.00880890796058137,-0.040475,-0.0018));
#5085=CARTESIAN_POINT('',(-0.00880890796058137,-0.040475,-0.002));
#5086=CARTESIAN_POINT('',(-0.006875,-0.040475,-0.002));
#5087=CARTESIAN_POINT('',(-0.00494109203941862,-0.040475,-0.002));
#5088=CARTESIAN_POINT('',(-0.00494109203941862,-0.040475,-0.0018));
#5089=CARTESIAN_POINT('',(-0.00494109203941862,-0.040475,-0.0018));
#5090=CARTESIAN_POINT('',(-0.006875,-0.040475,-0.0018));
#5091=CARTESIAN_POINT('',(-0.006875,-0.040475,-0.0018));
#5092=CARTESIAN_POINT('',(0.,-0.02425,-0.002));
#5093=CARTESIAN_POINT('',(-0.006875,-0.041625,-0.002));
#5094=CARTESIAN_POINT('',(0.,-0.02425,-0.002));
#5095=CARTESIAN_POINT('',(-0.006875,-0.041625,-0.002));
#5096=CARTESIAN_POINT('',(-0.006875,-0.041625,-0.002));
#5097=CARTESIAN_POINT('',(-0.006875,-0.041625,-0.0018));
#5098=CARTESIAN_POINT('',(-0.006875,-0.041625,-0.0018));
#5099=CARTESIAN_POINT('',(2.96976848793233E-18,-0.0485,-0.0018));
#5100=CARTESIAN_POINT('',(2.96976848793233E-18,-0.0485,-0.0018));
#5101=CARTESIAN_POINT('',(0.,-0.02425,-0.002));
#5102=CARTESIAN_POINT('',(-0.005725,-0.055375,-0.002));
#5103=CARTESIAN_POINT('',(-0.005725,-0.0534410920394186,-0.002));
#5104=CARTESIAN_POINT('',(-0.005725,-0.0573089079605814,-0.002));
#5105=CARTESIAN_POINT('',(-0.006875,-0.055375,-0.002));
#5106=CARTESIAN_POINT('',(-0.005725,-0.055375,-0.0018));
#5107=CARTESIAN_POINT('',(-0.005725,-0.055375,-0.0018));
#5108=CARTESIAN_POINT('',(-0.005725,-0.0573089079605814,-0.0018));
#5109=CARTESIAN_POINT('',(-0.005725,-0.055375,-0.0018));
#5110=CARTESIAN_POINT('',(-0.005725,-0.0534410920394186,-0.0018));
#5111=CARTESIAN_POINT('',(-0.005725,-0.0534410920394186,-0.0018));
#5112=CARTESIAN_POINT('',(-0.005725,-0.0573089079605814,-0.0018));
#5113=CARTESIAN_POINT('',(-0.008025,-0.055375,-0.0018));
#5114=CARTESIAN_POINT('',(-0.008025,-0.0573089079605814,-0.0018));
#5115=CARTESIAN_POINT('',(-0.008025,-0.0573089079605814,-0.0018));
#5116=CARTESIAN_POINT('',(-0.008025,-0.0573089079605814,-0.002));
#5117=CARTESIAN_POINT('',(-0.008025,-0.055375,-0.002));
#5118=CARTESIAN_POINT('',(-0.008025,-0.0534410920394186,-0.002));
#5119=CARTESIAN_POINT('',(-0.008025,-0.0534410920394186,-0.0018));
#5120=CARTESIAN_POINT('',(-0.008025,-0.0534410920394186,-0.0018));
#5121=CARTESIAN_POINT('',(-0.008025,-0.055375,-0.0018));
#5122=CARTESIAN_POINT('',(-0.008025,-0.055375,-0.0018));
#5123=CARTESIAN_POINT('',(0.,-0.02425,-0.002));
#5124=CARTESIAN_POINT('',(-0.006875,-0.055375,-0.002));
#5125=CARTESIAN_POINT('',(-0.006875,-0.055375,-0.002));
#5126=CARTESIAN_POINT('',(-0.006875,-0.055375,-0.0018));
#5127=CARTESIAN_POINT('',(-0.006875,-0.055375,-0.0018));
#5128=CARTESIAN_POINT('',(2.96976848793233E-18,-0.0485,-0.0018));
#5129=CARTESIAN_POINT('',(2.96976848793233E-18,-0.0485,-0.0018));
#5130=CARTESIAN_POINT('',(0.,-0.02425,-0.002));
#5131=CARTESIAN_POINT('',(0.006875,-0.054225,-0.002));
#5132=CARTESIAN_POINT('',(0.00494109203941863,-0.054225,-0.002));
#5133=CARTESIAN_POINT('',(0.00880890796058138,-0.054225,-0.002));
#5134=CARTESIAN_POINT('',(0.006875,-0.055375,-0.002));
#5135=CARTESIAN_POINT('',(0.006875,-0.054225,-0.0018));
#5136=CARTESIAN_POINT('',(0.006875,-0.054225,-0.0018));
#5137=CARTESIAN_POINT('',(0.00880890796058138,-0.054225,-0.0018));
#5138=CARTESIAN_POINT('',(0.006875,-0.054225,-0.0018));
#5139=CARTESIAN_POINT('',(0.00494109203941863,-0.054225,-0.0018));
#5140=CARTESIAN_POINT('',(0.00494109203941863,-0.054225,-0.0018));
#5141=CARTESIAN_POINT('',(0.00880890796058138,-0.054225,-0.0018));
#5142=CARTESIAN_POINT('',(0.006875,-0.056525,-0.0018));
#5143=CARTESIAN_POINT('',(0.00880890796058138,-0.056525,-0.0018));
#5144=CARTESIAN_POINT('',(0.00880890796058138,-0.056525,-0.0018));
#5145=CARTESIAN_POINT('',(0.00880890796058138,-0.056525,-0.002));
#5146=CARTESIAN_POINT('',(0.006875,-0.056525,-0.002));
#5147=CARTESIAN_POINT('',(0.00494109203941863,-0.056525,-0.002));
#5148=CARTESIAN_POINT('',(0.00494109203941863,-0.056525,-0.0018));
#5149=CARTESIAN_POINT('',(0.00494109203941863,-0.056525,-0.0018));
#5150=CARTESIAN_POINT('',(0.006875,-0.056525,-0.0018));
#5151=CARTESIAN_POINT('',(0.006875,-0.056525,-0.0018));
#5152=CARTESIAN_POINT('',(0.,-0.02425,-0.002));
#5153=CARTESIAN_POINT('',(0.006875,-0.055375,-0.002));
#5154=CARTESIAN_POINT('',(0.006875,-0.055375,-0.002));
#5155=CARTESIAN_POINT('',(0.006875,-0.055375,-0.0018));
#5156=CARTESIAN_POINT('',(0.006875,-0.055375,-0.0018));
#5157=CARTESIAN_POINT('',(2.96976848793233E-18,-0.0485,-0.0018));
#5158=CARTESIAN_POINT('',(2.96976848793233E-18,-0.0485,-0.0018));
#5159=CARTESIAN_POINT('',(0.005725,-0.041625,-0.0018));
#5160=CARTESIAN_POINT('',(0.005725,-0.041625,-0.0018));
#5161=CARTESIAN_POINT('',(0.005725,-0.0396910920394186,-0.0018));
#5162=CARTESIAN_POINT('',(0.005725,-0.041625,-0.0018));
#5163=CARTESIAN_POINT('',(0.005725,-0.0435589079605814,-0.0018));
#5164=CARTESIAN_POINT('',(0.005725,-0.0435589079605814,-0.0018));
#5165=CARTESIAN_POINT('',(0.005725,-0.0435589079605814,-0.002));
#5166=CARTESIAN_POINT('',(0.005725,-0.041625,-0.002));
#5167=CARTESIAN_POINT('',(0.005725,-0.0396910920394186,-0.002));
#5168=CARTESIAN_POINT('',(0.005725,-0.0396910920394186,-0.0018));
#5169=CARTESIAN_POINT('',(0.008025,-0.041625,-0.0018));
#5170=CARTESIAN_POINT('',(0.008025,-0.0396910920394186,-0.0018));
#5171=CARTESIAN_POINT('',(0.008025,-0.0396910920394186,-0.0018));
#5172=CARTESIAN_POINT('',(0.008025,-0.0396910920394186,-0.002));
#5173=CARTESIAN_POINT('',(0.008025,-0.041625,-0.002));
#5174=CARTESIAN_POINT('',(0.008025,-0.0435589079605814,-0.002));
#5175=CARTESIAN_POINT('',(0.008025,-0.0435589079605814,-0.0018));
#5176=CARTESIAN_POINT('',(0.008025,-0.0435589079605814,-0.0018));
#5177=CARTESIAN_POINT('',(0.008025,-0.041625,-0.0018));
#5178=CARTESIAN_POINT('',(0.008025,-0.041625,-0.0018));
#5179=CARTESIAN_POINT('',(0.,-0.02425,-0.002));
#5180=CARTESIAN_POINT('',(0.006875,-0.041625,-0.002));
#5181=CARTESIAN_POINT('',(0.,-0.02425,-0.002));
#5182=CARTESIAN_POINT('',(0.006875,-0.041625,-0.002));
#5183=CARTESIAN_POINT('',(0.006875,-0.041625,-0.002));
#5184=CARTESIAN_POINT('',(0.006875,-0.041625,-0.0018));
#5185=CARTESIAN_POINT('',(0.006875,-0.041625,-0.0018));
#5186=CARTESIAN_POINT('',(2.96976848793233E-18,-0.0485,-0.0018));
#5187=CARTESIAN_POINT('',(2.96976848793233E-18,-0.0485,-0.0018));
#5188=CARTESIAN_POINT('',(0.018525,-0.031125,-0.0018));
#5189=CARTESIAN_POINT('',(0.018525,-0.031125,-0.0018));
#5190=CARTESIAN_POINT('',(0.018525,-0.0330589079605814,-0.0018));
#5191=CARTESIAN_POINT('',(0.018525,-0.031125,-0.0018));
#5192=CARTESIAN_POINT('',(0.018525,-0.0291910920394186,-0.0018));
#5193=CARTESIAN_POINT('',(0.018525,-0.0291910920394186,-0.0018));
#5194=CARTESIAN_POINT('',(0.018525,-0.0291910920394186,-0.002));
#5195=CARTESIAN_POINT('',(0.018525,-0.031125,-0.002));
#5196=CARTESIAN_POINT('',(0.018525,-0.0330589079605814,-0.002));
#5197=CARTESIAN_POINT('',(0.018525,-0.0330589079605814,-0.0018));
#5198=CARTESIAN_POINT('',(0.016225,-0.031125,-0.0018));
#5199=CARTESIAN_POINT('',(0.016225,-0.0330589079605814,-0.0018));
#5200=CARTESIAN_POINT('',(0.016225,-0.0330589079605814,-0.0018));
#5201=CARTESIAN_POINT('',(0.016225,-0.0330589079605814,-0.002));
#5202=CARTESIAN_POINT('',(0.016225,-0.031125,-0.002));
#5203=CARTESIAN_POINT('',(0.016225,-0.0291910920394186,-0.002));
#5204=CARTESIAN_POINT('',(0.016225,-0.0291910920394186,-0.0018));
#5205=CARTESIAN_POINT('',(0.016225,-0.0291910920394186,-0.0018));
#5206=CARTESIAN_POINT('',(0.016225,-0.031125,-0.0018));
#5207=CARTESIAN_POINT('',(0.016225,-0.031125,-0.0018));
#5208=CARTESIAN_POINT('',(0.,-0.02425,-0.002));
#5209=CARTESIAN_POINT('',(0.017375,-0.031125,-0.002));
#5210=CARTESIAN_POINT('',(0.,-0.02425,-0.002));
#5211=CARTESIAN_POINT('',(0.017375,-0.031125,-0.002));
#5212=CARTESIAN_POINT('',(0.017375,-0.031125,-0.002));
#5213=CARTESIAN_POINT('',(0.017375,-0.031125,-0.0018));
#5214=CARTESIAN_POINT('',(0.017375,-0.031125,-0.0018));
#5215=CARTESIAN_POINT('',(0.02425,-0.02425,-0.0018));
#5216=CARTESIAN_POINT('',(0.02425,-0.02425,-0.0018));
#5217=CARTESIAN_POINT('',(0.,-0.02425,-0.002));
#5218=CARTESIAN_POINT('',(0.031125,-0.029975,-0.002));
#5219=CARTESIAN_POINT('',(0.0291910920394186,-0.029975,-0.002));
#5220=CARTESIAN_POINT('',(0.0330589079605813,-0.029975,-0.002));
#5221=CARTESIAN_POINT('',(0.031125,-0.031125,-0.002));
#5222=CARTESIAN_POINT('',(0.031125,-0.029975,-0.0018));
#5223=CARTESIAN_POINT('',(0.031125,-0.029975,-0.0018));
#5224=CARTESIAN_POINT('',(0.0330589079605813,-0.029975,-0.0018));
#5225=CARTESIAN_POINT('',(0.031125,-0.029975,-0.0018));
#5226=CARTESIAN_POINT('',(0.0291910920394186,-0.029975,-0.0018));
#5227=CARTESIAN_POINT('',(0.0291910920394186,-0.029975,-0.0018));
#5228=CARTESIAN_POINT('',(0.0330589079605813,-0.029975,-0.0018));
#5229=CARTESIAN_POINT('',(0.031125,-0.032275,-0.0018));
#5230=CARTESIAN_POINT('',(0.0330589079605814,-0.032275,-0.0018));
#5231=CARTESIAN_POINT('',(0.0330589079605814,-0.032275,-0.0018));
#5232=CARTESIAN_POINT('',(0.0330589079605814,-0.032275,-0.002));
#5233=CARTESIAN_POINT('',(0.031125,-0.032275,-0.002));
#5234=CARTESIAN_POINT('',(0.0291910920394186,-0.032275,-0.002));
#5235=CARTESIAN_POINT('',(0.0291910920394186,-0.032275,-0.0018));
#5236=CARTESIAN_POINT('',(0.0291910920394186,-0.032275,-0.0018));
#5237=CARTESIAN_POINT('',(0.031125,-0.032275,-0.0018));
#5238=CARTESIAN_POINT('',(0.031125,-0.032275,-0.0018));
#5239=CARTESIAN_POINT('',(0.,-0.02425,-0.002));
#5240=CARTESIAN_POINT('',(0.031125,-0.031125,-0.002));
#5241=CARTESIAN_POINT('',(0.031125,-0.031125,-0.002));
#5242=CARTESIAN_POINT('',(0.031125,-0.031125,-0.0018));
#5243=CARTESIAN_POINT('',(0.031125,-0.031125,-0.0018));
#5244=CARTESIAN_POINT('',(0.02425,-0.02425,-0.0018));
#5245=CARTESIAN_POINT('',(0.02425,-0.02425,-0.0018));
#5246=CARTESIAN_POINT('',(0.,-0.02425,-0.002));
#5247=CARTESIAN_POINT('',(0.029975,-0.017375,-0.002));
#5248=CARTESIAN_POINT('',(0.029975,-0.0193089079605814,-0.002));
#5249=CARTESIAN_POINT('',(0.029975,-0.0154410920394187,-0.002));
#5250=CARTESIAN_POINT('',(0.031125,-0.017375,-0.002));
#5251=CARTESIAN_POINT('',(0.029975,-0.017375,-0.0018));
#5252=CARTESIAN_POINT('',(0.029975,-0.017375,-0.0018));
#5253=CARTESIAN_POINT('',(0.029975,-0.0154410920394187,-0.0018));
#5254=CARTESIAN_POINT('',(0.029975,-0.017375,-0.0018));
#5255=CARTESIAN_POINT('',(0.029975,-0.0193089079605814,-0.0018));
#5256=CARTESIAN_POINT('',(0.029975,-0.0193089079605814,-0.0018));
#5257=CARTESIAN_POINT('',(0.029975,-0.0154410920394187,-0.0018));
#5258=CARTESIAN_POINT('',(0.032275,-0.017375,-0.0018));
#5259=CARTESIAN_POINT('',(0.032275,-0.0154410920394187,-0.0018));
#5260=CARTESIAN_POINT('',(0.032275,-0.0154410920394187,-0.0018));
#5261=CARTESIAN_POINT('',(0.032275,-0.0154410920394187,-0.002));
#5262=CARTESIAN_POINT('',(0.032275,-0.017375,-0.002));
#5263=CARTESIAN_POINT('',(0.032275,-0.0193089079605814,-0.002));
#5264=CARTESIAN_POINT('',(0.032275,-0.0193089079605814,-0.0018));
#5265=CARTESIAN_POINT('',(0.032275,-0.0193089079605814,-0.0018));
#5266=CARTESIAN_POINT('',(0.032275,-0.017375,-0.0018));
#5267=CARTESIAN_POINT('',(0.032275,-0.017375,-0.0018));
#5268=CARTESIAN_POINT('',(0.,-0.02425,-0.002));
#5269=CARTESIAN_POINT('',(0.031125,-0.017375,-0.002));
#5270=CARTESIAN_POINT('',(0.031125,-0.017375,-0.002));
#5271=CARTESIAN_POINT('',(0.031125,-0.017375,-0.0018));
#5272=CARTESIAN_POINT('',(0.031125,-0.017375,-0.0018));
#5273=CARTESIAN_POINT('',(0.02425,-0.02425,-0.0018));
#5274=CARTESIAN_POINT('',(0.02425,-0.02425,-0.0018));
#5275=CARTESIAN_POINT('',(0.017375,-0.016225,-0.0018));
#5276=CARTESIAN_POINT('',(0.0154410920394187,-0.016225,-0.0018));
#5277=CARTESIAN_POINT('',(0.0154410920394187,-0.016225,-0.0018));
#5278=CARTESIAN_POINT('',(0.0154410920394187,-0.016225,-0.002));
#5279=CARTESIAN_POINT('',(0.017375,-0.016225,-0.002));
#5280=CARTESIAN_POINT('',(0.0193089079605814,-0.016225,-0.002));
#5281=CARTESIAN_POINT('',(0.0193089079605814,-0.016225,-0.0018));
#5282=CARTESIAN_POINT('',(0.0193089079605814,-0.016225,-0.0018));
#5283=CARTESIAN_POINT('',(0.017375,-0.016225,-0.0018));
#5284=CARTESIAN_POINT('',(0.017375,-0.016225,-0.0018));
#5285=CARTESIAN_POINT('',(0.017375,-0.018525,-0.0018));
#5286=CARTESIAN_POINT('',(0.017375,-0.018525,-0.0018));
#5287=CARTESIAN_POINT('',(0.0154410920394187,-0.018525,-0.0018));
#5288=CARTESIAN_POINT('',(0.017375,-0.018525,-0.0018));
#5289=CARTESIAN_POINT('',(0.0193089079605814,-0.018525,-0.0018));
#5290=CARTESIAN_POINT('',(0.0193089079605814,-0.018525,-0.0018));
#5291=CARTESIAN_POINT('',(0.0193089079605814,-0.018525,-0.002));
#5292=CARTESIAN_POINT('',(0.017375,-0.018525,-0.002));
#5293=CARTESIAN_POINT('',(0.0154410920394187,-0.018525,-0.002));
#5294=CARTESIAN_POINT('',(0.0154410920394187,-0.018525,-0.0018));
#5295=CARTESIAN_POINT('',(0.,-0.02425,-0.002));
#5296=CARTESIAN_POINT('',(0.017375,-0.017375,-0.002));
#5297=CARTESIAN_POINT('',(0.,-0.02425,-0.002));
#5298=CARTESIAN_POINT('',(0.017375,-0.017375,-0.002));
#5299=CARTESIAN_POINT('',(0.017375,-0.017375,-0.002));
#5300=CARTESIAN_POINT('',(0.017375,-0.017375,-0.0018));
#5301=CARTESIAN_POINT('',(0.017375,-0.017375,-0.0018));
#5302=CARTESIAN_POINT('',(0.02425,-0.02425,-0.0018));
#5303=CARTESIAN_POINT('',(0.02425,-0.02425,-0.0018));
#5304=CARTESIAN_POINT('',(0.00625,-0.05475,-0.002));
#5305=CARTESIAN_POINT('',(0.01625,-0.0405,-0.002));
#5306=CARTESIAN_POINT('',(0.0305,-0.0305,-0.002));
#5307=CARTESIAN_POINT('',(0.0305,-0.018,-0.002));
#5308=CARTESIAN_POINT('',(0.01625,-0.008,-0.002));
#5309=CARTESIAN_POINT('',(0.00625,0.00625,-0.002));
#5310=CARTESIAN_POINT('',(-0.00625,0.00625,-0.002));
#5311=CARTESIAN_POINT('',(-0.01625,-0.008,-0.002));
#5312=CARTESIAN_POINT('',(-0.0305,-0.018,-0.002));
#5313=CARTESIAN_POINT('',(-0.0305,-0.0305,-0.002));
#5314=CARTESIAN_POINT('',(-0.00625,-0.05475,-0.002));
#5315=CARTESIAN_POINT('',(-0.01625,-0.0405,-0.002));
#5316=MECHANICAL_DESIGN_GEOMETRIC_PRESENTATION_REPRESENTATION('',(#3077),
#5317);
#5317=(
GEOMETRIC_REPRESENTATION_CONTEXT(3)
GLOBAL_UNCERTAINTY_ASSIGNED_CONTEXT((#5318))
GLOBAL_UNIT_ASSIGNED_CONTEXT((#5321,#5320,#5319))
REPRESENTATION_CONTEXT('Mount','TOP_LEVEL_ASSEMBLY_PART')
);
#5318=UNCERTAINTY_MEASURE_WITH_UNIT(LENGTH_MEASURE(5.E-6),#5321,
'DISTANCE_ACCURACY_VALUE','Maximum Tolerance applied to model');
#5319=(
NAMED_UNIT(*)
SI_UNIT($,.STERADIAN.)
SOLID_ANGLE_UNIT()
);
#5320=(
NAMED_UNIT(*)
PLANE_ANGLE_UNIT()
SI_UNIT($,.RADIAN.)
);
#5321=(
LENGTH_UNIT()
NAMED_UNIT(*)
SI_UNIT($,.METRE.)
);
#5322=PRODUCT_DEFINITION_SHAPE('','',#5323);
#5323=PRODUCT_DEFINITION('','',#5325,#5324);
#5324=PRODUCT_DEFINITION_CONTEXT('',#5331,'design');
#5325=PRODUCT_DEFINITION_FORMATION_WITH_SPECIFIED_SOURCE('','',#5327,
 .NOT_KNOWN.);
#5326=PRODUCT_RELATED_PRODUCT_CATEGORY('','',(#5327));
#5327=PRODUCT('Mount','Mount','Mount',(#5329));
#5328=PRODUCT_CATEGORY('','');
#5329=PRODUCT_CONTEXT('',#5331,'mechanical');
#5330=APPLICATION_PROTOCOL_DEFINITION('international standard',
'ap242_managed_model_based_3d_engineering',2011,#5331);
#5331=APPLICATION_CONTEXT('managed model based 3d engineering');
ENDSEC;
END-ISO-10303-21;
