ISO-10303-21;
HEADER;
/* Generated by software containing ST-Developer
 * from STEP Tools, Inc. (www.steptools.com) 
 */
/* OPTION: using custom renumber hook */

FILE_DESCRIPTION(
/* description */ ('STEP AP242',
'CAx-IF Rec.Pracs.---Representation and Presentation of Product Manufa
cturing Information (PMI)---4.0---2014-10-13',
'CAx-IF Rec.Pracs.---3D Tessellated Geometry---0.4---2014-09-14','2;1'),

/* implementation_level */ '2;1');

FILE_NAME(
/* name */ '65f4ce10e64d9970a3acb3e3',
/* time_stamp */ '2024-03-15T22:39:13Z',
/* author */ (''),
/* organization */ (''),
/* preprocessor_version */ 'ST-DEVELOPER v19.4',
/* originating_system */ '  ',
/* authorisation */ '  ');

FILE_SCHEMA (('AP242_MANAGED_MODEL_BASED_3D_ENGINEERING_MIM_LF { 1 0 10303 442 1 1 4 }'));
ENDSEC;

DATA;
#10=SHAPE_REPRESENTATION_RELATIONSHIP('','',#4968,#15);
#11=SHAPE_REPRESENTATION_RELATIONSHIP('','',#4969,#16);
#12=SHAPE_REPRESENTATION_RELATIONSHIP('','',#4970,#17);
#13=SHAPE_REPRESENTATION_RELATIONSHIP('','',#4971,#18);
#14=SHAPE_REPRESENTATION_RELATIONSHIP('','',#4972,#19);
#15=ADVANCED_BREP_SHAPE_REPRESENTATION('',(#4958),#8550);
#16=ADVANCED_BREP_SHAPE_REPRESENTATION('',(#4959),#8551);
#17=ADVANCED_BREP_SHAPE_REPRESENTATION('',(#4960),#8552);
#18=ADVANCED_BREP_SHAPE_REPRESENTATION('',(#4961),#8553);
#19=ADVANCED_BREP_SHAPE_REPRESENTATION('',(#4962),#8554);
#20=CONICAL_SURFACE('',#5009,0.00275,0.982793723247328);
#21=CONICAL_SURFACE('',#5012,0.00275,0.982793723247329);
#22=CONICAL_SURFACE('',#5013,0.00275,0.982793723247328);
#23=CONICAL_SURFACE('',#5016,0.00275,0.982793723247329);
#24=CONICAL_SURFACE('',#5065,0.00275,0.982793723247328);
#25=CONICAL_SURFACE('',#5068,0.00275,0.982793723247329);
#26=CONICAL_SURFACE('',#5069,0.00275,0.982793723247328);
#27=CONICAL_SURFACE('',#5072,0.00275,0.982793723247329);
#28=CONICAL_SURFACE('',#5121,0.00275,0.982793723247328);
#29=CONICAL_SURFACE('',#5124,0.00275,0.982793723247329);
#30=CONICAL_SURFACE('',#5125,0.00275,0.982793723247328);
#31=CONICAL_SURFACE('',#5128,0.00275,0.982793723247329);
#32=CONICAL_SURFACE('',#5560,0.00275,0.982793723247328);
#33=CONICAL_SURFACE('',#5563,0.00275,0.982793723247329);
#34=CONICAL_SURFACE('',#5564,0.00275,0.982793723247328);
#35=CONICAL_SURFACE('',#5567,0.00275,0.982793723247329);
#36=CIRCLE('',#4976,0.005);
#37=CIRCLE('',#4977,0.005);
#38=CIRCLE('',#4980,0.005);
#39=CIRCLE('',#4981,0.005);
#40=CIRCLE('',#4984,0.005);
#41=CIRCLE('',#4985,0.005);
#42=CIRCLE('',#4988,0.005);
#43=CIRCLE('',#4989,0.005);
#44=CIRCLE('',#4991,0.00275);
#45=CIRCLE('',#4992,0.00275);
#46=CIRCLE('',#4993,0.00275);
#47=CIRCLE('',#4994,0.00275);
#48=CIRCLE('',#4995,0.0015);
#49=CIRCLE('',#4996,0.0015);
#50=CIRCLE('',#4998,0.00195);
#51=CIRCLE('',#4999,0.00195);
#52=CIRCLE('',#5000,0.00195);
#53=CIRCLE('',#5001,0.00195);
#54=CIRCLE('',#5003,0.0015);
#55=CIRCLE('',#5006,0.0015);
#56=CIRCLE('',#5018,0.00195);
#57=CIRCLE('',#5021,0.00195);
#58=CIRCLE('',#5024,0.00195);
#59=CIRCLE('',#5027,0.00195);
#60=CIRCLE('',#5032,0.005);
#61=CIRCLE('',#5033,0.005);
#62=CIRCLE('',#5036,0.005);
#63=CIRCLE('',#5037,0.005);
#64=CIRCLE('',#5040,0.005);
#65=CIRCLE('',#5041,0.005);
#66=CIRCLE('',#5044,0.005);
#67=CIRCLE('',#5045,0.005);
#68=CIRCLE('',#5047,0.00275);
#69=CIRCLE('',#5048,0.00275);
#70=CIRCLE('',#5049,0.00275);
#71=CIRCLE('',#5050,0.00275);
#72=CIRCLE('',#5051,0.0015);
#73=CIRCLE('',#5052,0.0015);
#74=CIRCLE('',#5054,0.00195);
#75=CIRCLE('',#5055,0.00195);
#76=CIRCLE('',#5056,0.00195);
#77=CIRCLE('',#5057,0.00195);
#78=CIRCLE('',#5059,0.0015);
#79=CIRCLE('',#5062,0.0015);
#80=CIRCLE('',#5074,0.00195);
#81=CIRCLE('',#5077,0.00195);
#82=CIRCLE('',#5080,0.00195);
#83=CIRCLE('',#5083,0.00195);
#84=CIRCLE('',#5088,0.005);
#85=CIRCLE('',#5089,0.005);
#86=CIRCLE('',#5092,0.005);
#87=CIRCLE('',#5093,0.005);
#88=CIRCLE('',#5096,0.005);
#89=CIRCLE('',#5097,0.005);
#90=CIRCLE('',#5100,0.005);
#91=CIRCLE('',#5101,0.005);
#92=CIRCLE('',#5103,0.00275);
#93=CIRCLE('',#5104,0.00275);
#94=CIRCLE('',#5105,0.00275);
#95=CIRCLE('',#5106,0.00275);
#96=CIRCLE('',#5107,0.0015);
#97=CIRCLE('',#5108,0.0015);
#98=CIRCLE('',#5110,0.00195);
#99=CIRCLE('',#5111,0.00195);
#100=CIRCLE('',#5112,0.00195);
#101=CIRCLE('',#5113,0.00195);
#102=CIRCLE('',#5115,0.0015);
#103=CIRCLE('',#5118,0.0015);
#104=CIRCLE('',#5130,0.00195);
#105=CIRCLE('',#5133,0.00195);
#106=CIRCLE('',#5136,0.00195);
#107=CIRCLE('',#5139,0.00195);
#108=CIRCLE('',#5143,0.00115);
#109=CIRCLE('',#5144,0.00115);
#110=CIRCLE('',#5145,0.00115);
#111=CIRCLE('',#5147,0.00115);
#112=CIRCLE('',#5148,0.00115);
#113=CIRCLE('',#5149,0.00115);
#114=CIRCLE('',#5151,0.00115);
#115=CIRCLE('',#5152,0.00115);
#116=CIRCLE('',#5153,0.00115);
#117=CIRCLE('',#5155,0.00115);
#118=CIRCLE('',#5156,0.00115);
#119=CIRCLE('',#5157,0.00115);
#120=CIRCLE('',#5159,0.00225);
#121=CIRCLE('',#5161,0.00225);
#122=CIRCLE('',#5163,0.00225);
#123=CIRCLE('',#5165,0.00225);
#124=CIRCLE('',#5167,0.00115);
#125=CIRCLE('',#5168,0.00115);
#126=CIRCLE('',#5169,0.00115);
#127=CIRCLE('',#5171,0.0018);
#128=CIRCLE('',#5172,0.0018);
#129=CIRCLE('',#5175,0.00115);
#130=CIRCLE('',#5176,0.00115);
#131=CIRCLE('',#5177,0.00115);
#132=CIRCLE('',#5179,0.0018);
#133=CIRCLE('',#5180,0.0018);
#134=CIRCLE('',#5186,0.0018);
#135=CIRCLE('',#5187,0.0018);
#136=CIRCLE('',#5188,0.005);
#137=CIRCLE('',#5189,0.005);
#138=CIRCLE('',#5190,0.005);
#139=CIRCLE('',#5191,0.005);
#140=CIRCLE('',#5192,0.005);
#141=CIRCLE('',#5193,0.005);
#142=CIRCLE('',#5194,0.005);
#143=CIRCLE('',#5195,0.005);
#144=CIRCLE('',#5196,0.005);
#145=CIRCLE('',#5197,0.005);
#146=CIRCLE('',#5198,0.005);
#147=CIRCLE('',#5199,0.005);
#148=CIRCLE('',#5200,0.0018);
#149=CIRCLE('',#5201,0.0018);
#150=CIRCLE('',#5202,0.0018);
#151=CIRCLE('',#5203,0.0018);
#152=CIRCLE('',#5204,0.0018);
#153=CIRCLE('',#5205,0.0018);
#154=CIRCLE('',#5206,0.0018);
#155=CIRCLE('',#5207,0.0018);
#156=CIRCLE('',#5208,0.0018);
#157=CIRCLE('',#5209,0.0018);
#158=CIRCLE('',#5210,0.0018);
#159=CIRCLE('',#5211,0.0018);
#160=CIRCLE('',#5212,0.002375);
#161=CIRCLE('',#5213,0.002375);
#162=CIRCLE('',#5214,0.002375);
#163=CIRCLE('',#5215,0.002375);
#164=CIRCLE('',#5217,0.00115);
#165=CIRCLE('',#5218,0.0018);
#166=CIRCLE('',#5221,0.00115);
#167=CIRCLE('',#5222,0.00115);
#168=CIRCLE('',#5224,0.00115);
#169=CIRCLE('',#5225,0.0018);
#170=CIRCLE('',#5228,0.00115);
#171=CIRCLE('',#5229,0.00115);
#172=CIRCLE('',#5231,0.0018);
#173=CIRCLE('',#5234,0.0018);
#174=CIRCLE('',#5240,0.0018);
#175=CIRCLE('',#5243,0.0018);
#176=CIRCLE('',#5246,0.00115);
#177=CIRCLE('',#5247,0.00115);
#178=CIRCLE('',#5248,0.00115);
#179=CIRCLE('',#5250,0.0018);
#180=CIRCLE('',#5253,0.00115);
#181=CIRCLE('',#5254,0.00115);
#182=CIRCLE('',#5255,0.00115);
#183=CIRCLE('',#5257,0.0018);
#184=CIRCLE('',#5263,0.00115);
#185=CIRCLE('',#5264,0.0018);
#186=CIRCLE('',#5267,0.00115);
#187=CIRCLE('',#5268,0.00115);
#188=CIRCLE('',#5270,0.00115);
#189=CIRCLE('',#5271,0.0018);
#190=CIRCLE('',#5274,0.00115);
#191=CIRCLE('',#5275,0.00115);
#192=CIRCLE('',#5277,0.00115);
#193=CIRCLE('',#5278,0.00115);
#194=CIRCLE('',#5279,0.00115);
#195=CIRCLE('',#5281,0.0018);
#196=CIRCLE('',#5284,0.00115);
#197=CIRCLE('',#5285,0.00115);
#198=CIRCLE('',#5286,0.00115);
#199=CIRCLE('',#5288,0.0018);
#200=CIRCLE('',#5294,0.00115);
#201=CIRCLE('',#5295,0.0018);
#202=CIRCLE('',#5298,0.00115);
#203=CIRCLE('',#5299,0.00115);
#204=CIRCLE('',#5301,0.00115);
#205=CIRCLE('',#5302,0.0018);
#206=CIRCLE('',#5305,0.00115);
#207=CIRCLE('',#5306,0.00115);
#208=CIRCLE('',#5308,0.002375);
#209=CIRCLE('',#5310,0.002375);
#210=CIRCLE('',#5312,0.002375);
#211=CIRCLE('',#5314,0.002375);
#212=CIRCLE('',#5316,0.00225);
#213=CIRCLE('',#5317,0.00225);
#214=CIRCLE('',#5318,0.00225);
#215=CIRCLE('',#5319,0.00225);
#216=CIRCLE('',#5320,0.00225);
#217=CIRCLE('',#5321,0.00225);
#218=CIRCLE('',#5322,0.00225);
#219=CIRCLE('',#5323,0.00225);
#220=CIRCLE('',#5324,0.00225);
#221=CIRCLE('',#5325,0.00225);
#222=CIRCLE('',#5326,0.00225);
#223=CIRCLE('',#5327,0.00225);
#224=CIRCLE('',#5328,0.00225);
#225=CIRCLE('',#5329,0.00225);
#226=CIRCLE('',#5330,0.00225);
#227=CIRCLE('',#5331,0.00225);
#228=CIRCLE('',#5332,0.005);
#229=CIRCLE('',#5333,0.005);
#230=CIRCLE('',#5334,0.005);
#231=CIRCLE('',#5335,0.005);
#232=CIRCLE('',#5336,0.005);
#233=CIRCLE('',#5337,0.005);
#234=CIRCLE('',#5338,0.005);
#235=CIRCLE('',#5339,0.005);
#236=CIRCLE('',#5340,0.005);
#237=CIRCLE('',#5341,0.005);
#238=CIRCLE('',#5342,0.005);
#239=CIRCLE('',#5343,0.005);
#240=CIRCLE('',#5345,0.00225);
#241=CIRCLE('',#5347,0.00225);
#242=CIRCLE('',#5348,0.00225);
#243=CIRCLE('',#5350,0.00225);
#244=CIRCLE('',#5352,0.00225);
#245=CIRCLE('',#5353,0.00225);
#246=CIRCLE('',#5355,0.00225);
#247=CIRCLE('',#5357,0.00225);
#248=CIRCLE('',#5358,0.00225);
#249=CIRCLE('',#5360,0.00225);
#250=CIRCLE('',#5362,0.00225);
#251=CIRCLE('',#5363,0.00225);
#252=CIRCLE('',#5383,0.00225);
#253=CIRCLE('',#5385,0.00225);
#254=CIRCLE('',#5387,0.00225);
#255=CIRCLE('',#5388,0.00225);
#256=CIRCLE('',#5392,0.00225);
#257=CIRCLE('',#5396,0.00225);
#258=CIRCLE('',#5398,0.00225);
#259=CIRCLE('',#5399,0.00225);
#260=CIRCLE('',#5403,0.00225);
#261=CIRCLE('',#5407,0.00225);
#262=CIRCLE('',#5409,0.00225);
#263=CIRCLE('',#5410,0.00225);
#264=CIRCLE('',#5416,0.00225);
#265=CIRCLE('',#5418,0.00225);
#266=CIRCLE('',#5420,0.00225);
#267=CIRCLE('',#5421,0.00225);
#268=CIRCLE('',#5427,0.00225);
#269=CIRCLE('',#5429,0.00225);
#270=CIRCLE('',#5431,0.00225);
#271=CIRCLE('',#5432,0.00225);
#272=CIRCLE('',#5436,0.00225);
#273=CIRCLE('',#5440,0.00225);
#274=CIRCLE('',#5442,0.00225);
#275=CIRCLE('',#5443,0.00225);
#276=CIRCLE('',#5447,0.00225);
#277=CIRCLE('',#5451,0.00225);
#278=CIRCLE('',#5453,0.00225);
#279=CIRCLE('',#5454,0.00225);
#280=CIRCLE('',#5460,0.00225);
#281=CIRCLE('',#5462,0.00225);
#282=CIRCLE('',#5464,0.00225);
#283=CIRCLE('',#5465,0.00225);
#284=CIRCLE('',#5471,0.00225);
#285=CIRCLE('',#5473,0.00225);
#286=CIRCLE('',#5475,0.00225);
#287=CIRCLE('',#5476,0.00225);
#288=CIRCLE('',#5480,0.00225);
#289=CIRCLE('',#5484,0.00225);
#290=CIRCLE('',#5486,0.00225);
#291=CIRCLE('',#5487,0.00225);
#292=CIRCLE('',#5491,0.00225);
#293=CIRCLE('',#5495,0.00225);
#294=CIRCLE('',#5497,0.00225);
#295=CIRCLE('',#5498,0.00225);
#296=CIRCLE('',#5504,0.00225);
#297=CIRCLE('',#5506,0.00225);
#298=CIRCLE('',#5508,0.00225);
#299=CIRCLE('',#5509,0.00225);
#300=CIRCLE('',#5527,0.005);
#301=CIRCLE('',#5528,0.005);
#302=CIRCLE('',#5531,0.005);
#303=CIRCLE('',#5532,0.005);
#304=CIRCLE('',#5535,0.005);
#305=CIRCLE('',#5536,0.005);
#306=CIRCLE('',#5539,0.005);
#307=CIRCLE('',#5540,0.005);
#308=CIRCLE('',#5542,0.00275);
#309=CIRCLE('',#5543,0.00275);
#310=CIRCLE('',#5544,0.00275);
#311=CIRCLE('',#5545,0.00275);
#312=CIRCLE('',#5546,0.0015);
#313=CIRCLE('',#5547,0.0015);
#314=CIRCLE('',#5549,0.00195);
#315=CIRCLE('',#5550,0.00195);
#316=CIRCLE('',#5551,0.00195);
#317=CIRCLE('',#5552,0.00195);
#318=CIRCLE('',#5554,0.0015);
#319=CIRCLE('',#5557,0.0015);
#320=CIRCLE('',#5569,0.00195);
#321=CIRCLE('',#5572,0.00195);
#322=CIRCLE('',#5575,0.00195);
#323=CIRCLE('',#5578,0.00195);
#324=CYLINDRICAL_SURFACE('',#4975,0.005);
#325=CYLINDRICAL_SURFACE('',#4979,0.005);
#326=CYLINDRICAL_SURFACE('',#4983,0.005);
#327=CYLINDRICAL_SURFACE('',#4987,0.005);
#328=CYLINDRICAL_SURFACE('',#5002,0.0015);
#329=CYLINDRICAL_SURFACE('',#5005,0.0015);
#330=CYLINDRICAL_SURFACE('',#5017,0.00195);
#331=CYLINDRICAL_SURFACE('',#5020,0.00195);
#332=CYLINDRICAL_SURFACE('',#5023,0.00195);
#333=CYLINDRICAL_SURFACE('',#5026,0.00195);
#334=CYLINDRICAL_SURFACE('',#5031,0.005);
#335=CYLINDRICAL_SURFACE('',#5035,0.005);
#336=CYLINDRICAL_SURFACE('',#5039,0.005);
#337=CYLINDRICAL_SURFACE('',#5043,0.005);
#338=CYLINDRICAL_SURFACE('',#5058,0.0015);
#339=CYLINDRICAL_SURFACE('',#5061,0.0015);
#340=CYLINDRICAL_SURFACE('',#5073,0.00195);
#341=CYLINDRICAL_SURFACE('',#5076,0.00195);
#342=CYLINDRICAL_SURFACE('',#5079,0.00195);
#343=CYLINDRICAL_SURFACE('',#5082,0.00195);
#344=CYLINDRICAL_SURFACE('',#5087,0.005);
#345=CYLINDRICAL_SURFACE('',#5091,0.005);
#346=CYLINDRICAL_SURFACE('',#5095,0.005);
#347=CYLINDRICAL_SURFACE('',#5099,0.005);
#348=CYLINDRICAL_SURFACE('',#5114,0.0015);
#349=CYLINDRICAL_SURFACE('',#5117,0.0015);
#350=CYLINDRICAL_SURFACE('',#5129,0.00195);
#351=CYLINDRICAL_SURFACE('',#5132,0.00195);
#352=CYLINDRICAL_SURFACE('',#5135,0.00195);
#353=CYLINDRICAL_SURFACE('',#5138,0.00195);
#354=CYLINDRICAL_SURFACE('',#5142,0.00115);
#355=CYLINDRICAL_SURFACE('',#5146,0.00115);
#356=CYLINDRICAL_SURFACE('',#5150,0.00115);
#357=CYLINDRICAL_SURFACE('',#5154,0.00115);
#358=CYLINDRICAL_SURFACE('',#5166,0.00115);
#359=CYLINDRICAL_SURFACE('',#5170,0.0018);
#360=CYLINDRICAL_SURFACE('',#5174,0.00115);
#361=CYLINDRICAL_SURFACE('',#5178,0.0018);
#362=CYLINDRICAL_SURFACE('',#5219,0.0018);
#363=CYLINDRICAL_SURFACE('',#5220,0.00115);
#364=CYLINDRICAL_SURFACE('',#5226,0.0018);
#365=CYLINDRICAL_SURFACE('',#5227,0.00115);
#366=CYLINDRICAL_SURFACE('',#5230,0.0018);
#367=CYLINDRICAL_SURFACE('',#5233,0.0018);
#368=CYLINDRICAL_SURFACE('',#5241,0.0018);
#369=CYLINDRICAL_SURFACE('',#5244,0.0018);
#370=CYLINDRICAL_SURFACE('',#5245,0.00115);
#371=CYLINDRICAL_SURFACE('',#5249,0.0018);
#372=CYLINDRICAL_SURFACE('',#5252,0.00115);
#373=CYLINDRICAL_SURFACE('',#5256,0.0018);
#374=CYLINDRICAL_SURFACE('',#5265,0.0018);
#375=CYLINDRICAL_SURFACE('',#5266,0.00115);
#376=CYLINDRICAL_SURFACE('',#5272,0.0018);
#377=CYLINDRICAL_SURFACE('',#5273,0.00115);
#378=CYLINDRICAL_SURFACE('',#5276,0.00115);
#379=CYLINDRICAL_SURFACE('',#5280,0.0018);
#380=CYLINDRICAL_SURFACE('',#5283,0.00115);
#381=CYLINDRICAL_SURFACE('',#5287,0.0018);
#382=CYLINDRICAL_SURFACE('',#5296,0.0018);
#383=CYLINDRICAL_SURFACE('',#5297,0.00115);
#384=CYLINDRICAL_SURFACE('',#5303,0.0018);
#385=CYLINDRICAL_SURFACE('',#5304,0.00115);
#386=CYLINDRICAL_SURFACE('',#5307,0.002375);
#387=CYLINDRICAL_SURFACE('',#5309,0.002375);
#388=CYLINDRICAL_SURFACE('',#5311,0.002375);
#389=CYLINDRICAL_SURFACE('',#5313,0.002375);
#390=CYLINDRICAL_SURFACE('',#5346,0.00225);
#391=CYLINDRICAL_SURFACE('',#5351,0.00225);
#392=CYLINDRICAL_SURFACE('',#5356,0.00225);
#393=CYLINDRICAL_SURFACE('',#5361,0.00225);
#394=CYLINDRICAL_SURFACE('',#5386,0.00225);
#395=CYLINDRICAL_SURFACE('',#5397,0.00225);
#396=CYLINDRICAL_SURFACE('',#5408,0.00225);
#397=CYLINDRICAL_SURFACE('',#5419,0.00225);
#398=CYLINDRICAL_SURFACE('',#5430,0.00225);
#399=CYLINDRICAL_SURFACE('',#5441,0.00225);
#400=CYLINDRICAL_SURFACE('',#5452,0.00225);
#401=CYLINDRICAL_SURFACE('',#5463,0.00225);
#402=CYLINDRICAL_SURFACE('',#5474,0.00225);
#403=CYLINDRICAL_SURFACE('',#5485,0.00225);
#404=CYLINDRICAL_SURFACE('',#5496,0.00225);
#405=CYLINDRICAL_SURFACE('',#5507,0.00225);
#406=CYLINDRICAL_SURFACE('',#5512,0.005);
#407=CYLINDRICAL_SURFACE('',#5513,0.005);
#408=CYLINDRICAL_SURFACE('',#5514,0.005);
#409=CYLINDRICAL_SURFACE('',#5515,0.005);
#410=CYLINDRICAL_SURFACE('',#5516,0.005);
#411=CYLINDRICAL_SURFACE('',#5517,0.005);
#412=CYLINDRICAL_SURFACE('',#5518,0.005);
#413=CYLINDRICAL_SURFACE('',#5519,0.005);
#414=CYLINDRICAL_SURFACE('',#5520,0.005);
#415=CYLINDRICAL_SURFACE('',#5521,0.005);
#416=CYLINDRICAL_SURFACE('',#5522,0.005);
#417=CYLINDRICAL_SURFACE('',#5523,0.005);
#418=CYLINDRICAL_SURFACE('',#5526,0.005);
#419=CYLINDRICAL_SURFACE('',#5530,0.005);
#420=CYLINDRICAL_SURFACE('',#5534,0.005);
#421=CYLINDRICAL_SURFACE('',#5538,0.005);
#422=CYLINDRICAL_SURFACE('',#5553,0.0015);
#423=CYLINDRICAL_SURFACE('',#5556,0.0015);
#424=CYLINDRICAL_SURFACE('',#5568,0.00195);
#425=CYLINDRICAL_SURFACE('',#5571,0.00195);
#426=CYLINDRICAL_SURFACE('',#5574,0.00195);
#427=CYLINDRICAL_SURFACE('',#5577,0.00195);
#428=ORIENTED_EDGE('',*,*,#1708,.F.);
#429=ORIENTED_EDGE('',*,*,#1709,.T.);
#430=ORIENTED_EDGE('',*,*,#1710,.T.);
#431=ORIENTED_EDGE('',*,*,#1711,.F.);
#432=ORIENTED_EDGE('',*,*,#1712,.F.);
#433=ORIENTED_EDGE('',*,*,#1713,.T.);
#434=ORIENTED_EDGE('',*,*,#1708,.T.);
#435=ORIENTED_EDGE('',*,*,#1714,.T.);
#436=ORIENTED_EDGE('',*,*,#1715,.F.);
#437=ORIENTED_EDGE('',*,*,#1716,.T.);
#438=ORIENTED_EDGE('',*,*,#1712,.T.);
#439=ORIENTED_EDGE('',*,*,#1717,.F.);
#440=ORIENTED_EDGE('',*,*,#1718,.F.);
#441=ORIENTED_EDGE('',*,*,#1719,.T.);
#442=ORIENTED_EDGE('',*,*,#1715,.T.);
#443=ORIENTED_EDGE('',*,*,#1720,.T.);
#444=ORIENTED_EDGE('',*,*,#1721,.F.);
#445=ORIENTED_EDGE('',*,*,#1722,.T.);
#446=ORIENTED_EDGE('',*,*,#1718,.T.);
#447=ORIENTED_EDGE('',*,*,#1723,.T.);
#448=ORIENTED_EDGE('',*,*,#1724,.F.);
#449=ORIENTED_EDGE('',*,*,#1725,.T.);
#450=ORIENTED_EDGE('',*,*,#1721,.T.);
#451=ORIENTED_EDGE('',*,*,#1726,.T.);
#452=ORIENTED_EDGE('',*,*,#1727,.F.);
#453=ORIENTED_EDGE('',*,*,#1728,.T.);
#454=ORIENTED_EDGE('',*,*,#1724,.T.);
#455=ORIENTED_EDGE('',*,*,#1729,.T.);
#456=ORIENTED_EDGE('',*,*,#1710,.F.);
#457=ORIENTED_EDGE('',*,*,#1730,.T.);
#458=ORIENTED_EDGE('',*,*,#1727,.T.);
#459=ORIENTED_EDGE('',*,*,#1731,.T.);
#460=ORIENTED_EDGE('',*,*,#1732,.T.);
#461=ORIENTED_EDGE('',*,*,#1733,.T.);
#462=ORIENTED_EDGE('',*,*,#1734,.T.);
#463=ORIENTED_EDGE('',*,*,#1735,.T.);
#464=ORIENTED_EDGE('',*,*,#1736,.T.);
#465=ORIENTED_EDGE('',*,*,#1737,.T.);
#466=ORIENTED_EDGE('',*,*,#1738,.T.);
#467=ORIENTED_EDGE('',*,*,#1739,.T.);
#468=ORIENTED_EDGE('',*,*,#1740,.F.);
#469=ORIENTED_EDGE('',*,*,#1741,.T.);
#470=ORIENTED_EDGE('',*,*,#1742,.T.);
#471=ORIENTED_EDGE('',*,*,#1743,.F.);
#472=ORIENTED_EDGE('',*,*,#1744,.F.);
#473=ORIENTED_EDGE('',*,*,#1745,.F.);
#474=ORIENTED_EDGE('',*,*,#1746,.F.);
#475=ORIENTED_EDGE('',*,*,#1747,.F.);
#476=ORIENTED_EDGE('',*,*,#1711,.T.);
#477=ORIENTED_EDGE('',*,*,#1731,.F.);
#478=ORIENTED_EDGE('',*,*,#1729,.F.);
#479=ORIENTED_EDGE('',*,*,#1726,.F.);
#480=ORIENTED_EDGE('',*,*,#1723,.F.);
#481=ORIENTED_EDGE('',*,*,#1720,.F.);
#482=ORIENTED_EDGE('',*,*,#1717,.T.);
#483=ORIENTED_EDGE('',*,*,#1714,.F.);
#484=ORIENTED_EDGE('',*,*,#1740,.T.);
#485=ORIENTED_EDGE('',*,*,#1748,.F.);
#486=ORIENTED_EDGE('',*,*,#1749,.F.);
#487=ORIENTED_EDGE('',*,*,#1750,.T.);
#488=ORIENTED_EDGE('',*,*,#1743,.T.);
#489=ORIENTED_EDGE('',*,*,#1751,.F.);
#490=ORIENTED_EDGE('',*,*,#1752,.F.);
#491=ORIENTED_EDGE('',*,*,#1748,.T.);
#492=ORIENTED_EDGE('',*,*,#1742,.F.);
#493=ORIENTED_EDGE('',*,*,#1753,.F.);
#494=ORIENTED_EDGE('',*,*,#1754,.T.);
#495=ORIENTED_EDGE('',*,*,#1751,.T.);
#496=ORIENTED_EDGE('',*,*,#1741,.F.);
#497=ORIENTED_EDGE('',*,*,#1750,.F.);
#498=ORIENTED_EDGE('',*,*,#1755,.T.);
#499=ORIENTED_EDGE('',*,*,#1753,.T.);
#500=ORIENTED_EDGE('',*,*,#1749,.T.);
#501=ORIENTED_EDGE('',*,*,#1752,.T.);
#502=ORIENTED_EDGE('',*,*,#1754,.F.);
#503=ORIENTED_EDGE('',*,*,#1755,.F.);
#504=ORIENTED_EDGE('',*,*,#1756,.F.);
#505=ORIENTED_EDGE('',*,*,#1713,.F.);
#506=ORIENTED_EDGE('',*,*,#1757,.F.);
#507=ORIENTED_EDGE('',*,*,#1737,.F.);
#508=ORIENTED_EDGE('',*,*,#1757,.T.);
#509=ORIENTED_EDGE('',*,*,#1716,.F.);
#510=ORIENTED_EDGE('',*,*,#1758,.F.);
#511=ORIENTED_EDGE('',*,*,#1738,.F.);
#512=ORIENTED_EDGE('',*,*,#1756,.T.);
#513=ORIENTED_EDGE('',*,*,#1736,.F.);
#514=ORIENTED_EDGE('',*,*,#1759,.F.);
#515=ORIENTED_EDGE('',*,*,#1709,.F.);
#516=ORIENTED_EDGE('',*,*,#1758,.T.);
#517=ORIENTED_EDGE('',*,*,#1719,.F.);
#518=ORIENTED_EDGE('',*,*,#1760,.F.);
#519=ORIENTED_EDGE('',*,*,#1739,.F.);
#520=ORIENTED_EDGE('',*,*,#1759,.T.);
#521=ORIENTED_EDGE('',*,*,#1735,.F.);
#522=ORIENTED_EDGE('',*,*,#1761,.F.);
#523=ORIENTED_EDGE('',*,*,#1730,.F.);
#524=ORIENTED_EDGE('',*,*,#1760,.T.);
#525=ORIENTED_EDGE('',*,*,#1722,.F.);
#526=ORIENTED_EDGE('',*,*,#1762,.F.);
#527=ORIENTED_EDGE('',*,*,#1732,.F.);
#528=ORIENTED_EDGE('',*,*,#1761,.T.);
#529=ORIENTED_EDGE('',*,*,#1734,.F.);
#530=ORIENTED_EDGE('',*,*,#1763,.F.);
#531=ORIENTED_EDGE('',*,*,#1728,.F.);
#532=ORIENTED_EDGE('',*,*,#1762,.T.);
#533=ORIENTED_EDGE('',*,*,#1725,.F.);
#534=ORIENTED_EDGE('',*,*,#1763,.T.);
#535=ORIENTED_EDGE('',*,*,#1733,.F.);
#536=ORIENTED_EDGE('',*,*,#1764,.F.);
#537=ORIENTED_EDGE('',*,*,#1747,.T.);
#538=ORIENTED_EDGE('',*,*,#1764,.T.);
#539=ORIENTED_EDGE('',*,*,#1765,.F.);
#540=ORIENTED_EDGE('',*,*,#1746,.T.);
#541=ORIENTED_EDGE('',*,*,#1765,.T.);
#542=ORIENTED_EDGE('',*,*,#1766,.F.);
#543=ORIENTED_EDGE('',*,*,#1745,.T.);
#544=ORIENTED_EDGE('',*,*,#1766,.T.);
#545=ORIENTED_EDGE('',*,*,#1767,.F.);
#546=ORIENTED_EDGE('',*,*,#1744,.T.);
#547=ORIENTED_EDGE('',*,*,#1767,.T.);
#548=ORIENTED_EDGE('',*,*,#1768,.F.);
#549=ORIENTED_EDGE('',*,*,#1769,.T.);
#550=ORIENTED_EDGE('',*,*,#1770,.T.);
#551=ORIENTED_EDGE('',*,*,#1771,.F.);
#552=ORIENTED_EDGE('',*,*,#1772,.F.);
#553=ORIENTED_EDGE('',*,*,#1773,.T.);
#554=ORIENTED_EDGE('',*,*,#1768,.T.);
#555=ORIENTED_EDGE('',*,*,#1774,.T.);
#556=ORIENTED_EDGE('',*,*,#1775,.F.);
#557=ORIENTED_EDGE('',*,*,#1776,.T.);
#558=ORIENTED_EDGE('',*,*,#1772,.T.);
#559=ORIENTED_EDGE('',*,*,#1777,.F.);
#560=ORIENTED_EDGE('',*,*,#1778,.F.);
#561=ORIENTED_EDGE('',*,*,#1779,.T.);
#562=ORIENTED_EDGE('',*,*,#1775,.T.);
#563=ORIENTED_EDGE('',*,*,#1780,.T.);
#564=ORIENTED_EDGE('',*,*,#1781,.F.);
#565=ORIENTED_EDGE('',*,*,#1782,.T.);
#566=ORIENTED_EDGE('',*,*,#1778,.T.);
#567=ORIENTED_EDGE('',*,*,#1783,.T.);
#568=ORIENTED_EDGE('',*,*,#1784,.F.);
#569=ORIENTED_EDGE('',*,*,#1785,.T.);
#570=ORIENTED_EDGE('',*,*,#1781,.T.);
#571=ORIENTED_EDGE('',*,*,#1786,.T.);
#572=ORIENTED_EDGE('',*,*,#1787,.F.);
#573=ORIENTED_EDGE('',*,*,#1788,.T.);
#574=ORIENTED_EDGE('',*,*,#1784,.T.);
#575=ORIENTED_EDGE('',*,*,#1789,.T.);
#576=ORIENTED_EDGE('',*,*,#1770,.F.);
#577=ORIENTED_EDGE('',*,*,#1790,.T.);
#578=ORIENTED_EDGE('',*,*,#1787,.T.);
#579=ORIENTED_EDGE('',*,*,#1791,.T.);
#580=ORIENTED_EDGE('',*,*,#1792,.T.);
#581=ORIENTED_EDGE('',*,*,#1793,.T.);
#582=ORIENTED_EDGE('',*,*,#1794,.T.);
#583=ORIENTED_EDGE('',*,*,#1795,.T.);
#584=ORIENTED_EDGE('',*,*,#1796,.T.);
#585=ORIENTED_EDGE('',*,*,#1797,.T.);
#586=ORIENTED_EDGE('',*,*,#1798,.T.);
#587=ORIENTED_EDGE('',*,*,#1799,.T.);
#588=ORIENTED_EDGE('',*,*,#1800,.F.);
#589=ORIENTED_EDGE('',*,*,#1801,.T.);
#590=ORIENTED_EDGE('',*,*,#1802,.T.);
#591=ORIENTED_EDGE('',*,*,#1803,.F.);
#592=ORIENTED_EDGE('',*,*,#1804,.F.);
#593=ORIENTED_EDGE('',*,*,#1805,.F.);
#594=ORIENTED_EDGE('',*,*,#1806,.F.);
#595=ORIENTED_EDGE('',*,*,#1807,.F.);
#596=ORIENTED_EDGE('',*,*,#1771,.T.);
#597=ORIENTED_EDGE('',*,*,#1791,.F.);
#598=ORIENTED_EDGE('',*,*,#1789,.F.);
#599=ORIENTED_EDGE('',*,*,#1786,.F.);
#600=ORIENTED_EDGE('',*,*,#1783,.F.);
#601=ORIENTED_EDGE('',*,*,#1780,.F.);
#602=ORIENTED_EDGE('',*,*,#1777,.T.);
#603=ORIENTED_EDGE('',*,*,#1774,.F.);
#604=ORIENTED_EDGE('',*,*,#1800,.T.);
#605=ORIENTED_EDGE('',*,*,#1808,.F.);
#606=ORIENTED_EDGE('',*,*,#1809,.F.);
#607=ORIENTED_EDGE('',*,*,#1810,.T.);
#608=ORIENTED_EDGE('',*,*,#1803,.T.);
#609=ORIENTED_EDGE('',*,*,#1811,.F.);
#610=ORIENTED_EDGE('',*,*,#1812,.F.);
#611=ORIENTED_EDGE('',*,*,#1808,.T.);
#612=ORIENTED_EDGE('',*,*,#1802,.F.);
#613=ORIENTED_EDGE('',*,*,#1813,.F.);
#614=ORIENTED_EDGE('',*,*,#1814,.T.);
#615=ORIENTED_EDGE('',*,*,#1811,.T.);
#616=ORIENTED_EDGE('',*,*,#1801,.F.);
#617=ORIENTED_EDGE('',*,*,#1810,.F.);
#618=ORIENTED_EDGE('',*,*,#1815,.T.);
#619=ORIENTED_EDGE('',*,*,#1813,.T.);
#620=ORIENTED_EDGE('',*,*,#1809,.T.);
#621=ORIENTED_EDGE('',*,*,#1812,.T.);
#622=ORIENTED_EDGE('',*,*,#1814,.F.);
#623=ORIENTED_EDGE('',*,*,#1815,.F.);
#624=ORIENTED_EDGE('',*,*,#1816,.F.);
#625=ORIENTED_EDGE('',*,*,#1773,.F.);
#626=ORIENTED_EDGE('',*,*,#1817,.F.);
#627=ORIENTED_EDGE('',*,*,#1797,.F.);
#628=ORIENTED_EDGE('',*,*,#1817,.T.);
#629=ORIENTED_EDGE('',*,*,#1776,.F.);
#630=ORIENTED_EDGE('',*,*,#1818,.F.);
#631=ORIENTED_EDGE('',*,*,#1798,.F.);
#632=ORIENTED_EDGE('',*,*,#1816,.T.);
#633=ORIENTED_EDGE('',*,*,#1796,.F.);
#634=ORIENTED_EDGE('',*,*,#1819,.F.);
#635=ORIENTED_EDGE('',*,*,#1769,.F.);
#636=ORIENTED_EDGE('',*,*,#1818,.T.);
#637=ORIENTED_EDGE('',*,*,#1779,.F.);
#638=ORIENTED_EDGE('',*,*,#1820,.F.);
#639=ORIENTED_EDGE('',*,*,#1799,.F.);
#640=ORIENTED_EDGE('',*,*,#1819,.T.);
#641=ORIENTED_EDGE('',*,*,#1795,.F.);
#642=ORIENTED_EDGE('',*,*,#1821,.F.);
#643=ORIENTED_EDGE('',*,*,#1790,.F.);
#644=ORIENTED_EDGE('',*,*,#1820,.T.);
#645=ORIENTED_EDGE('',*,*,#1782,.F.);
#646=ORIENTED_EDGE('',*,*,#1822,.F.);
#647=ORIENTED_EDGE('',*,*,#1792,.F.);
#648=ORIENTED_EDGE('',*,*,#1821,.T.);
#649=ORIENTED_EDGE('',*,*,#1794,.F.);
#650=ORIENTED_EDGE('',*,*,#1823,.F.);
#651=ORIENTED_EDGE('',*,*,#1788,.F.);
#652=ORIENTED_EDGE('',*,*,#1822,.T.);
#653=ORIENTED_EDGE('',*,*,#1785,.F.);
#654=ORIENTED_EDGE('',*,*,#1823,.T.);
#655=ORIENTED_EDGE('',*,*,#1793,.F.);
#656=ORIENTED_EDGE('',*,*,#1824,.F.);
#657=ORIENTED_EDGE('',*,*,#1807,.T.);
#658=ORIENTED_EDGE('',*,*,#1824,.T.);
#659=ORIENTED_EDGE('',*,*,#1825,.F.);
#660=ORIENTED_EDGE('',*,*,#1806,.T.);
#661=ORIENTED_EDGE('',*,*,#1825,.T.);
#662=ORIENTED_EDGE('',*,*,#1826,.F.);
#663=ORIENTED_EDGE('',*,*,#1805,.T.);
#664=ORIENTED_EDGE('',*,*,#1826,.T.);
#665=ORIENTED_EDGE('',*,*,#1827,.F.);
#666=ORIENTED_EDGE('',*,*,#1804,.T.);
#667=ORIENTED_EDGE('',*,*,#1827,.T.);
#668=ORIENTED_EDGE('',*,*,#1828,.F.);
#669=ORIENTED_EDGE('',*,*,#1829,.T.);
#670=ORIENTED_EDGE('',*,*,#1830,.T.);
#671=ORIENTED_EDGE('',*,*,#1831,.F.);
#672=ORIENTED_EDGE('',*,*,#1832,.F.);
#673=ORIENTED_EDGE('',*,*,#1833,.T.);
#674=ORIENTED_EDGE('',*,*,#1828,.T.);
#675=ORIENTED_EDGE('',*,*,#1834,.T.);
#676=ORIENTED_EDGE('',*,*,#1835,.F.);
#677=ORIENTED_EDGE('',*,*,#1836,.T.);
#678=ORIENTED_EDGE('',*,*,#1832,.T.);
#679=ORIENTED_EDGE('',*,*,#1837,.F.);
#680=ORIENTED_EDGE('',*,*,#1838,.F.);
#681=ORIENTED_EDGE('',*,*,#1839,.T.);
#682=ORIENTED_EDGE('',*,*,#1835,.T.);
#683=ORIENTED_EDGE('',*,*,#1840,.T.);
#684=ORIENTED_EDGE('',*,*,#1841,.F.);
#685=ORIENTED_EDGE('',*,*,#1842,.T.);
#686=ORIENTED_EDGE('',*,*,#1838,.T.);
#687=ORIENTED_EDGE('',*,*,#1843,.T.);
#688=ORIENTED_EDGE('',*,*,#1844,.F.);
#689=ORIENTED_EDGE('',*,*,#1845,.T.);
#690=ORIENTED_EDGE('',*,*,#1841,.T.);
#691=ORIENTED_EDGE('',*,*,#1846,.T.);
#692=ORIENTED_EDGE('',*,*,#1847,.F.);
#693=ORIENTED_EDGE('',*,*,#1848,.T.);
#694=ORIENTED_EDGE('',*,*,#1844,.T.);
#695=ORIENTED_EDGE('',*,*,#1849,.T.);
#696=ORIENTED_EDGE('',*,*,#1830,.F.);
#697=ORIENTED_EDGE('',*,*,#1850,.T.);
#698=ORIENTED_EDGE('',*,*,#1847,.T.);
#699=ORIENTED_EDGE('',*,*,#1851,.T.);
#700=ORIENTED_EDGE('',*,*,#1852,.T.);
#701=ORIENTED_EDGE('',*,*,#1853,.T.);
#702=ORIENTED_EDGE('',*,*,#1854,.T.);
#703=ORIENTED_EDGE('',*,*,#1855,.T.);
#704=ORIENTED_EDGE('',*,*,#1856,.T.);
#705=ORIENTED_EDGE('',*,*,#1857,.T.);
#706=ORIENTED_EDGE('',*,*,#1858,.T.);
#707=ORIENTED_EDGE('',*,*,#1859,.T.);
#708=ORIENTED_EDGE('',*,*,#1860,.F.);
#709=ORIENTED_EDGE('',*,*,#1861,.T.);
#710=ORIENTED_EDGE('',*,*,#1862,.T.);
#711=ORIENTED_EDGE('',*,*,#1863,.F.);
#712=ORIENTED_EDGE('',*,*,#1864,.F.);
#713=ORIENTED_EDGE('',*,*,#1865,.F.);
#714=ORIENTED_EDGE('',*,*,#1866,.F.);
#715=ORIENTED_EDGE('',*,*,#1867,.F.);
#716=ORIENTED_EDGE('',*,*,#1831,.T.);
#717=ORIENTED_EDGE('',*,*,#1851,.F.);
#718=ORIENTED_EDGE('',*,*,#1849,.F.);
#719=ORIENTED_EDGE('',*,*,#1846,.F.);
#720=ORIENTED_EDGE('',*,*,#1843,.F.);
#721=ORIENTED_EDGE('',*,*,#1840,.F.);
#722=ORIENTED_EDGE('',*,*,#1837,.T.);
#723=ORIENTED_EDGE('',*,*,#1834,.F.);
#724=ORIENTED_EDGE('',*,*,#1860,.T.);
#725=ORIENTED_EDGE('',*,*,#1868,.F.);
#726=ORIENTED_EDGE('',*,*,#1869,.F.);
#727=ORIENTED_EDGE('',*,*,#1870,.T.);
#728=ORIENTED_EDGE('',*,*,#1863,.T.);
#729=ORIENTED_EDGE('',*,*,#1871,.F.);
#730=ORIENTED_EDGE('',*,*,#1872,.F.);
#731=ORIENTED_EDGE('',*,*,#1868,.T.);
#732=ORIENTED_EDGE('',*,*,#1862,.F.);
#733=ORIENTED_EDGE('',*,*,#1873,.F.);
#734=ORIENTED_EDGE('',*,*,#1874,.T.);
#735=ORIENTED_EDGE('',*,*,#1871,.T.);
#736=ORIENTED_EDGE('',*,*,#1861,.F.);
#737=ORIENTED_EDGE('',*,*,#1870,.F.);
#738=ORIENTED_EDGE('',*,*,#1875,.T.);
#739=ORIENTED_EDGE('',*,*,#1873,.T.);
#740=ORIENTED_EDGE('',*,*,#1869,.T.);
#741=ORIENTED_EDGE('',*,*,#1872,.T.);
#742=ORIENTED_EDGE('',*,*,#1874,.F.);
#743=ORIENTED_EDGE('',*,*,#1875,.F.);
#744=ORIENTED_EDGE('',*,*,#1876,.F.);
#745=ORIENTED_EDGE('',*,*,#1833,.F.);
#746=ORIENTED_EDGE('',*,*,#1877,.F.);
#747=ORIENTED_EDGE('',*,*,#1857,.F.);
#748=ORIENTED_EDGE('',*,*,#1877,.T.);
#749=ORIENTED_EDGE('',*,*,#1836,.F.);
#750=ORIENTED_EDGE('',*,*,#1878,.F.);
#751=ORIENTED_EDGE('',*,*,#1858,.F.);
#752=ORIENTED_EDGE('',*,*,#1876,.T.);
#753=ORIENTED_EDGE('',*,*,#1856,.F.);
#754=ORIENTED_EDGE('',*,*,#1879,.F.);
#755=ORIENTED_EDGE('',*,*,#1829,.F.);
#756=ORIENTED_EDGE('',*,*,#1878,.T.);
#757=ORIENTED_EDGE('',*,*,#1839,.F.);
#758=ORIENTED_EDGE('',*,*,#1880,.F.);
#759=ORIENTED_EDGE('',*,*,#1859,.F.);
#760=ORIENTED_EDGE('',*,*,#1879,.T.);
#761=ORIENTED_EDGE('',*,*,#1855,.F.);
#762=ORIENTED_EDGE('',*,*,#1881,.F.);
#763=ORIENTED_EDGE('',*,*,#1850,.F.);
#764=ORIENTED_EDGE('',*,*,#1880,.T.);
#765=ORIENTED_EDGE('',*,*,#1842,.F.);
#766=ORIENTED_EDGE('',*,*,#1882,.F.);
#767=ORIENTED_EDGE('',*,*,#1852,.F.);
#768=ORIENTED_EDGE('',*,*,#1881,.T.);
#769=ORIENTED_EDGE('',*,*,#1854,.F.);
#770=ORIENTED_EDGE('',*,*,#1883,.F.);
#771=ORIENTED_EDGE('',*,*,#1848,.F.);
#772=ORIENTED_EDGE('',*,*,#1882,.T.);
#773=ORIENTED_EDGE('',*,*,#1845,.F.);
#774=ORIENTED_EDGE('',*,*,#1883,.T.);
#775=ORIENTED_EDGE('',*,*,#1853,.F.);
#776=ORIENTED_EDGE('',*,*,#1884,.F.);
#777=ORIENTED_EDGE('',*,*,#1867,.T.);
#778=ORIENTED_EDGE('',*,*,#1884,.T.);
#779=ORIENTED_EDGE('',*,*,#1885,.F.);
#780=ORIENTED_EDGE('',*,*,#1866,.T.);
#781=ORIENTED_EDGE('',*,*,#1885,.T.);
#782=ORIENTED_EDGE('',*,*,#1886,.F.);
#783=ORIENTED_EDGE('',*,*,#1865,.T.);
#784=ORIENTED_EDGE('',*,*,#1886,.T.);
#785=ORIENTED_EDGE('',*,*,#1887,.F.);
#786=ORIENTED_EDGE('',*,*,#1864,.T.);
#787=ORIENTED_EDGE('',*,*,#1887,.T.);
#788=ORIENTED_EDGE('',*,*,#1888,.F.);
#789=ORIENTED_EDGE('',*,*,#1889,.F.);
#790=ORIENTED_EDGE('',*,*,#1890,.F.);
#791=ORIENTED_EDGE('',*,*,#1891,.F.);
#792=ORIENTED_EDGE('',*,*,#1892,.F.);
#793=ORIENTED_EDGE('',*,*,#1893,.F.);
#794=ORIENTED_EDGE('',*,*,#1894,.F.);
#795=ORIENTED_EDGE('',*,*,#1895,.F.);
#796=ORIENTED_EDGE('',*,*,#1896,.F.);
#797=ORIENTED_EDGE('',*,*,#1897,.F.);
#798=ORIENTED_EDGE('',*,*,#1898,.F.);
#799=ORIENTED_EDGE('',*,*,#1899,.F.);
#800=ORIENTED_EDGE('',*,*,#1900,.T.);
#801=ORIENTED_EDGE('',*,*,#1901,.T.);
#802=ORIENTED_EDGE('',*,*,#1902,.T.);
#803=ORIENTED_EDGE('',*,*,#1903,.T.);
#804=ORIENTED_EDGE('',*,*,#1904,.T.);
#805=ORIENTED_EDGE('',*,*,#1905,.T.);
#806=ORIENTED_EDGE('',*,*,#1906,.T.);
#807=ORIENTED_EDGE('',*,*,#1907,.T.);
#808=ORIENTED_EDGE('',*,*,#1908,.F.);
#809=ORIENTED_EDGE('',*,*,#1909,.F.);
#810=ORIENTED_EDGE('',*,*,#1910,.F.);
#811=ORIENTED_EDGE('',*,*,#1911,.T.);
#812=ORIENTED_EDGE('',*,*,#1912,.F.);
#813=ORIENTED_EDGE('',*,*,#1910,.T.);
#814=ORIENTED_EDGE('',*,*,#1911,.F.);
#815=ORIENTED_EDGE('',*,*,#1913,.F.);
#816=ORIENTED_EDGE('',*,*,#1914,.F.);
#817=ORIENTED_EDGE('',*,*,#1915,.F.);
#818=ORIENTED_EDGE('',*,*,#1916,.T.);
#819=ORIENTED_EDGE('',*,*,#1917,.F.);
#820=ORIENTED_EDGE('',*,*,#1915,.T.);
#821=ORIENTED_EDGE('',*,*,#1916,.F.);
#822=ORIENTED_EDGE('',*,*,#1918,.F.);
#823=ORIENTED_EDGE('',*,*,#1919,.T.);
#824=ORIENTED_EDGE('',*,*,#1920,.T.);
#825=ORIENTED_EDGE('',*,*,#1921,.T.);
#826=ORIENTED_EDGE('',*,*,#1922,.T.);
#827=ORIENTED_EDGE('',*,*,#1923,.T.);
#828=ORIENTED_EDGE('',*,*,#1924,.F.);
#829=ORIENTED_EDGE('',*,*,#1925,.T.);
#830=ORIENTED_EDGE('',*,*,#1926,.F.);
#831=ORIENTED_EDGE('',*,*,#1927,.T.);
#832=ORIENTED_EDGE('',*,*,#1928,.T.);
#833=ORIENTED_EDGE('',*,*,#1929,.T.);
#834=ORIENTED_EDGE('',*,*,#1912,.T.);
#835=ORIENTED_EDGE('',*,*,#1930,.T.);
#836=ORIENTED_EDGE('',*,*,#1917,.T.);
#837=ORIENTED_EDGE('',*,*,#1931,.T.);
#838=ORIENTED_EDGE('',*,*,#1932,.T.);
#839=ORIENTED_EDGE('',*,*,#1933,.T.);
#840=ORIENTED_EDGE('',*,*,#1934,.F.);
#841=ORIENTED_EDGE('',*,*,#1935,.T.);
#842=ORIENTED_EDGE('',*,*,#1918,.T.);
#843=ORIENTED_EDGE('',*,*,#1936,.T.);
#844=ORIENTED_EDGE('',*,*,#1926,.T.);
#845=ORIENTED_EDGE('',*,*,#1937,.T.);
#846=ORIENTED_EDGE('',*,*,#1922,.F.);
#847=ORIENTED_EDGE('',*,*,#1938,.T.);
#848=ORIENTED_EDGE('',*,*,#1939,.T.);
#849=ORIENTED_EDGE('',*,*,#1940,.T.);
#850=ORIENTED_EDGE('',*,*,#1941,.T.);
#851=ORIENTED_EDGE('',*,*,#1942,.T.);
#852=ORIENTED_EDGE('',*,*,#1943,.F.);
#853=ORIENTED_EDGE('',*,*,#1944,.T.);
#854=ORIENTED_EDGE('',*,*,#1945,.T.);
#855=ORIENTED_EDGE('',*,*,#1946,.T.);
#856=ORIENTED_EDGE('',*,*,#1947,.T.);
#857=ORIENTED_EDGE('',*,*,#1948,.T.);
#858=ORIENTED_EDGE('',*,*,#1949,.F.);
#859=ORIENTED_EDGE('',*,*,#1950,.T.);
#860=ORIENTED_EDGE('',*,*,#1951,.T.);
#861=ORIENTED_EDGE('',*,*,#1952,.T.);
#862=ORIENTED_EDGE('',*,*,#1953,.T.);
#863=ORIENTED_EDGE('',*,*,#1954,.T.);
#864=ORIENTED_EDGE('',*,*,#1955,.T.);
#865=ORIENTED_EDGE('',*,*,#1956,.T.);
#866=ORIENTED_EDGE('',*,*,#1957,.T.);
#867=ORIENTED_EDGE('',*,*,#1958,.T.);
#868=ORIENTED_EDGE('',*,*,#1959,.T.);
#869=ORIENTED_EDGE('',*,*,#1960,.T.);
#870=ORIENTED_EDGE('',*,*,#1961,.T.);
#871=ORIENTED_EDGE('',*,*,#1962,.T.);
#872=ORIENTED_EDGE('',*,*,#1963,.T.);
#873=ORIENTED_EDGE('',*,*,#1964,.T.);
#874=ORIENTED_EDGE('',*,*,#1965,.F.);
#875=ORIENTED_EDGE('',*,*,#1966,.F.);
#876=ORIENTED_EDGE('',*,*,#1967,.F.);
#877=ORIENTED_EDGE('',*,*,#1968,.F.);
#878=ORIENTED_EDGE('',*,*,#1969,.T.);
#879=ORIENTED_EDGE('',*,*,#1970,.F.);
#880=ORIENTED_EDGE('',*,*,#1970,.T.);
#881=ORIENTED_EDGE('',*,*,#1931,.F.);
#882=ORIENTED_EDGE('',*,*,#1971,.F.);
#883=ORIENTED_EDGE('',*,*,#1972,.F.);
#884=ORIENTED_EDGE('',*,*,#1969,.F.);
#885=ORIENTED_EDGE('',*,*,#1973,.T.);
#886=ORIENTED_EDGE('',*,*,#1974,.F.);
#887=ORIENTED_EDGE('',*,*,#1974,.T.);
#888=ORIENTED_EDGE('',*,*,#1930,.F.);
#889=ORIENTED_EDGE('',*,*,#1975,.F.);
#890=ORIENTED_EDGE('',*,*,#1976,.F.);
#891=ORIENTED_EDGE('',*,*,#1973,.F.);
#892=ORIENTED_EDGE('',*,*,#1977,.T.);
#893=ORIENTED_EDGE('',*,*,#1953,.F.);
#894=ORIENTED_EDGE('',*,*,#1888,.T.);
#895=ORIENTED_EDGE('',*,*,#1977,.F.);
#896=ORIENTED_EDGE('',*,*,#1978,.T.);
#897=ORIENTED_EDGE('',*,*,#1955,.F.);
#898=ORIENTED_EDGE('',*,*,#1891,.T.);
#899=ORIENTED_EDGE('',*,*,#1978,.F.);
#900=ORIENTED_EDGE('',*,*,#1939,.F.);
#901=ORIENTED_EDGE('',*,*,#1979,.T.);
#902=ORIENTED_EDGE('',*,*,#1980,.T.);
#903=ORIENTED_EDGE('',*,*,#1981,.T.);
#904=ORIENTED_EDGE('',*,*,#1943,.T.);
#905=ORIENTED_EDGE('',*,*,#1982,.T.);
#906=ORIENTED_EDGE('',*,*,#1983,.F.);
#907=ORIENTED_EDGE('',*,*,#1984,.T.);
#908=ORIENTED_EDGE('',*,*,#1941,.F.);
#909=ORIENTED_EDGE('',*,*,#1985,.T.);
#910=ORIENTED_EDGE('',*,*,#1986,.T.);
#911=ORIENTED_EDGE('',*,*,#1987,.T.);
#912=ORIENTED_EDGE('',*,*,#1894,.T.);
#913=ORIENTED_EDGE('',*,*,#1988,.F.);
#914=ORIENTED_EDGE('',*,*,#1988,.T.);
#915=ORIENTED_EDGE('',*,*,#1956,.F.);
#916=ORIENTED_EDGE('',*,*,#1897,.T.);
#917=ORIENTED_EDGE('',*,*,#1989,.F.);
#918=ORIENTED_EDGE('',*,*,#1989,.T.);
#919=ORIENTED_EDGE('',*,*,#1954,.F.);
#920=ORIENTED_EDGE('',*,*,#1990,.F.);
#921=ORIENTED_EDGE('',*,*,#1991,.F.);
#922=ORIENTED_EDGE('',*,*,#1992,.F.);
#923=ORIENTED_EDGE('',*,*,#1993,.T.);
#924=ORIENTED_EDGE('',*,*,#1957,.F.);
#925=ORIENTED_EDGE('',*,*,#1992,.T.);
#926=ORIENTED_EDGE('',*,*,#1993,.F.);
#927=ORIENTED_EDGE('',*,*,#1994,.F.);
#928=ORIENTED_EDGE('',*,*,#1995,.F.);
#929=ORIENTED_EDGE('',*,*,#1996,.F.);
#930=ORIENTED_EDGE('',*,*,#1997,.T.);
#931=ORIENTED_EDGE('',*,*,#1959,.F.);
#932=ORIENTED_EDGE('',*,*,#1996,.T.);
#933=ORIENTED_EDGE('',*,*,#1997,.F.);
#934=ORIENTED_EDGE('',*,*,#1945,.F.);
#935=ORIENTED_EDGE('',*,*,#1998,.T.);
#936=ORIENTED_EDGE('',*,*,#1999,.T.);
#937=ORIENTED_EDGE('',*,*,#2000,.T.);
#938=ORIENTED_EDGE('',*,*,#1949,.T.);
#939=ORIENTED_EDGE('',*,*,#2001,.T.);
#940=ORIENTED_EDGE('',*,*,#2002,.F.);
#941=ORIENTED_EDGE('',*,*,#2003,.T.);
#942=ORIENTED_EDGE('',*,*,#1947,.F.);
#943=ORIENTED_EDGE('',*,*,#2004,.T.);
#944=ORIENTED_EDGE('',*,*,#2005,.T.);
#945=ORIENTED_EDGE('',*,*,#2006,.T.);
#946=ORIENTED_EDGE('',*,*,#2007,.T.);
#947=ORIENTED_EDGE('',*,*,#2008,.F.);
#948=ORIENTED_EDGE('',*,*,#2008,.T.);
#949=ORIENTED_EDGE('',*,*,#1960,.F.);
#950=ORIENTED_EDGE('',*,*,#2009,.F.);
#951=ORIENTED_EDGE('',*,*,#2010,.F.);
#952=ORIENTED_EDGE('',*,*,#2007,.F.);
#953=ORIENTED_EDGE('',*,*,#2011,.T.);
#954=ORIENTED_EDGE('',*,*,#2012,.F.);
#955=ORIENTED_EDGE('',*,*,#2012,.T.);
#956=ORIENTED_EDGE('',*,*,#1958,.F.);
#957=ORIENTED_EDGE('',*,*,#2013,.F.);
#958=ORIENTED_EDGE('',*,*,#2014,.F.);
#959=ORIENTED_EDGE('',*,*,#2011,.F.);
#960=ORIENTED_EDGE('',*,*,#2015,.F.);
#961=ORIENTED_EDGE('',*,*,#2016,.F.);
#962=ORIENTED_EDGE('',*,*,#2017,.F.);
#963=ORIENTED_EDGE('',*,*,#2018,.T.);
#964=ORIENTED_EDGE('',*,*,#1961,.F.);
#965=ORIENTED_EDGE('',*,*,#2017,.T.);
#966=ORIENTED_EDGE('',*,*,#2018,.F.);
#967=ORIENTED_EDGE('',*,*,#2019,.F.);
#968=ORIENTED_EDGE('',*,*,#2020,.F.);
#969=ORIENTED_EDGE('',*,*,#2021,.F.);
#970=ORIENTED_EDGE('',*,*,#2022,.T.);
#971=ORIENTED_EDGE('',*,*,#1963,.F.);
#972=ORIENTED_EDGE('',*,*,#2021,.T.);
#973=ORIENTED_EDGE('',*,*,#2022,.F.);
#974=ORIENTED_EDGE('',*,*,#2023,.T.);
#975=ORIENTED_EDGE('',*,*,#2024,.T.);
#976=ORIENTED_EDGE('',*,*,#1951,.F.);
#977=ORIENTED_EDGE('',*,*,#2025,.T.);
#978=ORIENTED_EDGE('',*,*,#1934,.T.);
#979=ORIENTED_EDGE('',*,*,#2026,.T.);
#980=ORIENTED_EDGE('',*,*,#2027,.F.);
#981=ORIENTED_EDGE('',*,*,#2028,.T.);
#982=ORIENTED_EDGE('',*,*,#2029,.T.);
#983=ORIENTED_EDGE('',*,*,#2030,.T.);
#984=ORIENTED_EDGE('',*,*,#1932,.F.);
#985=ORIENTED_EDGE('',*,*,#2031,.T.);
#986=ORIENTED_EDGE('',*,*,#2032,.T.);
#987=ORIENTED_EDGE('',*,*,#2033,.F.);
#988=ORIENTED_EDGE('',*,*,#2033,.T.);
#989=ORIENTED_EDGE('',*,*,#1964,.F.);
#990=ORIENTED_EDGE('',*,*,#2034,.F.);
#991=ORIENTED_EDGE('',*,*,#2035,.F.);
#992=ORIENTED_EDGE('',*,*,#2032,.F.);
#993=ORIENTED_EDGE('',*,*,#2036,.T.);
#994=ORIENTED_EDGE('',*,*,#2037,.F.);
#995=ORIENTED_EDGE('',*,*,#2037,.T.);
#996=ORIENTED_EDGE('',*,*,#1962,.F.);
#997=ORIENTED_EDGE('',*,*,#2038,.F.);
#998=ORIENTED_EDGE('',*,*,#2039,.F.);
#999=ORIENTED_EDGE('',*,*,#2036,.F.);
#1000=ORIENTED_EDGE('',*,*,#1968,.T.);
#1001=ORIENTED_EDGE('',*,*,#2040,.T.);
#1002=ORIENTED_EDGE('',*,*,#1965,.T.);
#1003=ORIENTED_EDGE('',*,*,#2041,.T.);
#1004=ORIENTED_EDGE('',*,*,#1967,.T.);
#1005=ORIENTED_EDGE('',*,*,#2042,.T.);
#1006=ORIENTED_EDGE('',*,*,#1966,.T.);
#1007=ORIENTED_EDGE('',*,*,#2043,.T.);
#1008=ORIENTED_EDGE('',*,*,#2044,.F.);
#1009=ORIENTED_EDGE('',*,*,#2045,.F.);
#1010=ORIENTED_EDGE('',*,*,#2046,.F.);
#1011=ORIENTED_EDGE('',*,*,#2047,.F.);
#1012=ORIENTED_EDGE('',*,*,#2048,.F.);
#1013=ORIENTED_EDGE('',*,*,#2049,.F.);
#1014=ORIENTED_EDGE('',*,*,#2050,.F.);
#1015=ORIENTED_EDGE('',*,*,#2051,.F.);
#1016=ORIENTED_EDGE('',*,*,#2052,.F.);
#1017=ORIENTED_EDGE('',*,*,#2053,.F.);
#1018=ORIENTED_EDGE('',*,*,#2054,.F.);
#1019=ORIENTED_EDGE('',*,*,#2055,.F.);
#1020=ORIENTED_EDGE('',*,*,#2056,.F.);
#1021=ORIENTED_EDGE('',*,*,#2057,.F.);
#1022=ORIENTED_EDGE('',*,*,#2058,.F.);
#1023=ORIENTED_EDGE('',*,*,#2059,.F.);
#1024=ORIENTED_EDGE('',*,*,#2027,.T.);
#1025=ORIENTED_EDGE('',*,*,#2060,.T.);
#1026=ORIENTED_EDGE('',*,*,#2029,.F.);
#1027=ORIENTED_EDGE('',*,*,#2061,.T.);
#1028=ORIENTED_EDGE('',*,*,#2023,.F.);
#1029=ORIENTED_EDGE('',*,*,#2062,.T.);
#1030=ORIENTED_EDGE('',*,*,#2002,.T.);
#1031=ORIENTED_EDGE('',*,*,#2063,.T.);
#1032=ORIENTED_EDGE('',*,*,#2005,.F.);
#1033=ORIENTED_EDGE('',*,*,#2064,.T.);
#1034=ORIENTED_EDGE('',*,*,#1999,.F.);
#1035=ORIENTED_EDGE('',*,*,#2065,.T.);
#1036=ORIENTED_EDGE('',*,*,#1983,.T.);
#1037=ORIENTED_EDGE('',*,*,#2066,.T.);
#1038=ORIENTED_EDGE('',*,*,#1986,.F.);
#1039=ORIENTED_EDGE('',*,*,#2067,.T.);
#1040=ORIENTED_EDGE('',*,*,#1980,.F.);
#1041=ORIENTED_EDGE('',*,*,#2068,.T.);
#1042=ORIENTED_EDGE('',*,*,#1924,.T.);
#1043=ORIENTED_EDGE('',*,*,#2069,.T.);
#1044=ORIENTED_EDGE('',*,*,#1928,.F.);
#1045=ORIENTED_EDGE('',*,*,#2070,.T.);
#1046=ORIENTED_EDGE('',*,*,#1920,.F.);
#1047=ORIENTED_EDGE('',*,*,#2071,.T.);
#1048=ORIENTED_EDGE('',*,*,#2042,.F.);
#1049=ORIENTED_EDGE('',*,*,#2041,.F.);
#1050=ORIENTED_EDGE('',*,*,#2040,.F.);
#1051=ORIENTED_EDGE('',*,*,#2043,.F.);
#1052=ORIENTED_EDGE('',*,*,#2072,.F.);
#1053=ORIENTED_EDGE('',*,*,#2073,.T.);
#1054=ORIENTED_EDGE('',*,*,#2073,.F.);
#1055=ORIENTED_EDGE('',*,*,#2074,.F.);
#1056=ORIENTED_EDGE('',*,*,#2075,.F.);
#1057=ORIENTED_EDGE('',*,*,#2076,.T.);
#1058=ORIENTED_EDGE('',*,*,#1900,.F.);
#1059=ORIENTED_EDGE('',*,*,#2077,.F.);
#1060=ORIENTED_EDGE('',*,*,#2078,.F.);
#1061=ORIENTED_EDGE('',*,*,#2079,.T.);
#1062=ORIENTED_EDGE('',*,*,#2059,.T.);
#1063=ORIENTED_EDGE('',*,*,#2080,.F.);
#1064=ORIENTED_EDGE('',*,*,#2081,.T.);
#1065=ORIENTED_EDGE('',*,*,#1902,.F.);
#1066=ORIENTED_EDGE('',*,*,#2082,.F.);
#1067=ORIENTED_EDGE('',*,*,#2083,.F.);
#1068=ORIENTED_EDGE('',*,*,#2084,.T.);
#1069=ORIENTED_EDGE('',*,*,#2081,.F.);
#1070=ORIENTED_EDGE('',*,*,#2085,.F.);
#1071=ORIENTED_EDGE('',*,*,#2086,.F.);
#1072=ORIENTED_EDGE('',*,*,#2087,.T.);
#1073=ORIENTED_EDGE('',*,*,#2058,.T.);
#1074=ORIENTED_EDGE('',*,*,#2088,.F.);
#1075=ORIENTED_EDGE('',*,*,#2089,.T.);
#1076=ORIENTED_EDGE('',*,*,#1904,.F.);
#1077=ORIENTED_EDGE('',*,*,#2090,.F.);
#1078=ORIENTED_EDGE('',*,*,#2091,.F.);
#1079=ORIENTED_EDGE('',*,*,#2092,.T.);
#1080=ORIENTED_EDGE('',*,*,#2089,.F.);
#1081=ORIENTED_EDGE('',*,*,#2093,.F.);
#1082=ORIENTED_EDGE('',*,*,#2094,.F.);
#1083=ORIENTED_EDGE('',*,*,#2095,.T.);
#1084=ORIENTED_EDGE('',*,*,#2057,.T.);
#1085=ORIENTED_EDGE('',*,*,#2096,.F.);
#1086=ORIENTED_EDGE('',*,*,#2097,.T.);
#1087=ORIENTED_EDGE('',*,*,#2097,.F.);
#1088=ORIENTED_EDGE('',*,*,#2098,.F.);
#1089=ORIENTED_EDGE('',*,*,#2099,.F.);
#1090=ORIENTED_EDGE('',*,*,#2100,.T.);
#1091=ORIENTED_EDGE('',*,*,#1906,.F.);
#1092=ORIENTED_EDGE('',*,*,#2101,.F.);
#1093=ORIENTED_EDGE('',*,*,#2102,.F.);
#1094=ORIENTED_EDGE('',*,*,#2103,.T.);
#1095=ORIENTED_EDGE('',*,*,#2056,.T.);
#1096=ORIENTED_EDGE('',*,*,#2104,.T.);
#1097=ORIENTED_EDGE('',*,*,#2105,.T.);
#1098=ORIENTED_EDGE('',*,*,#2082,.T.);
#1099=ORIENTED_EDGE('',*,*,#1903,.F.);
#1100=ORIENTED_EDGE('',*,*,#2087,.F.);
#1101=ORIENTED_EDGE('',*,*,#2080,.T.);
#1102=ORIENTED_EDGE('',*,*,#2084,.F.);
#1103=ORIENTED_EDGE('',*,*,#2106,.F.);
#1104=ORIENTED_EDGE('',*,*,#2107,.F.);
#1105=ORIENTED_EDGE('',*,*,#2085,.T.);
#1106=ORIENTED_EDGE('',*,*,#1898,.T.);
#1107=ORIENTED_EDGE('',*,*,#2104,.F.);
#1108=ORIENTED_EDGE('',*,*,#2086,.T.);
#1109=ORIENTED_EDGE('',*,*,#2107,.T.);
#1110=ORIENTED_EDGE('',*,*,#1899,.T.);
#1111=ORIENTED_EDGE('',*,*,#2106,.T.);
#1112=ORIENTED_EDGE('',*,*,#2083,.T.);
#1113=ORIENTED_EDGE('',*,*,#2105,.F.);
#1114=ORIENTED_EDGE('',*,*,#2108,.T.);
#1115=ORIENTED_EDGE('',*,*,#2109,.T.);
#1116=ORIENTED_EDGE('',*,*,#2101,.T.);
#1117=ORIENTED_EDGE('',*,*,#1907,.F.);
#1118=ORIENTED_EDGE('',*,*,#2100,.F.);
#1119=ORIENTED_EDGE('',*,*,#2096,.T.);
#1120=ORIENTED_EDGE('',*,*,#2103,.F.);
#1121=ORIENTED_EDGE('',*,*,#2110,.F.);
#1122=ORIENTED_EDGE('',*,*,#2111,.F.);
#1123=ORIENTED_EDGE('',*,*,#2098,.T.);
#1124=ORIENTED_EDGE('',*,*,#1895,.T.);
#1125=ORIENTED_EDGE('',*,*,#2110,.T.);
#1126=ORIENTED_EDGE('',*,*,#2102,.T.);
#1127=ORIENTED_EDGE('',*,*,#2109,.F.);
#1128=ORIENTED_EDGE('',*,*,#1896,.T.);
#1129=ORIENTED_EDGE('',*,*,#2108,.F.);
#1130=ORIENTED_EDGE('',*,*,#2099,.T.);
#1131=ORIENTED_EDGE('',*,*,#2111,.T.);
#1132=ORIENTED_EDGE('',*,*,#2112,.T.);
#1133=ORIENTED_EDGE('',*,*,#2113,.T.);
#1134=ORIENTED_EDGE('',*,*,#2090,.T.);
#1135=ORIENTED_EDGE('',*,*,#1905,.F.);
#1136=ORIENTED_EDGE('',*,*,#2095,.F.);
#1137=ORIENTED_EDGE('',*,*,#2088,.T.);
#1138=ORIENTED_EDGE('',*,*,#2092,.F.);
#1139=ORIENTED_EDGE('',*,*,#2114,.F.);
#1140=ORIENTED_EDGE('',*,*,#2115,.F.);
#1141=ORIENTED_EDGE('',*,*,#2093,.T.);
#1142=ORIENTED_EDGE('',*,*,#1892,.T.);
#1143=ORIENTED_EDGE('',*,*,#2112,.F.);
#1144=ORIENTED_EDGE('',*,*,#2094,.T.);
#1145=ORIENTED_EDGE('',*,*,#2115,.T.);
#1146=ORIENTED_EDGE('',*,*,#1893,.T.);
#1147=ORIENTED_EDGE('',*,*,#2114,.T.);
#1148=ORIENTED_EDGE('',*,*,#2091,.T.);
#1149=ORIENTED_EDGE('',*,*,#2113,.F.);
#1150=ORIENTED_EDGE('',*,*,#2116,.T.);
#1151=ORIENTED_EDGE('',*,*,#2117,.T.);
#1152=ORIENTED_EDGE('',*,*,#2077,.T.);
#1153=ORIENTED_EDGE('',*,*,#1901,.F.);
#1154=ORIENTED_EDGE('',*,*,#2076,.F.);
#1155=ORIENTED_EDGE('',*,*,#2072,.T.);
#1156=ORIENTED_EDGE('',*,*,#2079,.F.);
#1157=ORIENTED_EDGE('',*,*,#2118,.F.);
#1158=ORIENTED_EDGE('',*,*,#2119,.F.);
#1159=ORIENTED_EDGE('',*,*,#2074,.T.);
#1160=ORIENTED_EDGE('',*,*,#1889,.T.);
#1161=ORIENTED_EDGE('',*,*,#2118,.T.);
#1162=ORIENTED_EDGE('',*,*,#2078,.T.);
#1163=ORIENTED_EDGE('',*,*,#2117,.F.);
#1164=ORIENTED_EDGE('',*,*,#1890,.T.);
#1165=ORIENTED_EDGE('',*,*,#2116,.F.);
#1166=ORIENTED_EDGE('',*,*,#2075,.T.);
#1167=ORIENTED_EDGE('',*,*,#2119,.T.);
#1168=ORIENTED_EDGE('',*,*,#2120,.F.);
#1169=ORIENTED_EDGE('',*,*,#2121,.F.);
#1170=ORIENTED_EDGE('',*,*,#2122,.T.);
#1171=ORIENTED_EDGE('',*,*,#2123,.T.);
#1172=ORIENTED_EDGE('',*,*,#2124,.F.);
#1173=ORIENTED_EDGE('',*,*,#2125,.T.);
#1174=ORIENTED_EDGE('',*,*,#2126,.F.);
#1175=ORIENTED_EDGE('',*,*,#2127,.F.);
#1176=ORIENTED_EDGE('',*,*,#2128,.T.);
#1177=ORIENTED_EDGE('',*,*,#2129,.T.);
#1178=ORIENTED_EDGE('',*,*,#2130,.T.);
#1179=ORIENTED_EDGE('',*,*,#2126,.T.);
#1180=ORIENTED_EDGE('',*,*,#2123,.F.);
#1181=ORIENTED_EDGE('',*,*,#2131,.T.);
#1182=ORIENTED_EDGE('',*,*,#2131,.F.);
#1183=ORIENTED_EDGE('',*,*,#2122,.F.);
#1184=ORIENTED_EDGE('',*,*,#2132,.F.);
#1185=ORIENTED_EDGE('',*,*,#2127,.T.);
#1186=ORIENTED_EDGE('',*,*,#2130,.F.);
#1187=ORIENTED_EDGE('',*,*,#2125,.F.);
#1188=ORIENTED_EDGE('',*,*,#2133,.F.);
#1189=ORIENTED_EDGE('',*,*,#2124,.T.);
#1190=ORIENTED_EDGE('',*,*,#2055,.T.);
#1191=ORIENTED_EDGE('',*,*,#1991,.T.);
#1192=ORIENTED_EDGE('',*,*,#2128,.F.);
#1193=ORIENTED_EDGE('',*,*,#2132,.T.);
#1194=ORIENTED_EDGE('',*,*,#2121,.T.);
#1195=ORIENTED_EDGE('',*,*,#1990,.T.);
#1196=ORIENTED_EDGE('',*,*,#2120,.T.);
#1197=ORIENTED_EDGE('',*,*,#2133,.T.);
#1198=ORIENTED_EDGE('',*,*,#2129,.F.);
#1199=ORIENTED_EDGE('',*,*,#2134,.F.);
#1200=ORIENTED_EDGE('',*,*,#2135,.T.);
#1201=ORIENTED_EDGE('',*,*,#2136,.F.);
#1202=ORIENTED_EDGE('',*,*,#2137,.F.);
#1203=ORIENTED_EDGE('',*,*,#2138,.T.);
#1204=ORIENTED_EDGE('',*,*,#2134,.T.);
#1205=ORIENTED_EDGE('',*,*,#2139,.F.);
#1206=ORIENTED_EDGE('',*,*,#2140,.T.);
#1207=ORIENTED_EDGE('',*,*,#2141,.F.);
#1208=ORIENTED_EDGE('',*,*,#2142,.F.);
#1209=ORIENTED_EDGE('',*,*,#2143,.T.);
#1210=ORIENTED_EDGE('',*,*,#2144,.T.);
#1211=ORIENTED_EDGE('',*,*,#2145,.T.);
#1212=ORIENTED_EDGE('',*,*,#2141,.T.);
#1213=ORIENTED_EDGE('',*,*,#2145,.F.);
#1214=ORIENTED_EDGE('',*,*,#2140,.F.);
#1215=ORIENTED_EDGE('',*,*,#2146,.F.);
#1216=ORIENTED_EDGE('',*,*,#2139,.T.);
#1217=ORIENTED_EDGE('',*,*,#2135,.F.);
#1218=ORIENTED_EDGE('',*,*,#2138,.F.);
#1219=ORIENTED_EDGE('',*,*,#2147,.F.);
#1220=ORIENTED_EDGE('',*,*,#2142,.T.);
#1221=ORIENTED_EDGE('',*,*,#2054,.T.);
#1222=ORIENTED_EDGE('',*,*,#2014,.T.);
#1223=ORIENTED_EDGE('',*,*,#2143,.F.);
#1224=ORIENTED_EDGE('',*,*,#2147,.T.);
#1225=ORIENTED_EDGE('',*,*,#2137,.T.);
#1226=ORIENTED_EDGE('',*,*,#2013,.T.);
#1227=ORIENTED_EDGE('',*,*,#2136,.T.);
#1228=ORIENTED_EDGE('',*,*,#2146,.T.);
#1229=ORIENTED_EDGE('',*,*,#2144,.F.);
#1230=ORIENTED_EDGE('',*,*,#2148,.F.);
#1231=ORIENTED_EDGE('',*,*,#2149,.T.);
#1232=ORIENTED_EDGE('',*,*,#2150,.F.);
#1233=ORIENTED_EDGE('',*,*,#2151,.F.);
#1234=ORIENTED_EDGE('',*,*,#2152,.T.);
#1235=ORIENTED_EDGE('',*,*,#2148,.T.);
#1236=ORIENTED_EDGE('',*,*,#2153,.F.);
#1237=ORIENTED_EDGE('',*,*,#2154,.T.);
#1238=ORIENTED_EDGE('',*,*,#2155,.F.);
#1239=ORIENTED_EDGE('',*,*,#2156,.F.);
#1240=ORIENTED_EDGE('',*,*,#2157,.T.);
#1241=ORIENTED_EDGE('',*,*,#2158,.T.);
#1242=ORIENTED_EDGE('',*,*,#2159,.T.);
#1243=ORIENTED_EDGE('',*,*,#2155,.T.);
#1244=ORIENTED_EDGE('',*,*,#2159,.F.);
#1245=ORIENTED_EDGE('',*,*,#2154,.F.);
#1246=ORIENTED_EDGE('',*,*,#2160,.F.);
#1247=ORIENTED_EDGE('',*,*,#2153,.T.);
#1248=ORIENTED_EDGE('',*,*,#2149,.F.);
#1249=ORIENTED_EDGE('',*,*,#2152,.F.);
#1250=ORIENTED_EDGE('',*,*,#2161,.F.);
#1251=ORIENTED_EDGE('',*,*,#2156,.T.);
#1252=ORIENTED_EDGE('',*,*,#2053,.T.);
#1253=ORIENTED_EDGE('',*,*,#1995,.T.);
#1254=ORIENTED_EDGE('',*,*,#2157,.F.);
#1255=ORIENTED_EDGE('',*,*,#2161,.T.);
#1256=ORIENTED_EDGE('',*,*,#2151,.T.);
#1257=ORIENTED_EDGE('',*,*,#1994,.T.);
#1258=ORIENTED_EDGE('',*,*,#2150,.T.);
#1259=ORIENTED_EDGE('',*,*,#2160,.T.);
#1260=ORIENTED_EDGE('',*,*,#2158,.F.);
#1261=ORIENTED_EDGE('',*,*,#2162,.F.);
#1262=ORIENTED_EDGE('',*,*,#2163,.F.);
#1263=ORIENTED_EDGE('',*,*,#2164,.T.);
#1264=ORIENTED_EDGE('',*,*,#2165,.T.);
#1265=ORIENTED_EDGE('',*,*,#2166,.F.);
#1266=ORIENTED_EDGE('',*,*,#2167,.T.);
#1267=ORIENTED_EDGE('',*,*,#2168,.F.);
#1268=ORIENTED_EDGE('',*,*,#2169,.F.);
#1269=ORIENTED_EDGE('',*,*,#2170,.T.);
#1270=ORIENTED_EDGE('',*,*,#2171,.T.);
#1271=ORIENTED_EDGE('',*,*,#2172,.T.);
#1272=ORIENTED_EDGE('',*,*,#2168,.T.);
#1273=ORIENTED_EDGE('',*,*,#2165,.F.);
#1274=ORIENTED_EDGE('',*,*,#2173,.T.);
#1275=ORIENTED_EDGE('',*,*,#2173,.F.);
#1276=ORIENTED_EDGE('',*,*,#2164,.F.);
#1277=ORIENTED_EDGE('',*,*,#2174,.F.);
#1278=ORIENTED_EDGE('',*,*,#2169,.T.);
#1279=ORIENTED_EDGE('',*,*,#2172,.F.);
#1280=ORIENTED_EDGE('',*,*,#2167,.F.);
#1281=ORIENTED_EDGE('',*,*,#2175,.F.);
#1282=ORIENTED_EDGE('',*,*,#2166,.T.);
#1283=ORIENTED_EDGE('',*,*,#2052,.T.);
#1284=ORIENTED_EDGE('',*,*,#2010,.T.);
#1285=ORIENTED_EDGE('',*,*,#2162,.T.);
#1286=ORIENTED_EDGE('',*,*,#2175,.T.);
#1287=ORIENTED_EDGE('',*,*,#2171,.F.);
#1288=ORIENTED_EDGE('',*,*,#2009,.T.);
#1289=ORIENTED_EDGE('',*,*,#2170,.F.);
#1290=ORIENTED_EDGE('',*,*,#2174,.T.);
#1291=ORIENTED_EDGE('',*,*,#2163,.T.);
#1292=ORIENTED_EDGE('',*,*,#2176,.F.);
#1293=ORIENTED_EDGE('',*,*,#2177,.F.);
#1294=ORIENTED_EDGE('',*,*,#2178,.T.);
#1295=ORIENTED_EDGE('',*,*,#2179,.T.);
#1296=ORIENTED_EDGE('',*,*,#2180,.F.);
#1297=ORIENTED_EDGE('',*,*,#2181,.T.);
#1298=ORIENTED_EDGE('',*,*,#2182,.F.);
#1299=ORIENTED_EDGE('',*,*,#2183,.F.);
#1300=ORIENTED_EDGE('',*,*,#2184,.T.);
#1301=ORIENTED_EDGE('',*,*,#2185,.T.);
#1302=ORIENTED_EDGE('',*,*,#2186,.T.);
#1303=ORIENTED_EDGE('',*,*,#2182,.T.);
#1304=ORIENTED_EDGE('',*,*,#2179,.F.);
#1305=ORIENTED_EDGE('',*,*,#2187,.T.);
#1306=ORIENTED_EDGE('',*,*,#2187,.F.);
#1307=ORIENTED_EDGE('',*,*,#2178,.F.);
#1308=ORIENTED_EDGE('',*,*,#2188,.F.);
#1309=ORIENTED_EDGE('',*,*,#2183,.T.);
#1310=ORIENTED_EDGE('',*,*,#2186,.F.);
#1311=ORIENTED_EDGE('',*,*,#2181,.F.);
#1312=ORIENTED_EDGE('',*,*,#2189,.F.);
#1313=ORIENTED_EDGE('',*,*,#2180,.T.);
#1314=ORIENTED_EDGE('',*,*,#2051,.T.);
#1315=ORIENTED_EDGE('',*,*,#2035,.T.);
#1316=ORIENTED_EDGE('',*,*,#2184,.F.);
#1317=ORIENTED_EDGE('',*,*,#2188,.T.);
#1318=ORIENTED_EDGE('',*,*,#2177,.T.);
#1319=ORIENTED_EDGE('',*,*,#2034,.T.);
#1320=ORIENTED_EDGE('',*,*,#2176,.T.);
#1321=ORIENTED_EDGE('',*,*,#2189,.T.);
#1322=ORIENTED_EDGE('',*,*,#2185,.F.);
#1323=ORIENTED_EDGE('',*,*,#2190,.F.);
#1324=ORIENTED_EDGE('',*,*,#2191,.T.);
#1325=ORIENTED_EDGE('',*,*,#2192,.F.);
#1326=ORIENTED_EDGE('',*,*,#2193,.F.);
#1327=ORIENTED_EDGE('',*,*,#2194,.T.);
#1328=ORIENTED_EDGE('',*,*,#2190,.T.);
#1329=ORIENTED_EDGE('',*,*,#2195,.F.);
#1330=ORIENTED_EDGE('',*,*,#2196,.T.);
#1331=ORIENTED_EDGE('',*,*,#2197,.F.);
#1332=ORIENTED_EDGE('',*,*,#2198,.F.);
#1333=ORIENTED_EDGE('',*,*,#2199,.T.);
#1334=ORIENTED_EDGE('',*,*,#2200,.T.);
#1335=ORIENTED_EDGE('',*,*,#2201,.T.);
#1336=ORIENTED_EDGE('',*,*,#2197,.T.);
#1337=ORIENTED_EDGE('',*,*,#2201,.F.);
#1338=ORIENTED_EDGE('',*,*,#2196,.F.);
#1339=ORIENTED_EDGE('',*,*,#2202,.F.);
#1340=ORIENTED_EDGE('',*,*,#2195,.T.);
#1341=ORIENTED_EDGE('',*,*,#2191,.F.);
#1342=ORIENTED_EDGE('',*,*,#2194,.F.);
#1343=ORIENTED_EDGE('',*,*,#2203,.F.);
#1344=ORIENTED_EDGE('',*,*,#2198,.T.);
#1345=ORIENTED_EDGE('',*,*,#2050,.T.);
#1346=ORIENTED_EDGE('',*,*,#2020,.T.);
#1347=ORIENTED_EDGE('',*,*,#2192,.T.);
#1348=ORIENTED_EDGE('',*,*,#2202,.T.);
#1349=ORIENTED_EDGE('',*,*,#2200,.F.);
#1350=ORIENTED_EDGE('',*,*,#2019,.T.);
#1351=ORIENTED_EDGE('',*,*,#2199,.F.);
#1352=ORIENTED_EDGE('',*,*,#2203,.T.);
#1353=ORIENTED_EDGE('',*,*,#2193,.T.);
#1354=ORIENTED_EDGE('',*,*,#2204,.F.);
#1355=ORIENTED_EDGE('',*,*,#2205,.T.);
#1356=ORIENTED_EDGE('',*,*,#2206,.F.);
#1357=ORIENTED_EDGE('',*,*,#2207,.F.);
#1358=ORIENTED_EDGE('',*,*,#2208,.T.);
#1359=ORIENTED_EDGE('',*,*,#2204,.T.);
#1360=ORIENTED_EDGE('',*,*,#2209,.F.);
#1361=ORIENTED_EDGE('',*,*,#2210,.T.);
#1362=ORIENTED_EDGE('',*,*,#2211,.F.);
#1363=ORIENTED_EDGE('',*,*,#2212,.F.);
#1364=ORIENTED_EDGE('',*,*,#2213,.T.);
#1365=ORIENTED_EDGE('',*,*,#2214,.T.);
#1366=ORIENTED_EDGE('',*,*,#2215,.T.);
#1367=ORIENTED_EDGE('',*,*,#2211,.T.);
#1368=ORIENTED_EDGE('',*,*,#2215,.F.);
#1369=ORIENTED_EDGE('',*,*,#2210,.F.);
#1370=ORIENTED_EDGE('',*,*,#2216,.F.);
#1371=ORIENTED_EDGE('',*,*,#2209,.T.);
#1372=ORIENTED_EDGE('',*,*,#2205,.F.);
#1373=ORIENTED_EDGE('',*,*,#2208,.F.);
#1374=ORIENTED_EDGE('',*,*,#2217,.F.);
#1375=ORIENTED_EDGE('',*,*,#2212,.T.);
#1376=ORIENTED_EDGE('',*,*,#2049,.T.);
#1377=ORIENTED_EDGE('',*,*,#2039,.T.);
#1378=ORIENTED_EDGE('',*,*,#2206,.T.);
#1379=ORIENTED_EDGE('',*,*,#2216,.T.);
#1380=ORIENTED_EDGE('',*,*,#2214,.F.);
#1381=ORIENTED_EDGE('',*,*,#2038,.T.);
#1382=ORIENTED_EDGE('',*,*,#2213,.F.);
#1383=ORIENTED_EDGE('',*,*,#2217,.T.);
#1384=ORIENTED_EDGE('',*,*,#2207,.T.);
#1385=ORIENTED_EDGE('',*,*,#2218,.F.);
#1386=ORIENTED_EDGE('',*,*,#2219,.F.);
#1387=ORIENTED_EDGE('',*,*,#2220,.T.);
#1388=ORIENTED_EDGE('',*,*,#2221,.T.);
#1389=ORIENTED_EDGE('',*,*,#2222,.F.);
#1390=ORIENTED_EDGE('',*,*,#2223,.T.);
#1391=ORIENTED_EDGE('',*,*,#2224,.F.);
#1392=ORIENTED_EDGE('',*,*,#2225,.F.);
#1393=ORIENTED_EDGE('',*,*,#2226,.T.);
#1394=ORIENTED_EDGE('',*,*,#2227,.T.);
#1395=ORIENTED_EDGE('',*,*,#2228,.T.);
#1396=ORIENTED_EDGE('',*,*,#2224,.T.);
#1397=ORIENTED_EDGE('',*,*,#2221,.F.);
#1398=ORIENTED_EDGE('',*,*,#2229,.T.);
#1399=ORIENTED_EDGE('',*,*,#2229,.F.);
#1400=ORIENTED_EDGE('',*,*,#2220,.F.);
#1401=ORIENTED_EDGE('',*,*,#2230,.F.);
#1402=ORIENTED_EDGE('',*,*,#2225,.T.);
#1403=ORIENTED_EDGE('',*,*,#2228,.F.);
#1404=ORIENTED_EDGE('',*,*,#2223,.F.);
#1405=ORIENTED_EDGE('',*,*,#2231,.F.);
#1406=ORIENTED_EDGE('',*,*,#2222,.T.);
#1407=ORIENTED_EDGE('',*,*,#2048,.T.);
#1408=ORIENTED_EDGE('',*,*,#2016,.T.);
#1409=ORIENTED_EDGE('',*,*,#2218,.T.);
#1410=ORIENTED_EDGE('',*,*,#2231,.T.);
#1411=ORIENTED_EDGE('',*,*,#2227,.F.);
#1412=ORIENTED_EDGE('',*,*,#2015,.T.);
#1413=ORIENTED_EDGE('',*,*,#2226,.F.);
#1414=ORIENTED_EDGE('',*,*,#2230,.T.);
#1415=ORIENTED_EDGE('',*,*,#2219,.T.);
#1416=ORIENTED_EDGE('',*,*,#2232,.F.);
#1417=ORIENTED_EDGE('',*,*,#2233,.F.);
#1418=ORIENTED_EDGE('',*,*,#2234,.T.);
#1419=ORIENTED_EDGE('',*,*,#2235,.T.);
#1420=ORIENTED_EDGE('',*,*,#2236,.F.);
#1421=ORIENTED_EDGE('',*,*,#2237,.T.);
#1422=ORIENTED_EDGE('',*,*,#2238,.F.);
#1423=ORIENTED_EDGE('',*,*,#2239,.F.);
#1424=ORIENTED_EDGE('',*,*,#2240,.T.);
#1425=ORIENTED_EDGE('',*,*,#2241,.T.);
#1426=ORIENTED_EDGE('',*,*,#2242,.T.);
#1427=ORIENTED_EDGE('',*,*,#2238,.T.);
#1428=ORIENTED_EDGE('',*,*,#2235,.F.);
#1429=ORIENTED_EDGE('',*,*,#2243,.T.);
#1430=ORIENTED_EDGE('',*,*,#2243,.F.);
#1431=ORIENTED_EDGE('',*,*,#2234,.F.);
#1432=ORIENTED_EDGE('',*,*,#2244,.F.);
#1433=ORIENTED_EDGE('',*,*,#2239,.T.);
#1434=ORIENTED_EDGE('',*,*,#2242,.F.);
#1435=ORIENTED_EDGE('',*,*,#2237,.F.);
#1436=ORIENTED_EDGE('',*,*,#2245,.F.);
#1437=ORIENTED_EDGE('',*,*,#2236,.T.);
#1438=ORIENTED_EDGE('',*,*,#2047,.T.);
#1439=ORIENTED_EDGE('',*,*,#1972,.T.);
#1440=ORIENTED_EDGE('',*,*,#2240,.F.);
#1441=ORIENTED_EDGE('',*,*,#2244,.T.);
#1442=ORIENTED_EDGE('',*,*,#2233,.T.);
#1443=ORIENTED_EDGE('',*,*,#1971,.T.);
#1444=ORIENTED_EDGE('',*,*,#2232,.T.);
#1445=ORIENTED_EDGE('',*,*,#2245,.T.);
#1446=ORIENTED_EDGE('',*,*,#2241,.F.);
#1447=ORIENTED_EDGE('',*,*,#2246,.F.);
#1448=ORIENTED_EDGE('',*,*,#2247,.T.);
#1449=ORIENTED_EDGE('',*,*,#2248,.F.);
#1450=ORIENTED_EDGE('',*,*,#2249,.F.);
#1451=ORIENTED_EDGE('',*,*,#2250,.T.);
#1452=ORIENTED_EDGE('',*,*,#2246,.T.);
#1453=ORIENTED_EDGE('',*,*,#2251,.F.);
#1454=ORIENTED_EDGE('',*,*,#2252,.T.);
#1455=ORIENTED_EDGE('',*,*,#2253,.F.);
#1456=ORIENTED_EDGE('',*,*,#2254,.F.);
#1457=ORIENTED_EDGE('',*,*,#2255,.T.);
#1458=ORIENTED_EDGE('',*,*,#2256,.T.);
#1459=ORIENTED_EDGE('',*,*,#2257,.T.);
#1460=ORIENTED_EDGE('',*,*,#2253,.T.);
#1461=ORIENTED_EDGE('',*,*,#2257,.F.);
#1462=ORIENTED_EDGE('',*,*,#2252,.F.);
#1463=ORIENTED_EDGE('',*,*,#2258,.F.);
#1464=ORIENTED_EDGE('',*,*,#2251,.T.);
#1465=ORIENTED_EDGE('',*,*,#2247,.F.);
#1466=ORIENTED_EDGE('',*,*,#2250,.F.);
#1467=ORIENTED_EDGE('',*,*,#2259,.F.);
#1468=ORIENTED_EDGE('',*,*,#2254,.T.);
#1469=ORIENTED_EDGE('',*,*,#2046,.T.);
#1470=ORIENTED_EDGE('',*,*,#1914,.T.);
#1471=ORIENTED_EDGE('',*,*,#2248,.T.);
#1472=ORIENTED_EDGE('',*,*,#2258,.T.);
#1473=ORIENTED_EDGE('',*,*,#2256,.F.);
#1474=ORIENTED_EDGE('',*,*,#1913,.T.);
#1475=ORIENTED_EDGE('',*,*,#2255,.F.);
#1476=ORIENTED_EDGE('',*,*,#2259,.T.);
#1477=ORIENTED_EDGE('',*,*,#2249,.T.);
#1478=ORIENTED_EDGE('',*,*,#2260,.F.);
#1479=ORIENTED_EDGE('',*,*,#2261,.T.);
#1480=ORIENTED_EDGE('',*,*,#2262,.F.);
#1481=ORIENTED_EDGE('',*,*,#2263,.F.);
#1482=ORIENTED_EDGE('',*,*,#2264,.T.);
#1483=ORIENTED_EDGE('',*,*,#2260,.T.);
#1484=ORIENTED_EDGE('',*,*,#2265,.F.);
#1485=ORIENTED_EDGE('',*,*,#2266,.T.);
#1486=ORIENTED_EDGE('',*,*,#2267,.F.);
#1487=ORIENTED_EDGE('',*,*,#2268,.F.);
#1488=ORIENTED_EDGE('',*,*,#2269,.T.);
#1489=ORIENTED_EDGE('',*,*,#2270,.T.);
#1490=ORIENTED_EDGE('',*,*,#2271,.T.);
#1491=ORIENTED_EDGE('',*,*,#2267,.T.);
#1492=ORIENTED_EDGE('',*,*,#2271,.F.);
#1493=ORIENTED_EDGE('',*,*,#2266,.F.);
#1494=ORIENTED_EDGE('',*,*,#2272,.F.);
#1495=ORIENTED_EDGE('',*,*,#2265,.T.);
#1496=ORIENTED_EDGE('',*,*,#2261,.F.);
#1497=ORIENTED_EDGE('',*,*,#2264,.F.);
#1498=ORIENTED_EDGE('',*,*,#2273,.F.);
#1499=ORIENTED_EDGE('',*,*,#2268,.T.);
#1500=ORIENTED_EDGE('',*,*,#2045,.T.);
#1501=ORIENTED_EDGE('',*,*,#1976,.T.);
#1502=ORIENTED_EDGE('',*,*,#2262,.T.);
#1503=ORIENTED_EDGE('',*,*,#2272,.T.);
#1504=ORIENTED_EDGE('',*,*,#2270,.F.);
#1505=ORIENTED_EDGE('',*,*,#1975,.T.);
#1506=ORIENTED_EDGE('',*,*,#2269,.F.);
#1507=ORIENTED_EDGE('',*,*,#2273,.T.);
#1508=ORIENTED_EDGE('',*,*,#2263,.T.);
#1509=ORIENTED_EDGE('',*,*,#2274,.T.);
#1510=ORIENTED_EDGE('',*,*,#2275,.F.);
#1511=ORIENTED_EDGE('',*,*,#2276,.F.);
#1512=ORIENTED_EDGE('',*,*,#2277,.T.);
#1513=ORIENTED_EDGE('',*,*,#2278,.T.);
#1514=ORIENTED_EDGE('',*,*,#2279,.F.);
#1515=ORIENTED_EDGE('',*,*,#2280,.F.);
#1516=ORIENTED_EDGE('',*,*,#2281,.T.);
#1517=ORIENTED_EDGE('',*,*,#2282,.T.);
#1518=ORIENTED_EDGE('',*,*,#2283,.F.);
#1519=ORIENTED_EDGE('',*,*,#2284,.T.);
#1520=ORIENTED_EDGE('',*,*,#2275,.T.);
#1521=ORIENTED_EDGE('',*,*,#2282,.F.);
#1522=ORIENTED_EDGE('',*,*,#2285,.T.);
#1523=ORIENTED_EDGE('',*,*,#2285,.F.);
#1524=ORIENTED_EDGE('',*,*,#2281,.F.);
#1525=ORIENTED_EDGE('',*,*,#2286,.F.);
#1526=ORIENTED_EDGE('',*,*,#2276,.T.);
#1527=ORIENTED_EDGE('',*,*,#2284,.F.);
#1528=ORIENTED_EDGE('',*,*,#2274,.F.);
#1529=ORIENTED_EDGE('',*,*,#2287,.F.);
#1530=ORIENTED_EDGE('',*,*,#2283,.T.);
#1531=ORIENTED_EDGE('',*,*,#2044,.T.);
#1532=ORIENTED_EDGE('',*,*,#1908,.T.);
#1533=ORIENTED_EDGE('',*,*,#2279,.T.);
#1534=ORIENTED_EDGE('',*,*,#2287,.T.);
#1535=ORIENTED_EDGE('',*,*,#2278,.F.);
#1536=ORIENTED_EDGE('',*,*,#1909,.T.);
#1537=ORIENTED_EDGE('',*,*,#2277,.F.);
#1538=ORIENTED_EDGE('',*,*,#2286,.T.);
#1539=ORIENTED_EDGE('',*,*,#2280,.T.);
#1540=ORIENTED_EDGE('',*,*,#2060,.F.);
#1541=ORIENTED_EDGE('',*,*,#2026,.F.);
#1542=ORIENTED_EDGE('',*,*,#1933,.F.);
#1543=ORIENTED_EDGE('',*,*,#2030,.F.);
#1544=ORIENTED_EDGE('',*,*,#1935,.F.);
#1545=ORIENTED_EDGE('',*,*,#2028,.F.);
#1546=ORIENTED_EDGE('',*,*,#2071,.F.);
#1547=ORIENTED_EDGE('',*,*,#1919,.F.);
#1548=ORIENTED_EDGE('',*,*,#2070,.F.);
#1549=ORIENTED_EDGE('',*,*,#1927,.F.);
#1550=ORIENTED_EDGE('',*,*,#1936,.F.);
#1551=ORIENTED_EDGE('',*,*,#1921,.F.);
#1552=ORIENTED_EDGE('',*,*,#2069,.F.);
#1553=ORIENTED_EDGE('',*,*,#1923,.F.);
#1554=ORIENTED_EDGE('',*,*,#1937,.F.);
#1555=ORIENTED_EDGE('',*,*,#1929,.F.);
#1556=ORIENTED_EDGE('',*,*,#1938,.F.);
#1557=ORIENTED_EDGE('',*,*,#1925,.F.);
#1558=ORIENTED_EDGE('',*,*,#2068,.F.);
#1559=ORIENTED_EDGE('',*,*,#1979,.F.);
#1560=ORIENTED_EDGE('',*,*,#2067,.F.);
#1561=ORIENTED_EDGE('',*,*,#1985,.F.);
#1562=ORIENTED_EDGE('',*,*,#1940,.F.);
#1563=ORIENTED_EDGE('',*,*,#1981,.F.);
#1564=ORIENTED_EDGE('',*,*,#2066,.F.);
#1565=ORIENTED_EDGE('',*,*,#1982,.F.);
#1566=ORIENTED_EDGE('',*,*,#1942,.F.);
#1567=ORIENTED_EDGE('',*,*,#1987,.F.);
#1568=ORIENTED_EDGE('',*,*,#1944,.F.);
#1569=ORIENTED_EDGE('',*,*,#1984,.F.);
#1570=ORIENTED_EDGE('',*,*,#2065,.F.);
#1571=ORIENTED_EDGE('',*,*,#1998,.F.);
#1572=ORIENTED_EDGE('',*,*,#2064,.F.);
#1573=ORIENTED_EDGE('',*,*,#2004,.F.);
#1574=ORIENTED_EDGE('',*,*,#1946,.F.);
#1575=ORIENTED_EDGE('',*,*,#2000,.F.);
#1576=ORIENTED_EDGE('',*,*,#2063,.F.);
#1577=ORIENTED_EDGE('',*,*,#2001,.F.);
#1578=ORIENTED_EDGE('',*,*,#1948,.F.);
#1579=ORIENTED_EDGE('',*,*,#2006,.F.);
#1580=ORIENTED_EDGE('',*,*,#2061,.F.);
#1581=ORIENTED_EDGE('',*,*,#2031,.F.);
#1582=ORIENTED_EDGE('',*,*,#1952,.F.);
#1583=ORIENTED_EDGE('',*,*,#2024,.F.);
#1584=ORIENTED_EDGE('',*,*,#1950,.F.);
#1585=ORIENTED_EDGE('',*,*,#2003,.F.);
#1586=ORIENTED_EDGE('',*,*,#2062,.F.);
#1587=ORIENTED_EDGE('',*,*,#2025,.F.);
#1588=ORIENTED_EDGE('',*,*,#2288,.F.);
#1589=ORIENTED_EDGE('',*,*,#2289,.T.);
#1590=ORIENTED_EDGE('',*,*,#2290,.T.);
#1591=ORIENTED_EDGE('',*,*,#2291,.F.);
#1592=ORIENTED_EDGE('',*,*,#2292,.F.);
#1593=ORIENTED_EDGE('',*,*,#2293,.T.);
#1594=ORIENTED_EDGE('',*,*,#2288,.T.);
#1595=ORIENTED_EDGE('',*,*,#2294,.T.);
#1596=ORIENTED_EDGE('',*,*,#2295,.F.);
#1597=ORIENTED_EDGE('',*,*,#2296,.T.);
#1598=ORIENTED_EDGE('',*,*,#2292,.T.);
#1599=ORIENTED_EDGE('',*,*,#2297,.F.);
#1600=ORIENTED_EDGE('',*,*,#2298,.F.);
#1601=ORIENTED_EDGE('',*,*,#2299,.T.);
#1602=ORIENTED_EDGE('',*,*,#2295,.T.);
#1603=ORIENTED_EDGE('',*,*,#2300,.T.);
#1604=ORIENTED_EDGE('',*,*,#2301,.F.);
#1605=ORIENTED_EDGE('',*,*,#2302,.T.);
#1606=ORIENTED_EDGE('',*,*,#2298,.T.);
#1607=ORIENTED_EDGE('',*,*,#2303,.T.);
#1608=ORIENTED_EDGE('',*,*,#2304,.F.);
#1609=ORIENTED_EDGE('',*,*,#2305,.T.);
#1610=ORIENTED_EDGE('',*,*,#2301,.T.);
#1611=ORIENTED_EDGE('',*,*,#2306,.T.);
#1612=ORIENTED_EDGE('',*,*,#2307,.F.);
#1613=ORIENTED_EDGE('',*,*,#2308,.T.);
#1614=ORIENTED_EDGE('',*,*,#2304,.T.);
#1615=ORIENTED_EDGE('',*,*,#2309,.T.);
#1616=ORIENTED_EDGE('',*,*,#2290,.F.);
#1617=ORIENTED_EDGE('',*,*,#2310,.T.);
#1618=ORIENTED_EDGE('',*,*,#2307,.T.);
#1619=ORIENTED_EDGE('',*,*,#2311,.T.);
#1620=ORIENTED_EDGE('',*,*,#2312,.T.);
#1621=ORIENTED_EDGE('',*,*,#2313,.T.);
#1622=ORIENTED_EDGE('',*,*,#2314,.T.);
#1623=ORIENTED_EDGE('',*,*,#2315,.T.);
#1624=ORIENTED_EDGE('',*,*,#2316,.T.);
#1625=ORIENTED_EDGE('',*,*,#2317,.T.);
#1626=ORIENTED_EDGE('',*,*,#2318,.T.);
#1627=ORIENTED_EDGE('',*,*,#2319,.T.);
#1628=ORIENTED_EDGE('',*,*,#2320,.F.);
#1629=ORIENTED_EDGE('',*,*,#2321,.T.);
#1630=ORIENTED_EDGE('',*,*,#2322,.T.);
#1631=ORIENTED_EDGE('',*,*,#2323,.F.);
#1632=ORIENTED_EDGE('',*,*,#2324,.F.);
#1633=ORIENTED_EDGE('',*,*,#2325,.F.);
#1634=ORIENTED_EDGE('',*,*,#2326,.F.);
#1635=ORIENTED_EDGE('',*,*,#2327,.F.);
#1636=ORIENTED_EDGE('',*,*,#2291,.T.);
#1637=ORIENTED_EDGE('',*,*,#2311,.F.);
#1638=ORIENTED_EDGE('',*,*,#2309,.F.);
#1639=ORIENTED_EDGE('',*,*,#2306,.F.);
#1640=ORIENTED_EDGE('',*,*,#2303,.F.);
#1641=ORIENTED_EDGE('',*,*,#2300,.F.);
#1642=ORIENTED_EDGE('',*,*,#2297,.T.);
#1643=ORIENTED_EDGE('',*,*,#2294,.F.);
#1644=ORIENTED_EDGE('',*,*,#2320,.T.);
#1645=ORIENTED_EDGE('',*,*,#2328,.F.);
#1646=ORIENTED_EDGE('',*,*,#2329,.F.);
#1647=ORIENTED_EDGE('',*,*,#2330,.T.);
#1648=ORIENTED_EDGE('',*,*,#2323,.T.);
#1649=ORIENTED_EDGE('',*,*,#2331,.F.);
#1650=ORIENTED_EDGE('',*,*,#2332,.F.);
#1651=ORIENTED_EDGE('',*,*,#2328,.T.);
#1652=ORIENTED_EDGE('',*,*,#2322,.F.);
#1653=ORIENTED_EDGE('',*,*,#2333,.F.);
#1654=ORIENTED_EDGE('',*,*,#2334,.T.);
#1655=ORIENTED_EDGE('',*,*,#2331,.T.);
#1656=ORIENTED_EDGE('',*,*,#2321,.F.);
#1657=ORIENTED_EDGE('',*,*,#2330,.F.);
#1658=ORIENTED_EDGE('',*,*,#2335,.T.);
#1659=ORIENTED_EDGE('',*,*,#2333,.T.);
#1660=ORIENTED_EDGE('',*,*,#2329,.T.);
#1661=ORIENTED_EDGE('',*,*,#2332,.T.);
#1662=ORIENTED_EDGE('',*,*,#2334,.F.);
#1663=ORIENTED_EDGE('',*,*,#2335,.F.);
#1664=ORIENTED_EDGE('',*,*,#2336,.F.);
#1665=ORIENTED_EDGE('',*,*,#2293,.F.);
#1666=ORIENTED_EDGE('',*,*,#2337,.F.);
#1667=ORIENTED_EDGE('',*,*,#2317,.F.);
#1668=ORIENTED_EDGE('',*,*,#2337,.T.);
#1669=ORIENTED_EDGE('',*,*,#2296,.F.);
#1670=ORIENTED_EDGE('',*,*,#2338,.F.);
#1671=ORIENTED_EDGE('',*,*,#2318,.F.);
#1672=ORIENTED_EDGE('',*,*,#2336,.T.);
#1673=ORIENTED_EDGE('',*,*,#2316,.F.);
#1674=ORIENTED_EDGE('',*,*,#2339,.F.);
#1675=ORIENTED_EDGE('',*,*,#2289,.F.);
#1676=ORIENTED_EDGE('',*,*,#2338,.T.);
#1677=ORIENTED_EDGE('',*,*,#2299,.F.);
#1678=ORIENTED_EDGE('',*,*,#2340,.F.);
#1679=ORIENTED_EDGE('',*,*,#2319,.F.);
#1680=ORIENTED_EDGE('',*,*,#2339,.T.);
#1681=ORIENTED_EDGE('',*,*,#2315,.F.);
#1682=ORIENTED_EDGE('',*,*,#2341,.F.);
#1683=ORIENTED_EDGE('',*,*,#2310,.F.);
#1684=ORIENTED_EDGE('',*,*,#2340,.T.);
#1685=ORIENTED_EDGE('',*,*,#2302,.F.);
#1686=ORIENTED_EDGE('',*,*,#2342,.F.);
#1687=ORIENTED_EDGE('',*,*,#2312,.F.);
#1688=ORIENTED_EDGE('',*,*,#2341,.T.);
#1689=ORIENTED_EDGE('',*,*,#2314,.F.);
#1690=ORIENTED_EDGE('',*,*,#2343,.F.);
#1691=ORIENTED_EDGE('',*,*,#2308,.F.);
#1692=ORIENTED_EDGE('',*,*,#2342,.T.);
#1693=ORIENTED_EDGE('',*,*,#2305,.F.);
#1694=ORIENTED_EDGE('',*,*,#2343,.T.);
#1695=ORIENTED_EDGE('',*,*,#2313,.F.);
#1696=ORIENTED_EDGE('',*,*,#2344,.F.);
#1697=ORIENTED_EDGE('',*,*,#2327,.T.);
#1698=ORIENTED_EDGE('',*,*,#2344,.T.);
#1699=ORIENTED_EDGE('',*,*,#2345,.F.);
#1700=ORIENTED_EDGE('',*,*,#2326,.T.);
#1701=ORIENTED_EDGE('',*,*,#2345,.T.);
#1702=ORIENTED_EDGE('',*,*,#2346,.F.);
#1703=ORIENTED_EDGE('',*,*,#2325,.T.);
#1704=ORIENTED_EDGE('',*,*,#2346,.T.);
#1705=ORIENTED_EDGE('',*,*,#2347,.F.);
#1706=ORIENTED_EDGE('',*,*,#2324,.T.);
#1707=ORIENTED_EDGE('',*,*,#2347,.T.);
#1708=EDGE_CURVE('',#2348,#2349,#2788,.T.);
#1709=EDGE_CURVE('',#2348,#2350,#2789,.T.);
#1710=EDGE_CURVE('',#2350,#2351,#2790,.T.);
#1711=EDGE_CURVE('',#2349,#2351,#2791,.T.);
#1712=EDGE_CURVE('',#2352,#2353,#2792,.T.);
#1713=EDGE_CURVE('',#2352,#2348,#36,.F.);
#1714=EDGE_CURVE('',#2349,#2353,#37,.T.);
#1715=EDGE_CURVE('',#2354,#2355,#2793,.T.);
#1716=EDGE_CURVE('',#2354,#2352,#2794,.T.);
#1717=EDGE_CURVE('',#2355,#2353,#2795,.T.);
#1718=EDGE_CURVE('',#2356,#2357,#2796,.T.);
#1719=EDGE_CURVE('',#2356,#2354,#38,.F.);
#1720=EDGE_CURVE('',#2355,#2357,#39,.T.);
#1721=EDGE_CURVE('',#2358,#2359,#2797,.T.);
#1722=EDGE_CURVE('',#2358,#2356,#2798,.T.);
#1723=EDGE_CURVE('',#2357,#2359,#2799,.T.);
#1724=EDGE_CURVE('',#2360,#2361,#2800,.T.);
#1725=EDGE_CURVE('',#2360,#2358,#40,.F.);
#1726=EDGE_CURVE('',#2359,#2361,#41,.T.);
#1727=EDGE_CURVE('',#2362,#2363,#2801,.T.);
#1728=EDGE_CURVE('',#2362,#2360,#2802,.T.);
#1729=EDGE_CURVE('',#2361,#2363,#2803,.T.);
#1730=EDGE_CURVE('',#2350,#2362,#42,.F.);
#1731=EDGE_CURVE('',#2363,#2351,#43,.T.);
#1732=EDGE_CURVE('',#2364,#2365,#2804,.T.);
#1733=EDGE_CURVE('',#2365,#2366,#44,.T.);
#1734=EDGE_CURVE('',#2366,#2367,#2805,.T.);
#1735=EDGE_CURVE('',#2367,#2368,#45,.T.);
#1736=EDGE_CURVE('',#2368,#2369,#2806,.T.);
#1737=EDGE_CURVE('',#2369,#2370,#46,.T.);
#1738=EDGE_CURVE('',#2370,#2371,#2807,.T.);
#1739=EDGE_CURVE('',#2371,#2364,#47,.T.);
#1740=EDGE_CURVE('',#2372,#2373,#48,.T.);
#1741=EDGE_CURVE('',#2372,#2374,#2808,.T.);
#1742=EDGE_CURVE('',#2374,#2375,#49,.T.);
#1743=EDGE_CURVE('',#2373,#2375,#2809,.T.);
#1744=EDGE_CURVE('',#2376,#2376,#50,.T.);
#1745=EDGE_CURVE('',#2377,#2377,#51,.T.);
#1746=EDGE_CURVE('',#2378,#2378,#52,.T.);
#1747=EDGE_CURVE('',#2379,#2379,#53,.T.);
#1748=EDGE_CURVE('',#2380,#2373,#2810,.T.);
#1749=EDGE_CURVE('',#2381,#2380,#54,.T.);
#1750=EDGE_CURVE('',#2381,#2372,#2811,.T.);
#1751=EDGE_CURVE('',#2382,#2375,#2812,.T.);
#1752=EDGE_CURVE('',#2380,#2382,#2813,.T.);
#1753=EDGE_CURVE('',#2383,#2374,#2814,.T.);
#1754=EDGE_CURVE('',#2383,#2382,#55,.T.);
#1755=EDGE_CURVE('',#2381,#2383,#2815,.T.);
#1756=EDGE_CURVE('',#2348,#2369,#2816,.T.);
#1757=EDGE_CURVE('',#2370,#2352,#2817,.T.);
#1758=EDGE_CURVE('',#2371,#2354,#2818,.T.);
#1759=EDGE_CURVE('',#2350,#2368,#2819,.T.);
#1760=EDGE_CURVE('',#2364,#2356,#2820,.T.);
#1761=EDGE_CURVE('',#2362,#2367,#2821,.T.);
#1762=EDGE_CURVE('',#2365,#2358,#2822,.T.);
#1763=EDGE_CURVE('',#2360,#2366,#2823,.T.);
#1764=EDGE_CURVE('',#2384,#2384,#56,.T.);
#1765=EDGE_CURVE('',#2385,#2385,#57,.T.);
#1766=EDGE_CURVE('',#2386,#2386,#58,.T.);
#1767=EDGE_CURVE('',#2387,#2387,#59,.T.);
#1768=EDGE_CURVE('',#2388,#2389,#2824,.T.);
#1769=EDGE_CURVE('',#2388,#2390,#2825,.T.);
#1770=EDGE_CURVE('',#2390,#2391,#2826,.T.);
#1771=EDGE_CURVE('',#2389,#2391,#2827,.T.);
#1772=EDGE_CURVE('',#2392,#2393,#2828,.T.);
#1773=EDGE_CURVE('',#2392,#2388,#60,.F.);
#1774=EDGE_CURVE('',#2389,#2393,#61,.T.);
#1775=EDGE_CURVE('',#2394,#2395,#2829,.T.);
#1776=EDGE_CURVE('',#2394,#2392,#2830,.T.);
#1777=EDGE_CURVE('',#2395,#2393,#2831,.T.);
#1778=EDGE_CURVE('',#2396,#2397,#2832,.T.);
#1779=EDGE_CURVE('',#2396,#2394,#62,.F.);
#1780=EDGE_CURVE('',#2395,#2397,#63,.T.);
#1781=EDGE_CURVE('',#2398,#2399,#2833,.T.);
#1782=EDGE_CURVE('',#2398,#2396,#2834,.T.);
#1783=EDGE_CURVE('',#2397,#2399,#2835,.T.);
#1784=EDGE_CURVE('',#2400,#2401,#2836,.T.);
#1785=EDGE_CURVE('',#2400,#2398,#64,.F.);
#1786=EDGE_CURVE('',#2399,#2401,#65,.T.);
#1787=EDGE_CURVE('',#2402,#2403,#2837,.T.);
#1788=EDGE_CURVE('',#2402,#2400,#2838,.T.);
#1789=EDGE_CURVE('',#2401,#2403,#2839,.T.);
#1790=EDGE_CURVE('',#2390,#2402,#66,.F.);
#1791=EDGE_CURVE('',#2403,#2391,#67,.T.);
#1792=EDGE_CURVE('',#2404,#2405,#2840,.T.);
#1793=EDGE_CURVE('',#2405,#2406,#68,.T.);
#1794=EDGE_CURVE('',#2406,#2407,#2841,.T.);
#1795=EDGE_CURVE('',#2407,#2408,#69,.T.);
#1796=EDGE_CURVE('',#2408,#2409,#2842,.T.);
#1797=EDGE_CURVE('',#2409,#2410,#70,.T.);
#1798=EDGE_CURVE('',#2410,#2411,#2843,.T.);
#1799=EDGE_CURVE('',#2411,#2404,#71,.T.);
#1800=EDGE_CURVE('',#2412,#2413,#72,.T.);
#1801=EDGE_CURVE('',#2412,#2414,#2844,.T.);
#1802=EDGE_CURVE('',#2414,#2415,#73,.T.);
#1803=EDGE_CURVE('',#2413,#2415,#2845,.T.);
#1804=EDGE_CURVE('',#2416,#2416,#74,.T.);
#1805=EDGE_CURVE('',#2417,#2417,#75,.T.);
#1806=EDGE_CURVE('',#2418,#2418,#76,.T.);
#1807=EDGE_CURVE('',#2419,#2419,#77,.T.);
#1808=EDGE_CURVE('',#2420,#2413,#2846,.T.);
#1809=EDGE_CURVE('',#2421,#2420,#78,.T.);
#1810=EDGE_CURVE('',#2421,#2412,#2847,.T.);
#1811=EDGE_CURVE('',#2422,#2415,#2848,.T.);
#1812=EDGE_CURVE('',#2420,#2422,#2849,.T.);
#1813=EDGE_CURVE('',#2423,#2414,#2850,.T.);
#1814=EDGE_CURVE('',#2423,#2422,#79,.T.);
#1815=EDGE_CURVE('',#2421,#2423,#2851,.T.);
#1816=EDGE_CURVE('',#2388,#2409,#2852,.T.);
#1817=EDGE_CURVE('',#2410,#2392,#2853,.T.);
#1818=EDGE_CURVE('',#2411,#2394,#2854,.T.);
#1819=EDGE_CURVE('',#2390,#2408,#2855,.T.);
#1820=EDGE_CURVE('',#2404,#2396,#2856,.T.);
#1821=EDGE_CURVE('',#2402,#2407,#2857,.T.);
#1822=EDGE_CURVE('',#2405,#2398,#2858,.T.);
#1823=EDGE_CURVE('',#2400,#2406,#2859,.T.);
#1824=EDGE_CURVE('',#2424,#2424,#80,.T.);
#1825=EDGE_CURVE('',#2425,#2425,#81,.T.);
#1826=EDGE_CURVE('',#2426,#2426,#82,.T.);
#1827=EDGE_CURVE('',#2427,#2427,#83,.T.);
#1828=EDGE_CURVE('',#2428,#2429,#2860,.T.);
#1829=EDGE_CURVE('',#2428,#2430,#2861,.T.);
#1830=EDGE_CURVE('',#2430,#2431,#2862,.T.);
#1831=EDGE_CURVE('',#2429,#2431,#2863,.T.);
#1832=EDGE_CURVE('',#2432,#2433,#2864,.T.);
#1833=EDGE_CURVE('',#2432,#2428,#84,.F.);
#1834=EDGE_CURVE('',#2429,#2433,#85,.T.);
#1835=EDGE_CURVE('',#2434,#2435,#2865,.T.);
#1836=EDGE_CURVE('',#2434,#2432,#2866,.T.);
#1837=EDGE_CURVE('',#2435,#2433,#2867,.T.);
#1838=EDGE_CURVE('',#2436,#2437,#2868,.T.);
#1839=EDGE_CURVE('',#2436,#2434,#86,.F.);
#1840=EDGE_CURVE('',#2435,#2437,#87,.T.);
#1841=EDGE_CURVE('',#2438,#2439,#2869,.T.);
#1842=EDGE_CURVE('',#2438,#2436,#2870,.T.);
#1843=EDGE_CURVE('',#2437,#2439,#2871,.T.);
#1844=EDGE_CURVE('',#2440,#2441,#2872,.T.);
#1845=EDGE_CURVE('',#2440,#2438,#88,.F.);
#1846=EDGE_CURVE('',#2439,#2441,#89,.T.);
#1847=EDGE_CURVE('',#2442,#2443,#2873,.T.);
#1848=EDGE_CURVE('',#2442,#2440,#2874,.T.);
#1849=EDGE_CURVE('',#2441,#2443,#2875,.T.);
#1850=EDGE_CURVE('',#2430,#2442,#90,.F.);
#1851=EDGE_CURVE('',#2443,#2431,#91,.T.);
#1852=EDGE_CURVE('',#2444,#2445,#2876,.T.);
#1853=EDGE_CURVE('',#2445,#2446,#92,.T.);
#1854=EDGE_CURVE('',#2446,#2447,#2877,.T.);
#1855=EDGE_CURVE('',#2447,#2448,#93,.T.);
#1856=EDGE_CURVE('',#2448,#2449,#2878,.T.);
#1857=EDGE_CURVE('',#2449,#2450,#94,.T.);
#1858=EDGE_CURVE('',#2450,#2451,#2879,.T.);
#1859=EDGE_CURVE('',#2451,#2444,#95,.T.);
#1860=EDGE_CURVE('',#2452,#2453,#96,.T.);
#1861=EDGE_CURVE('',#2452,#2454,#2880,.T.);
#1862=EDGE_CURVE('',#2454,#2455,#97,.T.);
#1863=EDGE_CURVE('',#2453,#2455,#2881,.T.);
#1864=EDGE_CURVE('',#2456,#2456,#98,.T.);
#1865=EDGE_CURVE('',#2457,#2457,#99,.T.);
#1866=EDGE_CURVE('',#2458,#2458,#100,.T.);
#1867=EDGE_CURVE('',#2459,#2459,#101,.T.);
#1868=EDGE_CURVE('',#2460,#2453,#2882,.T.);
#1869=EDGE_CURVE('',#2461,#2460,#102,.T.);
#1870=EDGE_CURVE('',#2461,#2452,#2883,.T.);
#1871=EDGE_CURVE('',#2462,#2455,#2884,.T.);
#1872=EDGE_CURVE('',#2460,#2462,#2885,.T.);
#1873=EDGE_CURVE('',#2463,#2454,#2886,.T.);
#1874=EDGE_CURVE('',#2463,#2462,#103,.T.);
#1875=EDGE_CURVE('',#2461,#2463,#2887,.T.);
#1876=EDGE_CURVE('',#2428,#2449,#2888,.T.);
#1877=EDGE_CURVE('',#2450,#2432,#2889,.T.);
#1878=EDGE_CURVE('',#2451,#2434,#2890,.T.);
#1879=EDGE_CURVE('',#2430,#2448,#2891,.T.);
#1880=EDGE_CURVE('',#2444,#2436,#2892,.T.);
#1881=EDGE_CURVE('',#2442,#2447,#2893,.T.);
#1882=EDGE_CURVE('',#2445,#2438,#2894,.T.);
#1883=EDGE_CURVE('',#2440,#2446,#2895,.T.);
#1884=EDGE_CURVE('',#2464,#2464,#104,.T.);
#1885=EDGE_CURVE('',#2465,#2465,#105,.T.);
#1886=EDGE_CURVE('',#2466,#2466,#106,.T.);
#1887=EDGE_CURVE('',#2467,#2467,#107,.T.);
#1888=EDGE_CURVE('',#2468,#2468,#108,.T.);
#1889=EDGE_CURVE('',#2469,#2470,#109,.F.);
#1890=EDGE_CURVE('',#2470,#2469,#110,.F.);
#1891=EDGE_CURVE('',#2471,#2471,#111,.T.);
#1892=EDGE_CURVE('',#2472,#2473,#112,.F.);
#1893=EDGE_CURVE('',#2473,#2472,#113,.F.);
#1894=EDGE_CURVE('',#2474,#2474,#114,.T.);
#1895=EDGE_CURVE('',#2475,#2476,#115,.F.);
#1896=EDGE_CURVE('',#2476,#2475,#116,.F.);
#1897=EDGE_CURVE('',#2477,#2477,#117,.T.);
#1898=EDGE_CURVE('',#2478,#2479,#118,.F.);
#1899=EDGE_CURVE('',#2479,#2478,#119,.F.);
#1900=EDGE_CURVE('',#2480,#2481,#120,.T.);
#1901=EDGE_CURVE('',#2481,#2480,#2896,.T.);
#1902=EDGE_CURVE('',#2482,#2483,#121,.T.);
#1903=EDGE_CURVE('',#2483,#2482,#2897,.T.);
#1904=EDGE_CURVE('',#2484,#2485,#122,.T.);
#1905=EDGE_CURVE('',#2485,#2484,#2898,.T.);
#1906=EDGE_CURVE('',#2486,#2487,#123,.T.);
#1907=EDGE_CURVE('',#2487,#2486,#2899,.T.);
#1908=EDGE_CURVE('',#2488,#2489,#124,.F.);
#1909=EDGE_CURVE('',#2489,#2488,#125,.F.);
#1910=EDGE_CURVE('',#2490,#2490,#126,.T.);
#1911=EDGE_CURVE('',#2491,#2491,#127,.T.);
#1912=EDGE_CURVE('',#2492,#2492,#128,.T.);
#1913=EDGE_CURVE('',#2493,#2494,#129,.F.);
#1914=EDGE_CURVE('',#2494,#2493,#130,.F.);
#1915=EDGE_CURVE('',#2495,#2495,#131,.T.);
#1916=EDGE_CURVE('',#2496,#2496,#132,.T.);
#1917=EDGE_CURVE('',#2497,#2497,#133,.T.);
#1918=EDGE_CURVE('',#2498,#2499,#2900,.T.);
#1919=EDGE_CURVE('',#2498,#2500,#2901,.T.);
#1920=EDGE_CURVE('',#2500,#2501,#2902,.T.);
#1921=EDGE_CURVE('',#2501,#2499,#2903,.T.);
#1922=EDGE_CURVE('',#2502,#2503,#2904,.T.);
#1923=EDGE_CURVE('',#2503,#2504,#2905,.F.);
#1924=EDGE_CURVE('',#2505,#2504,#2906,.T.);
#1925=EDGE_CURVE('',#2505,#2502,#2907,.F.);
#1926=EDGE_CURVE('',#2506,#2507,#2908,.T.);
#1927=EDGE_CURVE('',#2506,#2508,#2909,.F.);
#1928=EDGE_CURVE('',#2508,#2509,#2910,.T.);
#1929=EDGE_CURVE('',#2509,#2507,#2911,.T.);
#1930=EDGE_CURVE('',#2510,#2510,#134,.T.);
#1931=EDGE_CURVE('',#2511,#2511,#135,.T.);
#1932=EDGE_CURVE('',#2512,#2513,#2912,.T.);
#1933=EDGE_CURVE('',#2513,#2514,#136,.F.);
#1934=EDGE_CURVE('',#2515,#2514,#2913,.T.);
#1935=EDGE_CURVE('',#2515,#2498,#137,.T.);
#1936=EDGE_CURVE('',#2499,#2506,#138,.F.);
#1937=EDGE_CURVE('',#2507,#2503,#139,.F.);
#1938=EDGE_CURVE('',#2502,#2516,#140,.T.);
#1939=EDGE_CURVE('',#2516,#2517,#2914,.T.);
#1940=EDGE_CURVE('',#2517,#2518,#141,.F.);
#1941=EDGE_CURVE('',#2518,#2519,#2915,.T.);
#1942=EDGE_CURVE('',#2519,#2520,#142,.F.);
#1943=EDGE_CURVE('',#2521,#2520,#2916,.T.);
#1944=EDGE_CURVE('',#2521,#2522,#143,.T.);
#1945=EDGE_CURVE('',#2522,#2523,#2917,.T.);
#1946=EDGE_CURVE('',#2523,#2524,#144,.F.);
#1947=EDGE_CURVE('',#2524,#2525,#2918,.T.);
#1948=EDGE_CURVE('',#2525,#2526,#145,.F.);
#1949=EDGE_CURVE('',#2527,#2526,#2919,.T.);
#1950=EDGE_CURVE('',#2527,#2528,#146,.T.);
#1951=EDGE_CURVE('',#2528,#2529,#2920,.T.);
#1952=EDGE_CURVE('',#2529,#2512,#147,.F.);
#1953=EDGE_CURVE('',#2530,#2530,#148,.T.);
#1954=EDGE_CURVE('',#2531,#2531,#149,.T.);
#1955=EDGE_CURVE('',#2532,#2532,#150,.T.);
#1956=EDGE_CURVE('',#2533,#2533,#151,.T.);
#1957=EDGE_CURVE('',#2534,#2534,#152,.T.);
#1958=EDGE_CURVE('',#2535,#2535,#153,.T.);
#1959=EDGE_CURVE('',#2536,#2536,#154,.T.);
#1960=EDGE_CURVE('',#2537,#2537,#155,.T.);
#1961=EDGE_CURVE('',#2538,#2538,#156,.T.);
#1962=EDGE_CURVE('',#2539,#2539,#157,.T.);
#1963=EDGE_CURVE('',#2540,#2540,#158,.T.);
#1964=EDGE_CURVE('',#2541,#2541,#159,.T.);
#1965=EDGE_CURVE('',#2542,#2542,#160,.F.);
#1966=EDGE_CURVE('',#2543,#2543,#161,.F.);
#1967=EDGE_CURVE('',#2544,#2544,#162,.F.);
#1968=EDGE_CURVE('',#2545,#2545,#163,.F.);
#1969=EDGE_CURVE('',#2546,#2546,#164,.T.);
#1970=EDGE_CURVE('',#2547,#2547,#165,.T.);
#1971=EDGE_CURVE('',#2548,#2549,#166,.F.);
#1972=EDGE_CURVE('',#2549,#2548,#167,.F.);
#1973=EDGE_CURVE('',#2550,#2550,#168,.T.);
#1974=EDGE_CURVE('',#2551,#2551,#169,.T.);
#1975=EDGE_CURVE('',#2552,#2553,#170,.F.);
#1976=EDGE_CURVE('',#2553,#2552,#171,.F.);
#1977=EDGE_CURVE('',#2554,#2554,#172,.T.);
#1978=EDGE_CURVE('',#2555,#2555,#173,.T.);
#1979=EDGE_CURVE('',#2516,#2556,#2921,.T.);
#1980=EDGE_CURVE('',#2556,#2557,#2922,.T.);
#1981=EDGE_CURVE('',#2557,#2517,#2923,.T.);
#1982=EDGE_CURVE('',#2520,#2558,#2924,.F.);
#1983=EDGE_CURVE('',#2559,#2558,#2925,.T.);
#1984=EDGE_CURVE('',#2559,#2521,#2926,.F.);
#1985=EDGE_CURVE('',#2518,#2560,#2927,.F.);
#1986=EDGE_CURVE('',#2560,#2561,#2928,.T.);
#1987=EDGE_CURVE('',#2561,#2519,#2929,.T.);
#1988=EDGE_CURVE('',#2562,#2562,#174,.T.);
#1989=EDGE_CURVE('',#2563,#2563,#175,.T.);
#1990=EDGE_CURVE('',#2564,#2565,#176,.F.);
#1991=EDGE_CURVE('',#2565,#2564,#177,.F.);
#1992=EDGE_CURVE('',#2566,#2566,#178,.T.);
#1993=EDGE_CURVE('',#2567,#2567,#179,.T.);
#1994=EDGE_CURVE('',#2568,#2569,#180,.F.);
#1995=EDGE_CURVE('',#2569,#2568,#181,.F.);
#1996=EDGE_CURVE('',#2570,#2570,#182,.T.);
#1997=EDGE_CURVE('',#2571,#2571,#183,.T.);
#1998=EDGE_CURVE('',#2522,#2572,#2930,.T.);
#1999=EDGE_CURVE('',#2572,#2573,#2931,.T.);
#2000=EDGE_CURVE('',#2573,#2523,#2932,.T.);
#2001=EDGE_CURVE('',#2526,#2574,#2933,.F.);
#2002=EDGE_CURVE('',#2575,#2574,#2934,.T.);
#2003=EDGE_CURVE('',#2575,#2527,#2935,.F.);
#2004=EDGE_CURVE('',#2524,#2576,#2936,.F.);
#2005=EDGE_CURVE('',#2576,#2577,#2937,.T.);
#2006=EDGE_CURVE('',#2577,#2525,#2938,.T.);
#2007=EDGE_CURVE('',#2578,#2578,#184,.T.);
#2008=EDGE_CURVE('',#2579,#2579,#185,.T.);
#2009=EDGE_CURVE('',#2580,#2581,#186,.F.);
#2010=EDGE_CURVE('',#2581,#2580,#187,.F.);
#2011=EDGE_CURVE('',#2582,#2582,#188,.T.);
#2012=EDGE_CURVE('',#2583,#2583,#189,.T.);
#2013=EDGE_CURVE('',#2584,#2585,#190,.F.);
#2014=EDGE_CURVE('',#2585,#2584,#191,.F.);
#2015=EDGE_CURVE('',#2586,#2587,#192,.F.);
#2016=EDGE_CURVE('',#2587,#2586,#193,.F.);
#2017=EDGE_CURVE('',#2588,#2588,#194,.T.);
#2018=EDGE_CURVE('',#2589,#2589,#195,.T.);
#2019=EDGE_CURVE('',#2590,#2591,#196,.F.);
#2020=EDGE_CURVE('',#2591,#2590,#197,.F.);
#2021=EDGE_CURVE('',#2592,#2592,#198,.T.);
#2022=EDGE_CURVE('',#2593,#2593,#199,.T.);
#2023=EDGE_CURVE('',#2594,#2595,#2939,.T.);
#2024=EDGE_CURVE('',#2595,#2529,#2940,.T.);
#2025=EDGE_CURVE('',#2528,#2594,#2941,.T.);
#2026=EDGE_CURVE('',#2514,#2596,#2942,.F.);
#2027=EDGE_CURVE('',#2597,#2596,#2943,.T.);
#2028=EDGE_CURVE('',#2597,#2515,#2944,.F.);
#2029=EDGE_CURVE('',#2598,#2599,#2945,.T.);
#2030=EDGE_CURVE('',#2599,#2513,#2946,.T.);
#2031=EDGE_CURVE('',#2512,#2598,#2947,.F.);
#2032=EDGE_CURVE('',#2600,#2600,#200,.T.);
#2033=EDGE_CURVE('',#2601,#2601,#201,.T.);
#2034=EDGE_CURVE('',#2602,#2603,#202,.F.);
#2035=EDGE_CURVE('',#2603,#2602,#203,.F.);
#2036=EDGE_CURVE('',#2604,#2604,#204,.T.);
#2037=EDGE_CURVE('',#2605,#2605,#205,.T.);
#2038=EDGE_CURVE('',#2606,#2607,#206,.F.);
#2039=EDGE_CURVE('',#2607,#2606,#207,.F.);
#2040=EDGE_CURVE('',#2608,#2608,#208,.T.);
#2041=EDGE_CURVE('',#2609,#2609,#209,.T.);
#2042=EDGE_CURVE('',#2610,#2610,#210,.T.);
#2043=EDGE_CURVE('',#2611,#2611,#211,.T.);
#2044=EDGE_CURVE('',#2612,#2612,#212,.T.);
#2045=EDGE_CURVE('',#2613,#2613,#213,.T.);
#2046=EDGE_CURVE('',#2614,#2614,#214,.T.);
#2047=EDGE_CURVE('',#2615,#2615,#215,.T.);
#2048=EDGE_CURVE('',#2616,#2616,#216,.T.);
#2049=EDGE_CURVE('',#2617,#2617,#217,.T.);
#2050=EDGE_CURVE('',#2618,#2618,#218,.T.);
#2051=EDGE_CURVE('',#2619,#2619,#219,.T.);
#2052=EDGE_CURVE('',#2620,#2620,#220,.T.);
#2053=EDGE_CURVE('',#2621,#2621,#221,.T.);
#2054=EDGE_CURVE('',#2622,#2622,#222,.T.);
#2055=EDGE_CURVE('',#2623,#2623,#223,.T.);
#2056=EDGE_CURVE('',#2624,#2624,#224,.T.);
#2057=EDGE_CURVE('',#2625,#2625,#225,.T.);
#2058=EDGE_CURVE('',#2626,#2626,#226,.T.);
#2059=EDGE_CURVE('',#2627,#2627,#227,.T.);
#2060=EDGE_CURVE('',#2596,#2599,#228,.T.);
#2061=EDGE_CURVE('',#2598,#2595,#229,.T.);
#2062=EDGE_CURVE('',#2594,#2575,#230,.F.);
#2063=EDGE_CURVE('',#2574,#2577,#231,.T.);
#2064=EDGE_CURVE('',#2576,#2573,#232,.T.);
#2065=EDGE_CURVE('',#2572,#2559,#233,.F.);
#2066=EDGE_CURVE('',#2558,#2561,#234,.T.);
#2067=EDGE_CURVE('',#2560,#2557,#235,.T.);
#2068=EDGE_CURVE('',#2556,#2505,#236,.F.);
#2069=EDGE_CURVE('',#2504,#2509,#237,.T.);
#2070=EDGE_CURVE('',#2508,#2501,#238,.T.);
#2071=EDGE_CURVE('',#2500,#2597,#239,.F.);
#2072=EDGE_CURVE('',#2628,#2629,#2948,.T.);
#2073=EDGE_CURVE('',#2628,#2629,#240,.T.);
#2074=EDGE_CURVE('',#2630,#2628,#2949,.T.);
#2075=EDGE_CURVE('',#2631,#2630,#241,.T.);
#2076=EDGE_CURVE('',#2631,#2481,#2950,.T.);
#2077=EDGE_CURVE('',#2632,#2480,#2951,.T.);
#2078=EDGE_CURVE('',#2633,#2632,#242,.T.);
#2079=EDGE_CURVE('',#2633,#2629,#2952,.T.);
#2080=EDGE_CURVE('',#2634,#2635,#2953,.T.);
#2081=EDGE_CURVE('',#2634,#2635,#243,.T.);
#2082=EDGE_CURVE('',#2636,#2482,#2954,.T.);
#2083=EDGE_CURVE('',#2637,#2636,#244,.T.);
#2084=EDGE_CURVE('',#2637,#2635,#2955,.T.);
#2085=EDGE_CURVE('',#2638,#2634,#2956,.T.);
#2086=EDGE_CURVE('',#2639,#2638,#245,.T.);
#2087=EDGE_CURVE('',#2639,#2483,#2957,.T.);
#2088=EDGE_CURVE('',#2640,#2641,#2958,.T.);
#2089=EDGE_CURVE('',#2640,#2641,#246,.T.);
#2090=EDGE_CURVE('',#2642,#2484,#2959,.T.);
#2091=EDGE_CURVE('',#2643,#2642,#247,.T.);
#2092=EDGE_CURVE('',#2643,#2641,#2960,.T.);
#2093=EDGE_CURVE('',#2644,#2640,#2961,.T.);
#2094=EDGE_CURVE('',#2645,#2644,#248,.T.);
#2095=EDGE_CURVE('',#2645,#2485,#2962,.T.);
#2096=EDGE_CURVE('',#2646,#2647,#2963,.T.);
#2097=EDGE_CURVE('',#2646,#2647,#249,.T.);
#2098=EDGE_CURVE('',#2648,#2646,#2964,.T.);
#2099=EDGE_CURVE('',#2649,#2648,#250,.T.);
#2100=EDGE_CURVE('',#2649,#2487,#2965,.T.);
#2101=EDGE_CURVE('',#2650,#2486,#2966,.T.);
#2102=EDGE_CURVE('',#2651,#2650,#251,.T.);
#2103=EDGE_CURVE('',#2651,#2647,#2967,.T.);
#2104=EDGE_CURVE('',#2639,#2479,#2968,.T.);
#2105=EDGE_CURVE('',#2479,#2636,#2969,.T.);
#2106=EDGE_CURVE('',#2478,#2637,#2970,.T.);
#2107=EDGE_CURVE('',#2638,#2478,#2971,.T.);
#2108=EDGE_CURVE('',#2649,#2475,#2972,.T.);
#2109=EDGE_CURVE('',#2475,#2650,#2973,.T.);
#2110=EDGE_CURVE('',#2476,#2651,#2974,.T.);
#2111=EDGE_CURVE('',#2648,#2476,#2975,.T.);
#2112=EDGE_CURVE('',#2645,#2473,#2976,.T.);
#2113=EDGE_CURVE('',#2473,#2642,#2977,.T.);
#2114=EDGE_CURVE('',#2472,#2643,#2978,.T.);
#2115=EDGE_CURVE('',#2644,#2472,#2979,.T.);
#2116=EDGE_CURVE('',#2631,#2469,#2980,.T.);
#2117=EDGE_CURVE('',#2469,#2632,#2981,.T.);
#2118=EDGE_CURVE('',#2470,#2633,#2982,.T.);
#2119=EDGE_CURVE('',#2630,#2470,#2983,.T.);
#2120=EDGE_CURVE('',#2565,#2652,#2984,.T.);
#2121=EDGE_CURVE('',#2653,#2565,#2985,.T.);
#2122=EDGE_CURVE('',#2653,#2654,#2986,.T.);
#2123=EDGE_CURVE('',#2654,#2655,#2987,.T.);
#2124=EDGE_CURVE('',#2652,#2655,#2988,.T.);
#2125=EDGE_CURVE('',#2656,#2657,#2989,.T.);
#2126=EDGE_CURVE('',#2658,#2657,#2990,.T.);
#2127=EDGE_CURVE('',#2659,#2658,#2991,.T.);
#2128=EDGE_CURVE('',#2659,#2564,#2992,.T.);
#2129=EDGE_CURVE('',#2564,#2656,#2993,.T.);
#2130=EDGE_CURVE('',#2657,#2658,#252,.T.);
#2131=EDGE_CURVE('',#2654,#2655,#253,.T.);
#2132=EDGE_CURVE('',#2659,#2653,#254,.T.);
#2133=EDGE_CURVE('',#2652,#2656,#255,.T.);
#2134=EDGE_CURVE('',#2660,#2661,#2994,.T.);
#2135=EDGE_CURVE('',#2660,#2661,#256,.T.);
#2136=EDGE_CURVE('',#2585,#2662,#2995,.T.);
#2137=EDGE_CURVE('',#2663,#2585,#2996,.T.);
#2138=EDGE_CURVE('',#2663,#2660,#2997,.T.);
#2139=EDGE_CURVE('',#2662,#2661,#2998,.T.);
#2140=EDGE_CURVE('',#2664,#2665,#2999,.T.);
#2141=EDGE_CURVE('',#2666,#2665,#3000,.T.);
#2142=EDGE_CURVE('',#2667,#2666,#3001,.T.);
#2143=EDGE_CURVE('',#2667,#2584,#3002,.T.);
#2144=EDGE_CURVE('',#2584,#2664,#3003,.T.);
#2145=EDGE_CURVE('',#2665,#2666,#257,.T.);
#2146=EDGE_CURVE('',#2662,#2664,#258,.T.);
#2147=EDGE_CURVE('',#2667,#2663,#259,.T.);
#2148=EDGE_CURVE('',#2668,#2669,#3004,.T.);
#2149=EDGE_CURVE('',#2668,#2669,#260,.T.);
#2150=EDGE_CURVE('',#2569,#2670,#3005,.T.);
#2151=EDGE_CURVE('',#2671,#2569,#3006,.T.);
#2152=EDGE_CURVE('',#2671,#2668,#3007,.T.);
#2153=EDGE_CURVE('',#2670,#2669,#3008,.T.);
#2154=EDGE_CURVE('',#2672,#2673,#3009,.T.);
#2155=EDGE_CURVE('',#2674,#2673,#3010,.T.);
#2156=EDGE_CURVE('',#2675,#2674,#3011,.T.);
#2157=EDGE_CURVE('',#2675,#2568,#3012,.T.);
#2158=EDGE_CURVE('',#2568,#2672,#3013,.T.);
#2159=EDGE_CURVE('',#2673,#2674,#261,.T.);
#2160=EDGE_CURVE('',#2670,#2672,#262,.T.);
#2161=EDGE_CURVE('',#2675,#2671,#263,.T.);
#2162=EDGE_CURVE('',#2580,#2676,#3014,.T.);
#2163=EDGE_CURVE('',#2677,#2580,#3015,.T.);
#2164=EDGE_CURVE('',#2677,#2678,#3016,.T.);
#2165=EDGE_CURVE('',#2678,#2679,#3017,.T.);
#2166=EDGE_CURVE('',#2676,#2679,#3018,.T.);
#2167=EDGE_CURVE('',#2680,#2681,#3019,.T.);
#2168=EDGE_CURVE('',#2682,#2681,#3020,.T.);
#2169=EDGE_CURVE('',#2683,#2682,#3021,.T.);
#2170=EDGE_CURVE('',#2683,#2581,#3022,.T.);
#2171=EDGE_CURVE('',#2581,#2680,#3023,.T.);
#2172=EDGE_CURVE('',#2681,#2682,#264,.T.);
#2173=EDGE_CURVE('',#2678,#2679,#265,.T.);
#2174=EDGE_CURVE('',#2683,#2677,#266,.T.);
#2175=EDGE_CURVE('',#2676,#2680,#267,.T.);
#2176=EDGE_CURVE('',#2603,#2684,#3024,.T.);
#2177=EDGE_CURVE('',#2685,#2603,#3025,.T.);
#2178=EDGE_CURVE('',#2685,#2686,#3026,.T.);
#2179=EDGE_CURVE('',#2686,#2687,#3027,.T.);
#2180=EDGE_CURVE('',#2684,#2687,#3028,.T.);
#2181=EDGE_CURVE('',#2688,#2689,#3029,.T.);
#2182=EDGE_CURVE('',#2690,#2689,#3030,.T.);
#2183=EDGE_CURVE('',#2691,#2690,#3031,.T.);
#2184=EDGE_CURVE('',#2691,#2602,#3032,.T.);
#2185=EDGE_CURVE('',#2602,#2688,#3033,.T.);
#2186=EDGE_CURVE('',#2689,#2690,#268,.T.);
#2187=EDGE_CURVE('',#2686,#2687,#269,.T.);
#2188=EDGE_CURVE('',#2691,#2685,#270,.T.);
#2189=EDGE_CURVE('',#2684,#2688,#271,.T.);
#2190=EDGE_CURVE('',#2692,#2693,#3034,.T.);
#2191=EDGE_CURVE('',#2692,#2693,#272,.T.);
#2192=EDGE_CURVE('',#2590,#2694,#3035,.T.);
#2193=EDGE_CURVE('',#2695,#2590,#3036,.T.);
#2194=EDGE_CURVE('',#2695,#2692,#3037,.T.);
#2195=EDGE_CURVE('',#2694,#2693,#3038,.T.);
#2196=EDGE_CURVE('',#2696,#2697,#3039,.T.);
#2197=EDGE_CURVE('',#2698,#2697,#3040,.T.);
#2198=EDGE_CURVE('',#2699,#2698,#3041,.T.);
#2199=EDGE_CURVE('',#2699,#2591,#3042,.T.);
#2200=EDGE_CURVE('',#2591,#2696,#3043,.T.);
#2201=EDGE_CURVE('',#2697,#2698,#273,.T.);
#2202=EDGE_CURVE('',#2694,#2696,#274,.T.);
#2203=EDGE_CURVE('',#2699,#2695,#275,.T.);
#2204=EDGE_CURVE('',#2700,#2701,#3044,.T.);
#2205=EDGE_CURVE('',#2700,#2701,#276,.T.);
#2206=EDGE_CURVE('',#2606,#2702,#3045,.T.);
#2207=EDGE_CURVE('',#2703,#2606,#3046,.T.);
#2208=EDGE_CURVE('',#2703,#2700,#3047,.T.);
#2209=EDGE_CURVE('',#2702,#2701,#3048,.T.);
#2210=EDGE_CURVE('',#2704,#2705,#3049,.T.);
#2211=EDGE_CURVE('',#2706,#2705,#3050,.T.);
#2212=EDGE_CURVE('',#2707,#2706,#3051,.T.);
#2213=EDGE_CURVE('',#2707,#2607,#3052,.T.);
#2214=EDGE_CURVE('',#2607,#2704,#3053,.T.);
#2215=EDGE_CURVE('',#2705,#2706,#277,.T.);
#2216=EDGE_CURVE('',#2702,#2704,#278,.T.);
#2217=EDGE_CURVE('',#2707,#2703,#279,.T.);
#2218=EDGE_CURVE('',#2586,#2708,#3054,.T.);
#2219=EDGE_CURVE('',#2709,#2586,#3055,.T.);
#2220=EDGE_CURVE('',#2709,#2710,#3056,.T.);
#2221=EDGE_CURVE('',#2710,#2711,#3057,.T.);
#2222=EDGE_CURVE('',#2708,#2711,#3058,.T.);
#2223=EDGE_CURVE('',#2712,#2713,#3059,.T.);
#2224=EDGE_CURVE('',#2714,#2713,#3060,.T.);
#2225=EDGE_CURVE('',#2715,#2714,#3061,.T.);
#2226=EDGE_CURVE('',#2715,#2587,#3062,.T.);
#2227=EDGE_CURVE('',#2587,#2712,#3063,.T.);
#2228=EDGE_CURVE('',#2713,#2714,#280,.T.);
#2229=EDGE_CURVE('',#2710,#2711,#281,.T.);
#2230=EDGE_CURVE('',#2715,#2709,#282,.T.);
#2231=EDGE_CURVE('',#2708,#2712,#283,.T.);
#2232=EDGE_CURVE('',#2549,#2716,#3064,.T.);
#2233=EDGE_CURVE('',#2717,#2549,#3065,.T.);
#2234=EDGE_CURVE('',#2717,#2718,#3066,.T.);
#2235=EDGE_CURVE('',#2718,#2719,#3067,.T.);
#2236=EDGE_CURVE('',#2716,#2719,#3068,.T.);
#2237=EDGE_CURVE('',#2720,#2721,#3069,.T.);
#2238=EDGE_CURVE('',#2722,#2721,#3070,.T.);
#2239=EDGE_CURVE('',#2723,#2722,#3071,.T.);
#2240=EDGE_CURVE('',#2723,#2548,#3072,.T.);
#2241=EDGE_CURVE('',#2548,#2720,#3073,.T.);
#2242=EDGE_CURVE('',#2721,#2722,#284,.T.);
#2243=EDGE_CURVE('',#2718,#2719,#285,.T.);
#2244=EDGE_CURVE('',#2723,#2717,#286,.T.);
#2245=EDGE_CURVE('',#2716,#2720,#287,.T.);
#2246=EDGE_CURVE('',#2724,#2725,#3074,.T.);
#2247=EDGE_CURVE('',#2724,#2725,#288,.T.);
#2248=EDGE_CURVE('',#2493,#2726,#3075,.T.);
#2249=EDGE_CURVE('',#2727,#2493,#3076,.T.);
#2250=EDGE_CURVE('',#2727,#2724,#3077,.T.);
#2251=EDGE_CURVE('',#2726,#2725,#3078,.T.);
#2252=EDGE_CURVE('',#2728,#2729,#3079,.T.);
#2253=EDGE_CURVE('',#2730,#2729,#3080,.T.);
#2254=EDGE_CURVE('',#2731,#2730,#3081,.T.);
#2255=EDGE_CURVE('',#2731,#2494,#3082,.T.);
#2256=EDGE_CURVE('',#2494,#2728,#3083,.T.);
#2257=EDGE_CURVE('',#2729,#2730,#289,.T.);
#2258=EDGE_CURVE('',#2726,#2728,#290,.T.);
#2259=EDGE_CURVE('',#2731,#2727,#291,.T.);
#2260=EDGE_CURVE('',#2732,#2733,#3084,.T.);
#2261=EDGE_CURVE('',#2732,#2733,#292,.T.);
#2262=EDGE_CURVE('',#2552,#2734,#3085,.T.);
#2263=EDGE_CURVE('',#2735,#2552,#3086,.T.);
#2264=EDGE_CURVE('',#2735,#2732,#3087,.T.);
#2265=EDGE_CURVE('',#2734,#2733,#3088,.T.);
#2266=EDGE_CURVE('',#2736,#2737,#3089,.T.);
#2267=EDGE_CURVE('',#2738,#2737,#3090,.T.);
#2268=EDGE_CURVE('',#2739,#2738,#3091,.T.);
#2269=EDGE_CURVE('',#2739,#2553,#3092,.T.);
#2270=EDGE_CURVE('',#2553,#2736,#3093,.T.);
#2271=EDGE_CURVE('',#2737,#2738,#293,.T.);
#2272=EDGE_CURVE('',#2734,#2736,#294,.T.);
#2273=EDGE_CURVE('',#2739,#2735,#295,.T.);
#2274=EDGE_CURVE('',#2740,#2741,#3094,.T.);
#2275=EDGE_CURVE('',#2742,#2741,#3095,.T.);
#2276=EDGE_CURVE('',#2743,#2742,#3096,.T.);
#2277=EDGE_CURVE('',#2743,#2488,#3097,.T.);
#2278=EDGE_CURVE('',#2488,#2740,#3098,.T.);
#2279=EDGE_CURVE('',#2489,#2744,#3099,.T.);
#2280=EDGE_CURVE('',#2745,#2489,#3100,.T.);
#2281=EDGE_CURVE('',#2745,#2746,#3101,.T.);
#2282=EDGE_CURVE('',#2746,#2747,#3102,.T.);
#2283=EDGE_CURVE('',#2744,#2747,#3103,.T.);
#2284=EDGE_CURVE('',#2741,#2742,#296,.T.);
#2285=EDGE_CURVE('',#2746,#2747,#297,.T.);
#2286=EDGE_CURVE('',#2743,#2745,#298,.T.);
#2287=EDGE_CURVE('',#2744,#2740,#299,.T.);
#2288=EDGE_CURVE('',#2748,#2749,#3104,.T.);
#2289=EDGE_CURVE('',#2748,#2750,#3105,.T.);
#2290=EDGE_CURVE('',#2750,#2751,#3106,.T.);
#2291=EDGE_CURVE('',#2749,#2751,#3107,.T.);
#2292=EDGE_CURVE('',#2752,#2753,#3108,.T.);
#2293=EDGE_CURVE('',#2752,#2748,#300,.F.);
#2294=EDGE_CURVE('',#2749,#2753,#301,.T.);
#2295=EDGE_CURVE('',#2754,#2755,#3109,.T.);
#2296=EDGE_CURVE('',#2754,#2752,#3110,.T.);
#2297=EDGE_CURVE('',#2755,#2753,#3111,.T.);
#2298=EDGE_CURVE('',#2756,#2757,#3112,.T.);
#2299=EDGE_CURVE('',#2756,#2754,#302,.F.);
#2300=EDGE_CURVE('',#2755,#2757,#303,.T.);
#2301=EDGE_CURVE('',#2758,#2759,#3113,.T.);
#2302=EDGE_CURVE('',#2758,#2756,#3114,.T.);
#2303=EDGE_CURVE('',#2757,#2759,#3115,.T.);
#2304=EDGE_CURVE('',#2760,#2761,#3116,.T.);
#2305=EDGE_CURVE('',#2760,#2758,#304,.F.);
#2306=EDGE_CURVE('',#2759,#2761,#305,.T.);
#2307=EDGE_CURVE('',#2762,#2763,#3117,.T.);
#2308=EDGE_CURVE('',#2762,#2760,#3118,.T.);
#2309=EDGE_CURVE('',#2761,#2763,#3119,.T.);
#2310=EDGE_CURVE('',#2750,#2762,#306,.F.);
#2311=EDGE_CURVE('',#2763,#2751,#307,.T.);
#2312=EDGE_CURVE('',#2764,#2765,#3120,.T.);
#2313=EDGE_CURVE('',#2765,#2766,#308,.T.);
#2314=EDGE_CURVE('',#2766,#2767,#3121,.T.);
#2315=EDGE_CURVE('',#2767,#2768,#309,.T.);
#2316=EDGE_CURVE('',#2768,#2769,#3122,.T.);
#2317=EDGE_CURVE('',#2769,#2770,#310,.T.);
#2318=EDGE_CURVE('',#2770,#2771,#3123,.T.);
#2319=EDGE_CURVE('',#2771,#2764,#311,.T.);
#2320=EDGE_CURVE('',#2772,#2773,#312,.T.);
#2321=EDGE_CURVE('',#2772,#2774,#3124,.T.);
#2322=EDGE_CURVE('',#2774,#2775,#313,.T.);
#2323=EDGE_CURVE('',#2773,#2775,#3125,.T.);
#2324=EDGE_CURVE('',#2776,#2776,#314,.T.);
#2325=EDGE_CURVE('',#2777,#2777,#315,.T.);
#2326=EDGE_CURVE('',#2778,#2778,#316,.T.);
#2327=EDGE_CURVE('',#2779,#2779,#317,.T.);
#2328=EDGE_CURVE('',#2780,#2773,#3126,.T.);
#2329=EDGE_CURVE('',#2781,#2780,#318,.T.);
#2330=EDGE_CURVE('',#2781,#2772,#3127,.T.);
#2331=EDGE_CURVE('',#2782,#2775,#3128,.T.);
#2332=EDGE_CURVE('',#2780,#2782,#3129,.T.);
#2333=EDGE_CURVE('',#2783,#2774,#3130,.T.);
#2334=EDGE_CURVE('',#2783,#2782,#319,.T.);
#2335=EDGE_CURVE('',#2781,#2783,#3131,.T.);
#2336=EDGE_CURVE('',#2748,#2769,#3132,.T.);
#2337=EDGE_CURVE('',#2770,#2752,#3133,.T.);
#2338=EDGE_CURVE('',#2771,#2754,#3134,.T.);
#2339=EDGE_CURVE('',#2750,#2768,#3135,.T.);
#2340=EDGE_CURVE('',#2764,#2756,#3136,.T.);
#2341=EDGE_CURVE('',#2762,#2767,#3137,.T.);
#2342=EDGE_CURVE('',#2765,#2758,#3138,.T.);
#2343=EDGE_CURVE('',#2760,#2766,#3139,.T.);
#2344=EDGE_CURVE('',#2784,#2784,#320,.T.);
#2345=EDGE_CURVE('',#2785,#2785,#321,.T.);
#2346=EDGE_CURVE('',#2786,#2786,#322,.T.);
#2347=EDGE_CURVE('',#2787,#2787,#323,.T.);
#2348=VERTEX_POINT('',#7149);
#2349=VERTEX_POINT('',#7150);
#2350=VERTEX_POINT('',#7152);
#2351=VERTEX_POINT('',#7154);
#2352=VERTEX_POINT('',#7158);
#2353=VERTEX_POINT('',#7159);
#2354=VERTEX_POINT('',#7164);
#2355=VERTEX_POINT('',#7165);
#2356=VERTEX_POINT('',#7170);
#2357=VERTEX_POINT('',#7171);
#2358=VERTEX_POINT('',#7176);
#2359=VERTEX_POINT('',#7177);
#2360=VERTEX_POINT('',#7182);
#2361=VERTEX_POINT('',#7183);
#2362=VERTEX_POINT('',#7188);
#2363=VERTEX_POINT('',#7189);
#2364=VERTEX_POINT('',#7197);
#2365=VERTEX_POINT('',#7198);
#2366=VERTEX_POINT('',#7200);
#2367=VERTEX_POINT('',#7202);
#2368=VERTEX_POINT('',#7204);
#2369=VERTEX_POINT('',#7206);
#2370=VERTEX_POINT('',#7208);
#2371=VERTEX_POINT('',#7210);
#2372=VERTEX_POINT('',#7213);
#2373=VERTEX_POINT('',#7214);
#2374=VERTEX_POINT('',#7216);
#2375=VERTEX_POINT('',#7218);
#2376=VERTEX_POINT('',#7222);
#2377=VERTEX_POINT('',#7224);
#2378=VERTEX_POINT('',#7226);
#2379=VERTEX_POINT('',#7228);
#2380=VERTEX_POINT('',#7231);
#2381=VERTEX_POINT('',#7233);
#2382=VERTEX_POINT('',#7237);
#2383=VERTEX_POINT('',#7241);
#2384=VERTEX_POINT('',#7264);
#2385=VERTEX_POINT('',#7268);
#2386=VERTEX_POINT('',#7272);
#2387=VERTEX_POINT('',#7276);
#2388=VERTEX_POINT('',#7281);
#2389=VERTEX_POINT('',#7282);
#2390=VERTEX_POINT('',#7284);
#2391=VERTEX_POINT('',#7286);
#2392=VERTEX_POINT('',#7290);
#2393=VERTEX_POINT('',#7291);
#2394=VERTEX_POINT('',#7296);
#2395=VERTEX_POINT('',#7297);
#2396=VERTEX_POINT('',#7302);
#2397=VERTEX_POINT('',#7303);
#2398=VERTEX_POINT('',#7308);
#2399=VERTEX_POINT('',#7309);
#2400=VERTEX_POINT('',#7314);
#2401=VERTEX_POINT('',#7315);
#2402=VERTEX_POINT('',#7320);
#2403=VERTEX_POINT('',#7321);
#2404=VERTEX_POINT('',#7329);
#2405=VERTEX_POINT('',#7330);
#2406=VERTEX_POINT('',#7332);
#2407=VERTEX_POINT('',#7334);
#2408=VERTEX_POINT('',#7336);
#2409=VERTEX_POINT('',#7338);
#2410=VERTEX_POINT('',#7340);
#2411=VERTEX_POINT('',#7342);
#2412=VERTEX_POINT('',#7345);
#2413=VERTEX_POINT('',#7346);
#2414=VERTEX_POINT('',#7348);
#2415=VERTEX_POINT('',#7350);
#2416=VERTEX_POINT('',#7354);
#2417=VERTEX_POINT('',#7356);
#2418=VERTEX_POINT('',#7358);
#2419=VERTEX_POINT('',#7360);
#2420=VERTEX_POINT('',#7363);
#2421=VERTEX_POINT('',#7365);
#2422=VERTEX_POINT('',#7369);
#2423=VERTEX_POINT('',#7373);
#2424=VERTEX_POINT('',#7396);
#2425=VERTEX_POINT('',#7400);
#2426=VERTEX_POINT('',#7404);
#2427=VERTEX_POINT('',#7408);
#2428=VERTEX_POINT('',#7413);
#2429=VERTEX_POINT('',#7414);
#2430=VERTEX_POINT('',#7416);
#2431=VERTEX_POINT('',#7418);
#2432=VERTEX_POINT('',#7422);
#2433=VERTEX_POINT('',#7423);
#2434=VERTEX_POINT('',#7428);
#2435=VERTEX_POINT('',#7429);
#2436=VERTEX_POINT('',#7434);
#2437=VERTEX_POINT('',#7435);
#2438=VERTEX_POINT('',#7440);
#2439=VERTEX_POINT('',#7441);
#2440=VERTEX_POINT('',#7446);
#2441=VERTEX_POINT('',#7447);
#2442=VERTEX_POINT('',#7452);
#2443=VERTEX_POINT('',#7453);
#2444=VERTEX_POINT('',#7461);
#2445=VERTEX_POINT('',#7462);
#2446=VERTEX_POINT('',#7464);
#2447=VERTEX_POINT('',#7466);
#2448=VERTEX_POINT('',#7468);
#2449=VERTEX_POINT('',#7470);
#2450=VERTEX_POINT('',#7472);
#2451=VERTEX_POINT('',#7474);
#2452=VERTEX_POINT('',#7477);
#2453=VERTEX_POINT('',#7478);
#2454=VERTEX_POINT('',#7480);
#2455=VERTEX_POINT('',#7482);
#2456=VERTEX_POINT('',#7486);
#2457=VERTEX_POINT('',#7488);
#2458=VERTEX_POINT('',#7490);
#2459=VERTEX_POINT('',#7492);
#2460=VERTEX_POINT('',#7495);
#2461=VERTEX_POINT('',#7497);
#2462=VERTEX_POINT('',#7501);
#2463=VERTEX_POINT('',#7505);
#2464=VERTEX_POINT('',#7528);
#2465=VERTEX_POINT('',#7532);
#2466=VERTEX_POINT('',#7536);
#2467=VERTEX_POINT('',#7540);
#2468=VERTEX_POINT('',#7545);
#2469=VERTEX_POINT('',#7547);
#2470=VERTEX_POINT('',#7548);
#2471=VERTEX_POINT('',#7552);
#2472=VERTEX_POINT('',#7554);
#2473=VERTEX_POINT('',#7555);
#2474=VERTEX_POINT('',#7559);
#2475=VERTEX_POINT('',#7561);
#2476=VERTEX_POINT('',#7562);
#2477=VERTEX_POINT('',#7566);
#2478=VERTEX_POINT('',#7568);
#2479=VERTEX_POINT('',#7569);
#2480=VERTEX_POINT('',#7573);
#2481=VERTEX_POINT('',#7574);
#2482=VERTEX_POINT('',#7578);
#2483=VERTEX_POINT('',#7579);
#2484=VERTEX_POINT('',#7583);
#2485=VERTEX_POINT('',#7584);
#2486=VERTEX_POINT('',#7588);
#2487=VERTEX_POINT('',#7589);
#2488=VERTEX_POINT('',#7593);
#2489=VERTEX_POINT('',#7594);
#2490=VERTEX_POINT('',#7597);
#2491=VERTEX_POINT('',#7600);
#2492=VERTEX_POINT('',#7602);
#2493=VERTEX_POINT('',#7606);
#2494=VERTEX_POINT('',#7607);
#2495=VERTEX_POINT('',#7610);
#2496=VERTEX_POINT('',#7613);
#2497=VERTEX_POINT('',#7615);
#2498=VERTEX_POINT('',#7619);
#2499=VERTEX_POINT('',#7620);
#2500=VERTEX_POINT('',#7622);
#2501=VERTEX_POINT('',#7624);
#2502=VERTEX_POINT('',#7628);
#2503=VERTEX_POINT('',#7629);
#2504=VERTEX_POINT('',#7631);
#2505=VERTEX_POINT('',#7633);
#2506=VERTEX_POINT('',#7637);
#2507=VERTEX_POINT('',#7638);
#2508=VERTEX_POINT('',#7640);
#2509=VERTEX_POINT('',#7642);
#2510=VERTEX_POINT('',#7646);
#2511=VERTEX_POINT('',#7648);
#2512=VERTEX_POINT('',#7650);
#2513=VERTEX_POINT('',#7651);
#2514=VERTEX_POINT('',#7653);
#2515=VERTEX_POINT('',#7655);
#2516=VERTEX_POINT('',#7660);
#2517=VERTEX_POINT('',#7662);
#2518=VERTEX_POINT('',#7664);
#2519=VERTEX_POINT('',#7666);
#2520=VERTEX_POINT('',#7668);
#2521=VERTEX_POINT('',#7670);
#2522=VERTEX_POINT('',#7672);
#2523=VERTEX_POINT('',#7674);
#2524=VERTEX_POINT('',#7676);
#2525=VERTEX_POINT('',#7678);
#2526=VERTEX_POINT('',#7680);
#2527=VERTEX_POINT('',#7682);
#2528=VERTEX_POINT('',#7684);
#2529=VERTEX_POINT('',#7686);
#2530=VERTEX_POINT('',#7689);
#2531=VERTEX_POINT('',#7691);
#2532=VERTEX_POINT('',#7693);
#2533=VERTEX_POINT('',#7695);
#2534=VERTEX_POINT('',#7697);
#2535=VERTEX_POINT('',#7699);
#2536=VERTEX_POINT('',#7701);
#2537=VERTEX_POINT('',#7703);
#2538=VERTEX_POINT('',#7705);
#2539=VERTEX_POINT('',#7707);
#2540=VERTEX_POINT('',#7709);
#2541=VERTEX_POINT('',#7711);
#2542=VERTEX_POINT('',#7713);
#2543=VERTEX_POINT('',#7715);
#2544=VERTEX_POINT('',#7717);
#2545=VERTEX_POINT('',#7719);
#2546=VERTEX_POINT('',#7722);
#2547=VERTEX_POINT('',#7724);
#2548=VERTEX_POINT('',#7728);
#2549=VERTEX_POINT('',#7729);
#2550=VERTEX_POINT('',#7733);
#2551=VERTEX_POINT('',#7735);
#2552=VERTEX_POINT('',#7739);
#2553=VERTEX_POINT('',#7740);
#2554=VERTEX_POINT('',#7744);
#2555=VERTEX_POINT('',#7748);
#2556=VERTEX_POINT('',#7752);
#2557=VERTEX_POINT('',#7754);
#2558=VERTEX_POINT('',#7758);
#2559=VERTEX_POINT('',#7760);
#2560=VERTEX_POINT('',#7764);
#2561=VERTEX_POINT('',#7766);
#2562=VERTEX_POINT('',#7770);
#2563=VERTEX_POINT('',#7774);
#2564=VERTEX_POINT('',#7778);
#2565=VERTEX_POINT('',#7779);
#2566=VERTEX_POINT('',#7782);
#2567=VERTEX_POINT('',#7785);
#2568=VERTEX_POINT('',#7789);
#2569=VERTEX_POINT('',#7790);
#2570=VERTEX_POINT('',#7793);
#2571=VERTEX_POINT('',#7796);
#2572=VERTEX_POINT('',#7800);
#2573=VERTEX_POINT('',#7802);
#2574=VERTEX_POINT('',#7806);
#2575=VERTEX_POINT('',#7808);
#2576=VERTEX_POINT('',#7812);
#2577=VERTEX_POINT('',#7814);
#2578=VERTEX_POINT('',#7818);
#2579=VERTEX_POINT('',#7820);
#2580=VERTEX_POINT('',#7824);
#2581=VERTEX_POINT('',#7825);
#2582=VERTEX_POINT('',#7829);
#2583=VERTEX_POINT('',#7831);
#2584=VERTEX_POINT('',#7835);
#2585=VERTEX_POINT('',#7836);
#2586=VERTEX_POINT('',#7840);
#2587=VERTEX_POINT('',#7841);
#2588=VERTEX_POINT('',#7844);
#2589=VERTEX_POINT('',#7847);
#2590=VERTEX_POINT('',#7851);
#2591=VERTEX_POINT('',#7852);
#2592=VERTEX_POINT('',#7855);
#2593=VERTEX_POINT('',#7858);
#2594=VERTEX_POINT('',#7862);
#2595=VERTEX_POINT('',#7863);
#2596=VERTEX_POINT('',#7868);
#2597=VERTEX_POINT('',#7870);
#2598=VERTEX_POINT('',#7874);
#2599=VERTEX_POINT('',#7875);
#2600=VERTEX_POINT('',#7880);
#2601=VERTEX_POINT('',#7882);
#2602=VERTEX_POINT('',#7886);
#2603=VERTEX_POINT('',#7887);
#2604=VERTEX_POINT('',#7891);
#2605=VERTEX_POINT('',#7893);
#2606=VERTEX_POINT('',#7897);
#2607=VERTEX_POINT('',#7898);
#2608=VERTEX_POINT('',#7902);
#2609=VERTEX_POINT('',#7905);
#2610=VERTEX_POINT('',#7908);
#2611=VERTEX_POINT('',#7911);
#2612=VERTEX_POINT('',#7914);
#2613=VERTEX_POINT('',#7916);
#2614=VERTEX_POINT('',#7918);
#2615=VERTEX_POINT('',#7920);
#2616=VERTEX_POINT('',#7922);
#2617=VERTEX_POINT('',#7924);
#2618=VERTEX_POINT('',#7926);
#2619=VERTEX_POINT('',#7928);
#2620=VERTEX_POINT('',#7930);
#2621=VERTEX_POINT('',#7932);
#2622=VERTEX_POINT('',#7934);
#2623=VERTEX_POINT('',#7936);
#2624=VERTEX_POINT('',#7938);
#2625=VERTEX_POINT('',#7940);
#2626=VERTEX_POINT('',#7942);
#2627=VERTEX_POINT('',#7944);
#2628=VERTEX_POINT('',#7959);
#2629=VERTEX_POINT('',#7960);
#2630=VERTEX_POINT('',#7964);
#2631=VERTEX_POINT('',#7966);
#2632=VERTEX_POINT('',#7969);
#2633=VERTEX_POINT('',#7971);
#2634=VERTEX_POINT('',#7975);
#2635=VERTEX_POINT('',#7976);
#2636=VERTEX_POINT('',#7980);
#2637=VERTEX_POINT('',#7982);
#2638=VERTEX_POINT('',#7985);
#2639=VERTEX_POINT('',#7987);
#2640=VERTEX_POINT('',#7991);
#2641=VERTEX_POINT('',#7992);
#2642=VERTEX_POINT('',#7996);
#2643=VERTEX_POINT('',#7998);
#2644=VERTEX_POINT('',#8001);
#2645=VERTEX_POINT('',#8003);
#2646=VERTEX_POINT('',#8007);
#2647=VERTEX_POINT('',#8008);
#2648=VERTEX_POINT('',#8012);
#2649=VERTEX_POINT('',#8014);
#2650=VERTEX_POINT('',#8017);
#2651=VERTEX_POINT('',#8019);
#2652=VERTEX_POINT('',#8055);
#2653=VERTEX_POINT('',#8057);
#2654=VERTEX_POINT('',#8059);
#2655=VERTEX_POINT('',#8061);
#2656=VERTEX_POINT('',#8065);
#2657=VERTEX_POINT('',#8066);
#2658=VERTEX_POINT('',#8068);
#2659=VERTEX_POINT('',#8070);
#2660=VERTEX_POINT('',#8084);
#2661=VERTEX_POINT('',#8085);
#2662=VERTEX_POINT('',#8089);
#2663=VERTEX_POINT('',#8091);
#2664=VERTEX_POINT('',#8096);
#2665=VERTEX_POINT('',#8097);
#2666=VERTEX_POINT('',#8099);
#2667=VERTEX_POINT('',#8101);
#2668=VERTEX_POINT('',#8113);
#2669=VERTEX_POINT('',#8114);
#2670=VERTEX_POINT('',#8118);
#2671=VERTEX_POINT('',#8120);
#2672=VERTEX_POINT('',#8125);
#2673=VERTEX_POINT('',#8126);
#2674=VERTEX_POINT('',#8128);
#2675=VERTEX_POINT('',#8130);
#2676=VERTEX_POINT('',#8142);
#2677=VERTEX_POINT('',#8144);
#2678=VERTEX_POINT('',#8146);
#2679=VERTEX_POINT('',#8148);
#2680=VERTEX_POINT('',#8152);
#2681=VERTEX_POINT('',#8153);
#2682=VERTEX_POINT('',#8155);
#2683=VERTEX_POINT('',#8157);
#2684=VERTEX_POINT('',#8171);
#2685=VERTEX_POINT('',#8173);
#2686=VERTEX_POINT('',#8175);
#2687=VERTEX_POINT('',#8177);
#2688=VERTEX_POINT('',#8181);
#2689=VERTEX_POINT('',#8182);
#2690=VERTEX_POINT('',#8184);
#2691=VERTEX_POINT('',#8186);
#2692=VERTEX_POINT('',#8200);
#2693=VERTEX_POINT('',#8201);
#2694=VERTEX_POINT('',#8205);
#2695=VERTEX_POINT('',#8207);
#2696=VERTEX_POINT('',#8212);
#2697=VERTEX_POINT('',#8213);
#2698=VERTEX_POINT('',#8215);
#2699=VERTEX_POINT('',#8217);
#2700=VERTEX_POINT('',#8229);
#2701=VERTEX_POINT('',#8230);
#2702=VERTEX_POINT('',#8234);
#2703=VERTEX_POINT('',#8236);
#2704=VERTEX_POINT('',#8241);
#2705=VERTEX_POINT('',#8242);
#2706=VERTEX_POINT('',#8244);
#2707=VERTEX_POINT('',#8246);
#2708=VERTEX_POINT('',#8258);
#2709=VERTEX_POINT('',#8260);
#2710=VERTEX_POINT('',#8262);
#2711=VERTEX_POINT('',#8264);
#2712=VERTEX_POINT('',#8268);
#2713=VERTEX_POINT('',#8269);
#2714=VERTEX_POINT('',#8271);
#2715=VERTEX_POINT('',#8273);
#2716=VERTEX_POINT('',#8287);
#2717=VERTEX_POINT('',#8289);
#2718=VERTEX_POINT('',#8291);
#2719=VERTEX_POINT('',#8293);
#2720=VERTEX_POINT('',#8297);
#2721=VERTEX_POINT('',#8298);
#2722=VERTEX_POINT('',#8300);
#2723=VERTEX_POINT('',#8302);
#2724=VERTEX_POINT('',#8316);
#2725=VERTEX_POINT('',#8317);
#2726=VERTEX_POINT('',#8321);
#2727=VERTEX_POINT('',#8323);
#2728=VERTEX_POINT('',#8328);
#2729=VERTEX_POINT('',#8329);
#2730=VERTEX_POINT('',#8331);
#2731=VERTEX_POINT('',#8333);
#2732=VERTEX_POINT('',#8345);
#2733=VERTEX_POINT('',#8346);
#2734=VERTEX_POINT('',#8350);
#2735=VERTEX_POINT('',#8352);
#2736=VERTEX_POINT('',#8357);
#2737=VERTEX_POINT('',#8358);
#2738=VERTEX_POINT('',#8360);
#2739=VERTEX_POINT('',#8362);
#2740=VERTEX_POINT('',#8374);
#2741=VERTEX_POINT('',#8375);
#2742=VERTEX_POINT('',#8377);
#2743=VERTEX_POINT('',#8379);
#2744=VERTEX_POINT('',#8384);
#2745=VERTEX_POINT('',#8386);
#2746=VERTEX_POINT('',#8388);
#2747=VERTEX_POINT('',#8390);
#2748=VERTEX_POINT('',#8416);
#2749=VERTEX_POINT('',#8417);
#2750=VERTEX_POINT('',#8419);
#2751=VERTEX_POINT('',#8421);
#2752=VERTEX_POINT('',#8425);
#2753=VERTEX_POINT('',#8426);
#2754=VERTEX_POINT('',#8431);
#2755=VERTEX_POINT('',#8432);
#2756=VERTEX_POINT('',#8437);
#2757=VERTEX_POINT('',#8438);
#2758=VERTEX_POINT('',#8443);
#2759=VERTEX_POINT('',#8444);
#2760=VERTEX_POINT('',#8449);
#2761=VERTEX_POINT('',#8450);
#2762=VERTEX_POINT('',#8455);
#2763=VERTEX_POINT('',#8456);
#2764=VERTEX_POINT('',#8464);
#2765=VERTEX_POINT('',#8465);
#2766=VERTEX_POINT('',#8467);
#2767=VERTEX_POINT('',#8469);
#2768=VERTEX_POINT('',#8471);
#2769=VERTEX_POINT('',#8473);
#2770=VERTEX_POINT('',#8475);
#2771=VERTEX_POINT('',#8477);
#2772=VERTEX_POINT('',#8480);
#2773=VERTEX_POINT('',#8481);
#2774=VERTEX_POINT('',#8483);
#2775=VERTEX_POINT('',#8485);
#2776=VERTEX_POINT('',#8489);
#2777=VERTEX_POINT('',#8491);
#2778=VERTEX_POINT('',#8493);
#2779=VERTEX_POINT('',#8495);
#2780=VERTEX_POINT('',#8498);
#2781=VERTEX_POINT('',#8500);
#2782=VERTEX_POINT('',#8504);
#2783=VERTEX_POINT('',#8508);
#2784=VERTEX_POINT('',#8531);
#2785=VERTEX_POINT('',#8535);
#2786=VERTEX_POINT('',#8539);
#2787=VERTEX_POINT('',#8543);
#2788=LINE('',#7148,#3140);
#2789=LINE('',#7151,#3141);
#2790=LINE('',#7153,#3142);
#2791=LINE('',#7155,#3143);
#2792=LINE('',#7157,#3144);
#2793=LINE('',#7163,#3145);
#2794=LINE('',#7166,#3146);
#2795=LINE('',#7167,#3147);
#2796=LINE('',#7169,#3148);
#2797=LINE('',#7175,#3149);
#2798=LINE('',#7178,#3150);
#2799=LINE('',#7179,#3151);
#2800=LINE('',#7181,#3152);
#2801=LINE('',#7187,#3153);
#2802=LINE('',#7190,#3154);
#2803=LINE('',#7191,#3155);
#2804=LINE('',#7196,#3156);
#2805=LINE('',#7201,#3157);
#2806=LINE('',#7205,#3158);
#2807=LINE('',#7209,#3159);
#2808=LINE('',#7215,#3160);
#2809=LINE('',#7219,#3161);
#2810=LINE('',#7230,#3162);
#2811=LINE('',#7234,#3163);
#2812=LINE('',#7236,#3164);
#2813=LINE('',#7238,#3165);
#2814=LINE('',#7240,#3166);
#2815=LINE('',#7244,#3167);
#2816=LINE('',#7247,#3168);
#2817=LINE('',#7248,#3169);
#2818=LINE('',#7250,#3170);
#2819=LINE('',#7252,#3171);
#2820=LINE('',#7254,#3172);
#2821=LINE('',#7256,#3173);
#2822=LINE('',#7258,#3174);
#2823=LINE('',#7260,#3175);
#2824=LINE('',#7280,#3176);
#2825=LINE('',#7283,#3177);
#2826=LINE('',#7285,#3178);
#2827=LINE('',#7287,#3179);
#2828=LINE('',#7289,#3180);
#2829=LINE('',#7295,#3181);
#2830=LINE('',#7298,#3182);
#2831=LINE('',#7299,#3183);
#2832=LINE('',#7301,#3184);
#2833=LINE('',#7307,#3185);
#2834=LINE('',#7310,#3186);
#2835=LINE('',#7311,#3187);
#2836=LINE('',#7313,#3188);
#2837=LINE('',#7319,#3189);
#2838=LINE('',#7322,#3190);
#2839=LINE('',#7323,#3191);
#2840=LINE('',#7328,#3192);
#2841=LINE('',#7333,#3193);
#2842=LINE('',#7337,#3194);
#2843=LINE('',#7341,#3195);
#2844=LINE('',#7347,#3196);
#2845=LINE('',#7351,#3197);
#2846=LINE('',#7362,#3198);
#2847=LINE('',#7366,#3199);
#2848=LINE('',#7368,#3200);
#2849=LINE('',#7370,#3201);
#2850=LINE('',#7372,#3202);
#2851=LINE('',#7376,#3203);
#2852=LINE('',#7379,#3204);
#2853=LINE('',#7380,#3205);
#2854=LINE('',#7382,#3206);
#2855=LINE('',#7384,#3207);
#2856=LINE('',#7386,#3208);
#2857=LINE('',#7388,#3209);
#2858=LINE('',#7390,#3210);
#2859=LINE('',#7392,#3211);
#2860=LINE('',#7412,#3212);
#2861=LINE('',#7415,#3213);
#2862=LINE('',#7417,#3214);
#2863=LINE('',#7419,#3215);
#2864=LINE('',#7421,#3216);
#2865=LINE('',#7427,#3217);
#2866=LINE('',#7430,#3218);
#2867=LINE('',#7431,#3219);
#2868=LINE('',#7433,#3220);
#2869=LINE('',#7439,#3221);
#2870=LINE('',#7442,#3222);
#2871=LINE('',#7443,#3223);
#2872=LINE('',#7445,#3224);
#2873=LINE('',#7451,#3225);
#2874=LINE('',#7454,#3226);
#2875=LINE('',#7455,#3227);
#2876=LINE('',#7460,#3228);
#2877=LINE('',#7465,#3229);
#2878=LINE('',#7469,#3230);
#2879=LINE('',#7473,#3231);
#2880=LINE('',#7479,#3232);
#2881=LINE('',#7483,#3233);
#2882=LINE('',#7494,#3234);
#2883=LINE('',#7498,#3235);
#2884=LINE('',#7500,#3236);
#2885=LINE('',#7502,#3237);
#2886=LINE('',#7504,#3238);
#2887=LINE('',#7508,#3239);
#2888=LINE('',#7511,#3240);
#2889=LINE('',#7512,#3241);
#2890=LINE('',#7514,#3242);
#2891=LINE('',#7516,#3243);
#2892=LINE('',#7518,#3244);
#2893=LINE('',#7520,#3245);
#2894=LINE('',#7522,#3246);
#2895=LINE('',#7524,#3247);
#2896=LINE('',#7575,#3248);
#2897=LINE('',#7580,#3249);
#2898=LINE('',#7585,#3250);
#2899=LINE('',#7590,#3251);
#2900=LINE('',#7618,#3252);
#2901=LINE('',#7621,#3253);
#2902=LINE('',#7623,#3254);
#2903=LINE('',#7625,#3255);
#2904=LINE('',#7627,#3256);
#2905=LINE('',#7630,#3257);
#2906=LINE('',#7632,#3258);
#2907=LINE('',#7634,#3259);
#2908=LINE('',#7636,#3260);
#2909=LINE('',#7639,#3261);
#2910=LINE('',#7641,#3262);
#2911=LINE('',#7643,#3263);
#2912=LINE('',#7649,#3264);
#2913=LINE('',#7654,#3265);
#2914=LINE('',#7661,#3266);
#2915=LINE('',#7665,#3267);
#2916=LINE('',#7669,#3268);
#2917=LINE('',#7673,#3269);
#2918=LINE('',#7677,#3270);
#2919=LINE('',#7681,#3271);
#2920=LINE('',#7685,#3272);
#2921=LINE('',#7751,#3273);
#2922=LINE('',#7753,#3274);
#2923=LINE('',#7755,#3275);
#2924=LINE('',#7757,#3276);
#2925=LINE('',#7759,#3277);
#2926=LINE('',#7761,#3278);
#2927=LINE('',#7763,#3279);
#2928=LINE('',#7765,#3280);
#2929=LINE('',#7767,#3281);
#2930=LINE('',#7799,#3282);
#2931=LINE('',#7801,#3283);
#2932=LINE('',#7803,#3284);
#2933=LINE('',#7805,#3285);
#2934=LINE('',#7807,#3286);
#2935=LINE('',#7809,#3287);
#2936=LINE('',#7811,#3288);
#2937=LINE('',#7813,#3289);
#2938=LINE('',#7815,#3290);
#2939=LINE('',#7861,#3291);
#2940=LINE('',#7864,#3292);
#2941=LINE('',#7865,#3293);
#2942=LINE('',#7867,#3294);
#2943=LINE('',#7869,#3295);
#2944=LINE('',#7871,#3296);
#2945=LINE('',#7873,#3297);
#2946=LINE('',#7876,#3298);
#2947=LINE('',#7877,#3299);
#2948=LINE('',#7958,#3300);
#2949=LINE('',#7963,#3301);
#2950=LINE('',#7967,#3302);
#2951=LINE('',#7968,#3303);
#2952=LINE('',#7972,#3304);
#2953=LINE('',#7974,#3305);
#2954=LINE('',#7979,#3306);
#2955=LINE('',#7983,#3307);
#2956=LINE('',#7984,#3308);
#2957=LINE('',#7988,#3309);
#2958=LINE('',#7990,#3310);
#2959=LINE('',#7995,#3311);
#2960=LINE('',#7999,#3312);
#2961=LINE('',#8000,#3313);
#2962=LINE('',#8004,#3314);
#2963=LINE('',#8006,#3315);
#2964=LINE('',#8011,#3316);
#2965=LINE('',#8015,#3317);
#2966=LINE('',#8016,#3318);
#2967=LINE('',#8020,#3319);
#2968=LINE('',#8022,#3320);
#2969=LINE('',#8023,#3321);
#2970=LINE('',#8025,#3322);
#2971=LINE('',#8026,#3323);
#2972=LINE('',#8030,#3324);
#2973=LINE('',#8031,#3325);
#2974=LINE('',#8033,#3326);
#2975=LINE('',#8034,#3327);
#2976=LINE('',#8038,#3328);
#2977=LINE('',#8039,#3329);
#2978=LINE('',#8041,#3330);
#2979=LINE('',#8042,#3331);
#2980=LINE('',#8046,#3332);
#2981=LINE('',#8047,#3333);
#2982=LINE('',#8049,#3334);
#2983=LINE('',#8050,#3335);
#2984=LINE('',#8054,#3336);
#2985=LINE('',#8056,#3337);
#2986=LINE('',#8058,#3338);
#2987=LINE('',#8060,#3339);
#2988=LINE('',#8062,#3340);
#2989=LINE('',#8064,#3341);
#2990=LINE('',#8067,#3342);
#2991=LINE('',#8069,#3343);
#2992=LINE('',#8071,#3344);
#2993=LINE('',#8072,#3345);
#2994=LINE('',#8083,#3346);
#2995=LINE('',#8088,#3347);
#2996=LINE('',#8090,#3348);
#2997=LINE('',#8092,#3349);
#2998=LINE('',#8093,#3350);
#2999=LINE('',#8095,#3351);
#3000=LINE('',#8098,#3352);
#3001=LINE('',#8100,#3353);
#3002=LINE('',#8102,#3354);
#3003=LINE('',#8103,#3355);
#3004=LINE('',#8112,#3356);
#3005=LINE('',#8117,#3357);
#3006=LINE('',#8119,#3358);
#3007=LINE('',#8121,#3359);
#3008=LINE('',#8122,#3360);
#3009=LINE('',#8124,#3361);
#3010=LINE('',#8127,#3362);
#3011=LINE('',#8129,#3363);
#3012=LINE('',#8131,#3364);
#3013=LINE('',#8132,#3365);
#3014=LINE('',#8141,#3366);
#3015=LINE('',#8143,#3367);
#3016=LINE('',#8145,#3368);
#3017=LINE('',#8147,#3369);
#3018=LINE('',#8149,#3370);
#3019=LINE('',#8151,#3371);
#3020=LINE('',#8154,#3372);
#3021=LINE('',#8156,#3373);
#3022=LINE('',#8158,#3374);
#3023=LINE('',#8159,#3375);
#3024=LINE('',#8170,#3376);
#3025=LINE('',#8172,#3377);
#3026=LINE('',#8174,#3378);
#3027=LINE('',#8176,#3379);
#3028=LINE('',#8178,#3380);
#3029=LINE('',#8180,#3381);
#3030=LINE('',#8183,#3382);
#3031=LINE('',#8185,#3383);
#3032=LINE('',#8187,#3384);
#3033=LINE('',#8188,#3385);
#3034=LINE('',#8199,#3386);
#3035=LINE('',#8204,#3387);
#3036=LINE('',#8206,#3388);
#3037=LINE('',#8208,#3389);
#3038=LINE('',#8209,#3390);
#3039=LINE('',#8211,#3391);
#3040=LINE('',#8214,#3392);
#3041=LINE('',#8216,#3393);
#3042=LINE('',#8218,#3394);
#3043=LINE('',#8219,#3395);
#3044=LINE('',#8228,#3396);
#3045=LINE('',#8233,#3397);
#3046=LINE('',#8235,#3398);
#3047=LINE('',#8237,#3399);
#3048=LINE('',#8238,#3400);
#3049=LINE('',#8240,#3401);
#3050=LINE('',#8243,#3402);
#3051=LINE('',#8245,#3403);
#3052=LINE('',#8247,#3404);
#3053=LINE('',#8248,#3405);
#3054=LINE('',#8257,#3406);
#3055=LINE('',#8259,#3407);
#3056=LINE('',#8261,#3408);
#3057=LINE('',#8263,#3409);
#3058=LINE('',#8265,#3410);
#3059=LINE('',#8267,#3411);
#3060=LINE('',#8270,#3412);
#3061=LINE('',#8272,#3413);
#3062=LINE('',#8274,#3414);
#3063=LINE('',#8275,#3415);
#3064=LINE('',#8286,#3416);
#3065=LINE('',#8288,#3417);
#3066=LINE('',#8290,#3418);
#3067=LINE('',#8292,#3419);
#3068=LINE('',#8294,#3420);
#3069=LINE('',#8296,#3421);
#3070=LINE('',#8299,#3422);
#3071=LINE('',#8301,#3423);
#3072=LINE('',#8303,#3424);
#3073=LINE('',#8304,#3425);
#3074=LINE('',#8315,#3426);
#3075=LINE('',#8320,#3427);
#3076=LINE('',#8322,#3428);
#3077=LINE('',#8324,#3429);
#3078=LINE('',#8325,#3430);
#3079=LINE('',#8327,#3431);
#3080=LINE('',#8330,#3432);
#3081=LINE('',#8332,#3433);
#3082=LINE('',#8334,#3434);
#3083=LINE('',#8335,#3435);
#3084=LINE('',#8344,#3436);
#3085=LINE('',#8349,#3437);
#3086=LINE('',#8351,#3438);
#3087=LINE('',#8353,#3439);
#3088=LINE('',#8354,#3440);
#3089=LINE('',#8356,#3441);
#3090=LINE('',#8359,#3442);
#3091=LINE('',#8361,#3443);
#3092=LINE('',#8363,#3444);
#3093=LINE('',#8364,#3445);
#3094=LINE('',#8373,#3446);
#3095=LINE('',#8376,#3447);
#3096=LINE('',#8378,#3448);
#3097=LINE('',#8380,#3449);
#3098=LINE('',#8381,#3450);
#3099=LINE('',#8383,#3451);
#3100=LINE('',#8385,#3452);
#3101=LINE('',#8387,#3453);
#3102=LINE('',#8389,#3454);
#3103=LINE('',#8391,#3455);
#3104=LINE('',#8415,#3456);
#3105=LINE('',#8418,#3457);
#3106=LINE('',#8420,#3458);
#3107=LINE('',#8422,#3459);
#3108=LINE('',#8424,#3460);
#3109=LINE('',#8430,#3461);
#3110=LINE('',#8433,#3462);
#3111=LINE('',#8434,#3463);
#3112=LINE('',#8436,#3464);
#3113=LINE('',#8442,#3465);
#3114=LINE('',#8445,#3466);
#3115=LINE('',#8446,#3467);
#3116=LINE('',#8448,#3468);
#3117=LINE('',#8454,#3469);
#3118=LINE('',#8457,#3470);
#3119=LINE('',#8458,#3471);
#3120=LINE('',#8463,#3472);
#3121=LINE('',#8468,#3473);
#3122=LINE('',#8472,#3474);
#3123=LINE('',#8476,#3475);
#3124=LINE('',#8482,#3476);
#3125=LINE('',#8486,#3477);
#3126=LINE('',#8497,#3478);
#3127=LINE('',#8501,#3479);
#3128=LINE('',#8503,#3480);
#3129=LINE('',#8505,#3481);
#3130=LINE('',#8507,#3482);
#3131=LINE('',#8511,#3483);
#3132=LINE('',#8514,#3484);
#3133=LINE('',#8515,#3485);
#3134=LINE('',#8517,#3486);
#3135=LINE('',#8519,#3487);
#3136=LINE('',#8521,#3488);
#3137=LINE('',#8523,#3489);
#3138=LINE('',#8525,#3490);
#3139=LINE('',#8527,#3491);
#3140=VECTOR('',#5584,1.);
#3141=VECTOR('',#5585,1.);
#3142=VECTOR('',#5586,1.);
#3143=VECTOR('',#5587,1.);
#3144=VECTOR('',#5590,1.);
#3145=VECTOR('',#5597,1.);
#3146=VECTOR('',#5598,1.);
#3147=VECTOR('',#5599,1.);
#3148=VECTOR('',#5602,1.);
#3149=VECTOR('',#5609,1.);
#3150=VECTOR('',#5610,1.);
#3151=VECTOR('',#5611,1.);
#3152=VECTOR('',#5614,1.);
#3153=VECTOR('',#5621,1.);
#3154=VECTOR('',#5622,1.);
#3155=VECTOR('',#5623,1.);
#3156=VECTOR('',#5632,1.);
#3157=VECTOR('',#5635,1.);
#3158=VECTOR('',#5638,1.);
#3159=VECTOR('',#5641,1.);
#3160=VECTOR('',#5646,1.);
#3161=VECTOR('',#5649,1.);
#3162=VECTOR('',#5662,1.);
#3163=VECTOR('',#5665,1.);
#3164=VECTOR('',#5668,1.);
#3165=VECTOR('',#5669,1.);
#3166=VECTOR('',#5672,1.);
#3167=VECTOR('',#5677,1.);
#3168=VECTOR('',#5682,1.);
#3169=VECTOR('',#5683,1.);
#3170=VECTOR('',#5686,1.);
#3171=VECTOR('',#5689,1.);
#3172=VECTOR('',#5692,1.);
#3173=VECTOR('',#5695,1.);
#3174=VECTOR('',#5698,1.);
#3175=VECTOR('',#5701,1.);
#3176=VECTOR('',#5732,1.);
#3177=VECTOR('',#5733,1.);
#3178=VECTOR('',#5734,1.);
#3179=VECTOR('',#5735,1.);
#3180=VECTOR('',#5738,1.);
#3181=VECTOR('',#5745,1.);
#3182=VECTOR('',#5746,1.);
#3183=VECTOR('',#5747,1.);
#3184=VECTOR('',#5750,1.);
#3185=VECTOR('',#5757,1.);
#3186=VECTOR('',#5758,1.);
#3187=VECTOR('',#5759,1.);
#3188=VECTOR('',#5762,1.);
#3189=VECTOR('',#5769,1.);
#3190=VECTOR('',#5770,1.);
#3191=VECTOR('',#5771,1.);
#3192=VECTOR('',#5780,1.);
#3193=VECTOR('',#5783,1.);
#3194=VECTOR('',#5786,1.);
#3195=VECTOR('',#5789,1.);
#3196=VECTOR('',#5794,1.);
#3197=VECTOR('',#5797,1.);
#3198=VECTOR('',#5810,1.);
#3199=VECTOR('',#5813,1.);
#3200=VECTOR('',#5816,1.);
#3201=VECTOR('',#5817,1.);
#3202=VECTOR('',#5820,1.);
#3203=VECTOR('',#5825,1.);
#3204=VECTOR('',#5830,1.);
#3205=VECTOR('',#5831,1.);
#3206=VECTOR('',#5834,1.);
#3207=VECTOR('',#5837,1.);
#3208=VECTOR('',#5840,1.);
#3209=VECTOR('',#5843,1.);
#3210=VECTOR('',#5846,1.);
#3211=VECTOR('',#5849,1.);
#3212=VECTOR('',#5880,1.);
#3213=VECTOR('',#5881,1.);
#3214=VECTOR('',#5882,1.);
#3215=VECTOR('',#5883,1.);
#3216=VECTOR('',#5886,1.);
#3217=VECTOR('',#5893,1.);
#3218=VECTOR('',#5894,1.);
#3219=VECTOR('',#5895,1.);
#3220=VECTOR('',#5898,1.);
#3221=VECTOR('',#5905,1.);
#3222=VECTOR('',#5906,1.);
#3223=VECTOR('',#5907,1.);
#3224=VECTOR('',#5910,1.);
#3225=VECTOR('',#5917,1.);
#3226=VECTOR('',#5918,1.);
#3227=VECTOR('',#5919,1.);
#3228=VECTOR('',#5928,1.);
#3229=VECTOR('',#5931,1.);
#3230=VECTOR('',#5934,1.);
#3231=VECTOR('',#5937,1.);
#3232=VECTOR('',#5942,1.);
#3233=VECTOR('',#5945,1.);
#3234=VECTOR('',#5958,1.);
#3235=VECTOR('',#5961,1.);
#3236=VECTOR('',#5964,1.);
#3237=VECTOR('',#5965,1.);
#3238=VECTOR('',#5968,1.);
#3239=VECTOR('',#5973,1.);
#3240=VECTOR('',#5978,1.);
#3241=VECTOR('',#5979,1.);
#3242=VECTOR('',#5982,1.);
#3243=VECTOR('',#5985,1.);
#3244=VECTOR('',#5988,1.);
#3245=VECTOR('',#5991,1.);
#3246=VECTOR('',#5994,1.);
#3247=VECTOR('',#5997,1.);
#3248=VECTOR('',#6062,1.);
#3249=VECTOR('',#6067,1.);
#3250=VECTOR('',#6072,1.);
#3251=VECTOR('',#6077,1.);
#3252=VECTOR('',#6112,1.);
#3253=VECTOR('',#6113,1.);
#3254=VECTOR('',#6114,1.);
#3255=VECTOR('',#6115,1.);
#3256=VECTOR('',#6118,1.);
#3257=VECTOR('',#6119,1.);
#3258=VECTOR('',#6120,1.);
#3259=VECTOR('',#6121,1.);
#3260=VECTOR('',#6124,1.);
#3261=VECTOR('',#6125,1.);
#3262=VECTOR('',#6126,1.);
#3263=VECTOR('',#6127,1.);
#3264=VECTOR('',#6134,1.);
#3265=VECTOR('',#6137,1.);
#3266=VECTOR('',#6146,1.);
#3267=VECTOR('',#6149,1.);
#3268=VECTOR('',#6152,1.);
#3269=VECTOR('',#6155,1.);
#3270=VECTOR('',#6158,1.);
#3271=VECTOR('',#6161,1.);
#3272=VECTOR('',#6164,1.);
#3273=VECTOR('',#6241,1.);
#3274=VECTOR('',#6242,1.);
#3275=VECTOR('',#6243,1.);
#3276=VECTOR('',#6246,1.);
#3277=VECTOR('',#6247,1.);
#3278=VECTOR('',#6248,1.);
#3279=VECTOR('',#6251,1.);
#3280=VECTOR('',#6252,1.);
#3281=VECTOR('',#6253,1.);
#3282=VECTOR('',#6296,1.);
#3283=VECTOR('',#6297,1.);
#3284=VECTOR('',#6298,1.);
#3285=VECTOR('',#6301,1.);
#3286=VECTOR('',#6302,1.);
#3287=VECTOR('',#6303,1.);
#3288=VECTOR('',#6306,1.);
#3289=VECTOR('',#6307,1.);
#3290=VECTOR('',#6308,1.);
#3291=VECTOR('',#6367,1.);
#3292=VECTOR('',#6368,1.);
#3293=VECTOR('',#6369,1.);
#3294=VECTOR('',#6372,1.);
#3295=VECTOR('',#6373,1.);
#3296=VECTOR('',#6374,1.);
#3297=VECTOR('',#6377,1.);
#3298=VECTOR('',#6378,1.);
#3299=VECTOR('',#6379,1.);
#3300=VECTOR('',#6484,1.);
#3301=VECTOR('',#6489,1.);
#3302=VECTOR('',#6492,1.);
#3303=VECTOR('',#6493,1.);
#3304=VECTOR('',#6496,1.);
#3305=VECTOR('',#6499,1.);
#3306=VECTOR('',#6504,1.);
#3307=VECTOR('',#6507,1.);
#3308=VECTOR('',#6508,1.);
#3309=VECTOR('',#6511,1.);
#3310=VECTOR('',#6514,1.);
#3311=VECTOR('',#6519,1.);
#3312=VECTOR('',#6522,1.);
#3313=VECTOR('',#6523,1.);
#3314=VECTOR('',#6526,1.);
#3315=VECTOR('',#6529,1.);
#3316=VECTOR('',#6534,1.);
#3317=VECTOR('',#6537,1.);
#3318=VECTOR('',#6538,1.);
#3319=VECTOR('',#6541,1.);
#3320=VECTOR('',#6544,1.);
#3321=VECTOR('',#6545,1.);
#3322=VECTOR('',#6548,1.);
#3323=VECTOR('',#6549,1.);
#3324=VECTOR('',#6556,1.);
#3325=VECTOR('',#6557,1.);
#3326=VECTOR('',#6560,1.);
#3327=VECTOR('',#6561,1.);
#3328=VECTOR('',#6568,1.);
#3329=VECTOR('',#6569,1.);
#3330=VECTOR('',#6572,1.);
#3331=VECTOR('',#6573,1.);
#3332=VECTOR('',#6580,1.);
#3333=VECTOR('',#6581,1.);
#3334=VECTOR('',#6584,1.);
#3335=VECTOR('',#6585,1.);
#3336=VECTOR('',#6592,1.);
#3337=VECTOR('',#6593,1.);
#3338=VECTOR('',#6594,1.);
#3339=VECTOR('',#6595,1.);
#3340=VECTOR('',#6596,1.);
#3341=VECTOR('',#6599,1.);
#3342=VECTOR('',#6600,1.);
#3343=VECTOR('',#6601,1.);
#3344=VECTOR('',#6602,1.);
#3345=VECTOR('',#6603,1.);
#3346=VECTOR('',#6624,1.);
#3347=VECTOR('',#6629,1.);
#3348=VECTOR('',#6630,1.);
#3349=VECTOR('',#6631,1.);
#3350=VECTOR('',#6632,1.);
#3351=VECTOR('',#6635,1.);
#3352=VECTOR('',#6636,1.);
#3353=VECTOR('',#6637,1.);
#3354=VECTOR('',#6638,1.);
#3355=VECTOR('',#6639,1.);
#3356=VECTOR('',#6656,1.);
#3357=VECTOR('',#6661,1.);
#3358=VECTOR('',#6662,1.);
#3359=VECTOR('',#6663,1.);
#3360=VECTOR('',#6664,1.);
#3361=VECTOR('',#6667,1.);
#3362=VECTOR('',#6668,1.);
#3363=VECTOR('',#6669,1.);
#3364=VECTOR('',#6670,1.);
#3365=VECTOR('',#6671,1.);
#3366=VECTOR('',#6688,1.);
#3367=VECTOR('',#6689,1.);
#3368=VECTOR('',#6690,1.);
#3369=VECTOR('',#6691,1.);
#3370=VECTOR('',#6692,1.);
#3371=VECTOR('',#6695,1.);
#3372=VECTOR('',#6696,1.);
#3373=VECTOR('',#6697,1.);
#3374=VECTOR('',#6698,1.);
#3375=VECTOR('',#6699,1.);
#3376=VECTOR('',#6720,1.);
#3377=VECTOR('',#6721,1.);
#3378=VECTOR('',#6722,1.);
#3379=VECTOR('',#6723,1.);
#3380=VECTOR('',#6724,1.);
#3381=VECTOR('',#6727,1.);
#3382=VECTOR('',#6728,1.);
#3383=VECTOR('',#6729,1.);
#3384=VECTOR('',#6730,1.);
#3385=VECTOR('',#6731,1.);
#3386=VECTOR('',#6752,1.);
#3387=VECTOR('',#6757,1.);
#3388=VECTOR('',#6758,1.);
#3389=VECTOR('',#6759,1.);
#3390=VECTOR('',#6760,1.);
#3391=VECTOR('',#6763,1.);
#3392=VECTOR('',#6764,1.);
#3393=VECTOR('',#6765,1.);
#3394=VECTOR('',#6766,1.);
#3395=VECTOR('',#6767,1.);
#3396=VECTOR('',#6784,1.);
#3397=VECTOR('',#6789,1.);
#3398=VECTOR('',#6790,1.);
#3399=VECTOR('',#6791,1.);
#3400=VECTOR('',#6792,1.);
#3401=VECTOR('',#6795,1.);
#3402=VECTOR('',#6796,1.);
#3403=VECTOR('',#6797,1.);
#3404=VECTOR('',#6798,1.);
#3405=VECTOR('',#6799,1.);
#3406=VECTOR('',#6816,1.);
#3407=VECTOR('',#6817,1.);
#3408=VECTOR('',#6818,1.);
#3409=VECTOR('',#6819,1.);
#3410=VECTOR('',#6820,1.);
#3411=VECTOR('',#6823,1.);
#3412=VECTOR('',#6824,1.);
#3413=VECTOR('',#6825,1.);
#3414=VECTOR('',#6826,1.);
#3415=VECTOR('',#6827,1.);
#3416=VECTOR('',#6848,1.);
#3417=VECTOR('',#6849,1.);
#3418=VECTOR('',#6850,1.);
#3419=VECTOR('',#6851,1.);
#3420=VECTOR('',#6852,1.);
#3421=VECTOR('',#6855,1.);
#3422=VECTOR('',#6856,1.);
#3423=VECTOR('',#6857,1.);
#3424=VECTOR('',#6858,1.);
#3425=VECTOR('',#6859,1.);
#3426=VECTOR('',#6880,1.);
#3427=VECTOR('',#6885,1.);
#3428=VECTOR('',#6886,1.);
#3429=VECTOR('',#6887,1.);
#3430=VECTOR('',#6888,1.);
#3431=VECTOR('',#6891,1.);
#3432=VECTOR('',#6892,1.);
#3433=VECTOR('',#6893,1.);
#3434=VECTOR('',#6894,1.);
#3435=VECTOR('',#6895,1.);
#3436=VECTOR('',#6912,1.);
#3437=VECTOR('',#6917,1.);
#3438=VECTOR('',#6918,1.);
#3439=VECTOR('',#6919,1.);
#3440=VECTOR('',#6920,1.);
#3441=VECTOR('',#6923,1.);
#3442=VECTOR('',#6924,1.);
#3443=VECTOR('',#6925,1.);
#3444=VECTOR('',#6926,1.);
#3445=VECTOR('',#6927,1.);
#3446=VECTOR('',#6944,1.);
#3447=VECTOR('',#6945,1.);
#3448=VECTOR('',#6946,1.);
#3449=VECTOR('',#6947,1.);
#3450=VECTOR('',#6948,1.);
#3451=VECTOR('',#6951,1.);
#3452=VECTOR('',#6952,1.);
#3453=VECTOR('',#6953,1.);
#3454=VECTOR('',#6954,1.);
#3455=VECTOR('',#6955,1.);
#3456=VECTOR('',#7002,1.);
#3457=VECTOR('',#7003,1.);
#3458=VECTOR('',#7004,1.);
#3459=VECTOR('',#7005,1.);
#3460=VECTOR('',#7008,1.);
#3461=VECTOR('',#7015,1.);
#3462=VECTOR('',#7016,1.);
#3463=VECTOR('',#7017,1.);
#3464=VECTOR('',#7020,1.);
#3465=VECTOR('',#7027,1.);
#3466=VECTOR('',#7028,1.);
#3467=VECTOR('',#7029,1.);
#3468=VECTOR('',#7032,1.);
#3469=VECTOR('',#7039,1.);
#3470=VECTOR('',#7040,1.);
#3471=VECTOR('',#7041,1.);
#3472=VECTOR('',#7050,1.);
#3473=VECTOR('',#7053,1.);
#3474=VECTOR('',#7056,1.);
#3475=VECTOR('',#7059,1.);
#3476=VECTOR('',#7064,1.);
#3477=VECTOR('',#7067,1.);
#3478=VECTOR('',#7080,1.);
#3479=VECTOR('',#7083,1.);
#3480=VECTOR('',#7086,1.);
#3481=VECTOR('',#7087,1.);
#3482=VECTOR('',#7090,1.);
#3483=VECTOR('',#7095,1.);
#3484=VECTOR('',#7100,1.);
#3485=VECTOR('',#7101,1.);
#3486=VECTOR('',#7104,1.);
#3487=VECTOR('',#7107,1.);
#3488=VECTOR('',#7110,1.);
#3489=VECTOR('',#7113,1.);
#3490=VECTOR('',#7116,1.);
#3491=VECTOR('',#7119,1.);
#3492=EDGE_LOOP('',(#428,#429,#430,#431));
#3493=EDGE_LOOP('',(#432,#433,#434,#435));
#3494=EDGE_LOOP('',(#436,#437,#438,#439));
#3495=EDGE_LOOP('',(#440,#441,#442,#443));
#3496=EDGE_LOOP('',(#444,#445,#446,#447));
#3497=EDGE_LOOP('',(#448,#449,#450,#451));
#3498=EDGE_LOOP('',(#452,#453,#454,#455));
#3499=EDGE_LOOP('',(#456,#457,#458,#459));
#3500=EDGE_LOOP('',(#460,#461,#462,#463,#464,#465,#466,#467));
#3501=EDGE_LOOP('',(#468,#469,#470,#471));
#3502=EDGE_LOOP('',(#472));
#3503=EDGE_LOOP('',(#473));
#3504=EDGE_LOOP('',(#474));
#3505=EDGE_LOOP('',(#475));
#3506=EDGE_LOOP('',(#476,#477,#478,#479,#480,#481,#482,#483));
#3507=EDGE_LOOP('',(#484,#485,#486,#487));
#3508=EDGE_LOOP('',(#488,#489,#490,#491));
#3509=EDGE_LOOP('',(#492,#493,#494,#495));
#3510=EDGE_LOOP('',(#496,#497,#498,#499));
#3511=EDGE_LOOP('',(#500,#501,#502,#503));
#3512=EDGE_LOOP('',(#504,#505,#506,#507));
#3513=EDGE_LOOP('',(#508,#509,#510,#511));
#3514=EDGE_LOOP('',(#512,#513,#514,#515));
#3515=EDGE_LOOP('',(#516,#517,#518,#519));
#3516=EDGE_LOOP('',(#520,#521,#522,#523));
#3517=EDGE_LOOP('',(#524,#525,#526,#527));
#3518=EDGE_LOOP('',(#528,#529,#530,#531));
#3519=EDGE_LOOP('',(#532,#533,#534,#535));
#3520=EDGE_LOOP('',(#536));
#3521=EDGE_LOOP('',(#537));
#3522=EDGE_LOOP('',(#538));
#3523=EDGE_LOOP('',(#539));
#3524=EDGE_LOOP('',(#540));
#3525=EDGE_LOOP('',(#541));
#3526=EDGE_LOOP('',(#542));
#3527=EDGE_LOOP('',(#543));
#3528=EDGE_LOOP('',(#544));
#3529=EDGE_LOOP('',(#545));
#3530=EDGE_LOOP('',(#546));
#3531=EDGE_LOOP('',(#547));
#3532=EDGE_LOOP('',(#548,#549,#550,#551));
#3533=EDGE_LOOP('',(#552,#553,#554,#555));
#3534=EDGE_LOOP('',(#556,#557,#558,#559));
#3535=EDGE_LOOP('',(#560,#561,#562,#563));
#3536=EDGE_LOOP('',(#564,#565,#566,#567));
#3537=EDGE_LOOP('',(#568,#569,#570,#571));
#3538=EDGE_LOOP('',(#572,#573,#574,#575));
#3539=EDGE_LOOP('',(#576,#577,#578,#579));
#3540=EDGE_LOOP('',(#580,#581,#582,#583,#584,#585,#586,#587));
#3541=EDGE_LOOP('',(#588,#589,#590,#591));
#3542=EDGE_LOOP('',(#592));
#3543=EDGE_LOOP('',(#593));
#3544=EDGE_LOOP('',(#594));
#3545=EDGE_LOOP('',(#595));
#3546=EDGE_LOOP('',(#596,#597,#598,#599,#600,#601,#602,#603));
#3547=EDGE_LOOP('',(#604,#605,#606,#607));
#3548=EDGE_LOOP('',(#608,#609,#610,#611));
#3549=EDGE_LOOP('',(#612,#613,#614,#615));
#3550=EDGE_LOOP('',(#616,#617,#618,#619));
#3551=EDGE_LOOP('',(#620,#621,#622,#623));
#3552=EDGE_LOOP('',(#624,#625,#626,#627));
#3553=EDGE_LOOP('',(#628,#629,#630,#631));
#3554=EDGE_LOOP('',(#632,#633,#634,#635));
#3555=EDGE_LOOP('',(#636,#637,#638,#639));
#3556=EDGE_LOOP('',(#640,#641,#642,#643));
#3557=EDGE_LOOP('',(#644,#645,#646,#647));
#3558=EDGE_LOOP('',(#648,#649,#650,#651));
#3559=EDGE_LOOP('',(#652,#653,#654,#655));
#3560=EDGE_LOOP('',(#656));
#3561=EDGE_LOOP('',(#657));
#3562=EDGE_LOOP('',(#658));
#3563=EDGE_LOOP('',(#659));
#3564=EDGE_LOOP('',(#660));
#3565=EDGE_LOOP('',(#661));
#3566=EDGE_LOOP('',(#662));
#3567=EDGE_LOOP('',(#663));
#3568=EDGE_LOOP('',(#664));
#3569=EDGE_LOOP('',(#665));
#3570=EDGE_LOOP('',(#666));
#3571=EDGE_LOOP('',(#667));
#3572=EDGE_LOOP('',(#668,#669,#670,#671));
#3573=EDGE_LOOP('',(#672,#673,#674,#675));
#3574=EDGE_LOOP('',(#676,#677,#678,#679));
#3575=EDGE_LOOP('',(#680,#681,#682,#683));
#3576=EDGE_LOOP('',(#684,#685,#686,#687));
#3577=EDGE_LOOP('',(#688,#689,#690,#691));
#3578=EDGE_LOOP('',(#692,#693,#694,#695));
#3579=EDGE_LOOP('',(#696,#697,#698,#699));
#3580=EDGE_LOOP('',(#700,#701,#702,#703,#704,#705,#706,#707));
#3581=EDGE_LOOP('',(#708,#709,#710,#711));
#3582=EDGE_LOOP('',(#712));
#3583=EDGE_LOOP('',(#713));
#3584=EDGE_LOOP('',(#714));
#3585=EDGE_LOOP('',(#715));
#3586=EDGE_LOOP('',(#716,#717,#718,#719,#720,#721,#722,#723));
#3587=EDGE_LOOP('',(#724,#725,#726,#727));
#3588=EDGE_LOOP('',(#728,#729,#730,#731));
#3589=EDGE_LOOP('',(#732,#733,#734,#735));
#3590=EDGE_LOOP('',(#736,#737,#738,#739));
#3591=EDGE_LOOP('',(#740,#741,#742,#743));
#3592=EDGE_LOOP('',(#744,#745,#746,#747));
#3593=EDGE_LOOP('',(#748,#749,#750,#751));
#3594=EDGE_LOOP('',(#752,#753,#754,#755));
#3595=EDGE_LOOP('',(#756,#757,#758,#759));
#3596=EDGE_LOOP('',(#760,#761,#762,#763));
#3597=EDGE_LOOP('',(#764,#765,#766,#767));
#3598=EDGE_LOOP('',(#768,#769,#770,#771));
#3599=EDGE_LOOP('',(#772,#773,#774,#775));
#3600=EDGE_LOOP('',(#776));
#3601=EDGE_LOOP('',(#777));
#3602=EDGE_LOOP('',(#778));
#3603=EDGE_LOOP('',(#779));
#3604=EDGE_LOOP('',(#780));
#3605=EDGE_LOOP('',(#781));
#3606=EDGE_LOOP('',(#782));
#3607=EDGE_LOOP('',(#783));
#3608=EDGE_LOOP('',(#784));
#3609=EDGE_LOOP('',(#785));
#3610=EDGE_LOOP('',(#786));
#3611=EDGE_LOOP('',(#787));
#3612=EDGE_LOOP('',(#788));
#3613=EDGE_LOOP('',(#789,#790));
#3614=EDGE_LOOP('',(#791));
#3615=EDGE_LOOP('',(#792,#793));
#3616=EDGE_LOOP('',(#794));
#3617=EDGE_LOOP('',(#795,#796));
#3618=EDGE_LOOP('',(#797));
#3619=EDGE_LOOP('',(#798,#799));
#3620=EDGE_LOOP('',(#800,#801));
#3621=EDGE_LOOP('',(#802,#803));
#3622=EDGE_LOOP('',(#804,#805));
#3623=EDGE_LOOP('',(#806,#807));
#3624=EDGE_LOOP('',(#808,#809));
#3625=EDGE_LOOP('',(#810));
#3626=EDGE_LOOP('',(#811));
#3627=EDGE_LOOP('',(#812));
#3628=EDGE_LOOP('',(#813));
#3629=EDGE_LOOP('',(#814));
#3630=EDGE_LOOP('',(#815,#816));
#3631=EDGE_LOOP('',(#817));
#3632=EDGE_LOOP('',(#818));
#3633=EDGE_LOOP('',(#819));
#3634=EDGE_LOOP('',(#820));
#3635=EDGE_LOOP('',(#821));
#3636=EDGE_LOOP('',(#822,#823,#824,#825));
#3637=EDGE_LOOP('',(#826,#827,#828,#829));
#3638=EDGE_LOOP('',(#830,#831,#832,#833));
#3639=EDGE_LOOP('',(#834));
#3640=EDGE_LOOP('',(#835));
#3641=EDGE_LOOP('',(#836));
#3642=EDGE_LOOP('',(#837));
#3643=EDGE_LOOP('',(#838,#839,#840,#841,#842,#843,#844,#845,#846,#847,#848,
#849,#850,#851,#852,#853,#854,#855,#856,#857,#858,#859,#860,#861));
#3644=EDGE_LOOP('',(#862));
#3645=EDGE_LOOP('',(#863));
#3646=EDGE_LOOP('',(#864));
#3647=EDGE_LOOP('',(#865));
#3648=EDGE_LOOP('',(#866));
#3649=EDGE_LOOP('',(#867));
#3650=EDGE_LOOP('',(#868));
#3651=EDGE_LOOP('',(#869));
#3652=EDGE_LOOP('',(#870));
#3653=EDGE_LOOP('',(#871));
#3654=EDGE_LOOP('',(#872));
#3655=EDGE_LOOP('',(#873));
#3656=EDGE_LOOP('',(#874));
#3657=EDGE_LOOP('',(#875));
#3658=EDGE_LOOP('',(#876));
#3659=EDGE_LOOP('',(#877));
#3660=EDGE_LOOP('',(#878));
#3661=EDGE_LOOP('',(#879));
#3662=EDGE_LOOP('',(#880));
#3663=EDGE_LOOP('',(#881));
#3664=EDGE_LOOP('',(#882,#883));
#3665=EDGE_LOOP('',(#884));
#3666=EDGE_LOOP('',(#885));
#3667=EDGE_LOOP('',(#886));
#3668=EDGE_LOOP('',(#887));
#3669=EDGE_LOOP('',(#888));
#3670=EDGE_LOOP('',(#889,#890));
#3671=EDGE_LOOP('',(#891));
#3672=EDGE_LOOP('',(#892));
#3673=EDGE_LOOP('',(#893));
#3674=EDGE_LOOP('',(#894));
#3675=EDGE_LOOP('',(#895));
#3676=EDGE_LOOP('',(#896));
#3677=EDGE_LOOP('',(#897));
#3678=EDGE_LOOP('',(#898));
#3679=EDGE_LOOP('',(#899));
#3680=EDGE_LOOP('',(#900,#901,#902,#903));
#3681=EDGE_LOOP('',(#904,#905,#906,#907));
#3682=EDGE_LOOP('',(#908,#909,#910,#911));
#3683=EDGE_LOOP('',(#912));
#3684=EDGE_LOOP('',(#913));
#3685=EDGE_LOOP('',(#914));
#3686=EDGE_LOOP('',(#915));
#3687=EDGE_LOOP('',(#916));
#3688=EDGE_LOOP('',(#917));
#3689=EDGE_LOOP('',(#918));
#3690=EDGE_LOOP('',(#919));
#3691=EDGE_LOOP('',(#920,#921));
#3692=EDGE_LOOP('',(#922));
#3693=EDGE_LOOP('',(#923));
#3694=EDGE_LOOP('',(#924));
#3695=EDGE_LOOP('',(#925));
#3696=EDGE_LOOP('',(#926));
#3697=EDGE_LOOP('',(#927,#928));
#3698=EDGE_LOOP('',(#929));
#3699=EDGE_LOOP('',(#930));
#3700=EDGE_LOOP('',(#931));
#3701=EDGE_LOOP('',(#932));
#3702=EDGE_LOOP('',(#933));
#3703=EDGE_LOOP('',(#934,#935,#936,#937));
#3704=EDGE_LOOP('',(#938,#939,#940,#941));
#3705=EDGE_LOOP('',(#942,#943,#944,#945));
#3706=EDGE_LOOP('',(#946));
#3707=EDGE_LOOP('',(#947));
#3708=EDGE_LOOP('',(#948));
#3709=EDGE_LOOP('',(#949));
#3710=EDGE_LOOP('',(#950,#951));
#3711=EDGE_LOOP('',(#952));
#3712=EDGE_LOOP('',(#953));
#3713=EDGE_LOOP('',(#954));
#3714=EDGE_LOOP('',(#955));
#3715=EDGE_LOOP('',(#956));
#3716=EDGE_LOOP('',(#957,#958));
#3717=EDGE_LOOP('',(#959));
#3718=EDGE_LOOP('',(#960,#961));
#3719=EDGE_LOOP('',(#962));
#3720=EDGE_LOOP('',(#963));
#3721=EDGE_LOOP('',(#964));
#3722=EDGE_LOOP('',(#965));
#3723=EDGE_LOOP('',(#966));
#3724=EDGE_LOOP('',(#967,#968));
#3725=EDGE_LOOP('',(#969));
#3726=EDGE_LOOP('',(#970));
#3727=EDGE_LOOP('',(#971));
#3728=EDGE_LOOP('',(#972));
#3729=EDGE_LOOP('',(#973));
#3730=EDGE_LOOP('',(#974,#975,#976,#977));
#3731=EDGE_LOOP('',(#978,#979,#980,#981));
#3732=EDGE_LOOP('',(#982,#983,#984,#985));
#3733=EDGE_LOOP('',(#986));
#3734=EDGE_LOOP('',(#987));
#3735=EDGE_LOOP('',(#988));
#3736=EDGE_LOOP('',(#989));
#3737=EDGE_LOOP('',(#990,#991));
#3738=EDGE_LOOP('',(#992));
#3739=EDGE_LOOP('',(#993));
#3740=EDGE_LOOP('',(#994));
#3741=EDGE_LOOP('',(#995));
#3742=EDGE_LOOP('',(#996));
#3743=EDGE_LOOP('',(#997,#998));
#3744=EDGE_LOOP('',(#999));
#3745=EDGE_LOOP('',(#1000));
#3746=EDGE_LOOP('',(#1001));
#3747=EDGE_LOOP('',(#1002));
#3748=EDGE_LOOP('',(#1003));
#3749=EDGE_LOOP('',(#1004));
#3750=EDGE_LOOP('',(#1005));
#3751=EDGE_LOOP('',(#1006));
#3752=EDGE_LOOP('',(#1007));
#3753=EDGE_LOOP('',(#1008));
#3754=EDGE_LOOP('',(#1009));
#3755=EDGE_LOOP('',(#1010));
#3756=EDGE_LOOP('',(#1011));
#3757=EDGE_LOOP('',(#1012));
#3758=EDGE_LOOP('',(#1013));
#3759=EDGE_LOOP('',(#1014));
#3760=EDGE_LOOP('',(#1015));
#3761=EDGE_LOOP('',(#1016));
#3762=EDGE_LOOP('',(#1017));
#3763=EDGE_LOOP('',(#1018));
#3764=EDGE_LOOP('',(#1019));
#3765=EDGE_LOOP('',(#1020));
#3766=EDGE_LOOP('',(#1021));
#3767=EDGE_LOOP('',(#1022));
#3768=EDGE_LOOP('',(#1023));
#3769=EDGE_LOOP('',(#1024,#1025,#1026,#1027,#1028,#1029,#1030,#1031,#1032,
#1033,#1034,#1035,#1036,#1037,#1038,#1039,#1040,#1041,#1042,#1043,#1044,
#1045,#1046,#1047));
#3770=EDGE_LOOP('',(#1048));
#3771=EDGE_LOOP('',(#1049));
#3772=EDGE_LOOP('',(#1050));
#3773=EDGE_LOOP('',(#1051));
#3774=EDGE_LOOP('',(#1052,#1053));
#3775=EDGE_LOOP('',(#1054,#1055,#1056,#1057,#1058,#1059,#1060,#1061));
#3776=EDGE_LOOP('',(#1062));
#3777=EDGE_LOOP('',(#1063,#1064));
#3778=EDGE_LOOP('',(#1065,#1066,#1067,#1068,#1069,#1070,#1071,#1072));
#3779=EDGE_LOOP('',(#1073));
#3780=EDGE_LOOP('',(#1074,#1075));
#3781=EDGE_LOOP('',(#1076,#1077,#1078,#1079,#1080,#1081,#1082,#1083));
#3782=EDGE_LOOP('',(#1084));
#3783=EDGE_LOOP('',(#1085,#1086));
#3784=EDGE_LOOP('',(#1087,#1088,#1089,#1090,#1091,#1092,#1093,#1094));
#3785=EDGE_LOOP('',(#1095));
#3786=EDGE_LOOP('',(#1096,#1097,#1098,#1099,#1100));
#3787=EDGE_LOOP('',(#1101,#1102,#1103,#1104,#1105));
#3788=EDGE_LOOP('',(#1106,#1107,#1108,#1109));
#3789=EDGE_LOOP('',(#1110,#1111,#1112,#1113));
#3790=EDGE_LOOP('',(#1114,#1115,#1116,#1117,#1118));
#3791=EDGE_LOOP('',(#1119,#1120,#1121,#1122,#1123));
#3792=EDGE_LOOP('',(#1124,#1125,#1126,#1127));
#3793=EDGE_LOOP('',(#1128,#1129,#1130,#1131));
#3794=EDGE_LOOP('',(#1132,#1133,#1134,#1135,#1136));
#3795=EDGE_LOOP('',(#1137,#1138,#1139,#1140,#1141));
#3796=EDGE_LOOP('',(#1142,#1143,#1144,#1145));
#3797=EDGE_LOOP('',(#1146,#1147,#1148,#1149));
#3798=EDGE_LOOP('',(#1150,#1151,#1152,#1153,#1154));
#3799=EDGE_LOOP('',(#1155,#1156,#1157,#1158,#1159));
#3800=EDGE_LOOP('',(#1160,#1161,#1162,#1163));
#3801=EDGE_LOOP('',(#1164,#1165,#1166,#1167));
#3802=EDGE_LOOP('',(#1168,#1169,#1170,#1171,#1172));
#3803=EDGE_LOOP('',(#1173,#1174,#1175,#1176,#1177));
#3804=EDGE_LOOP('',(#1178,#1179));
#3805=EDGE_LOOP('',(#1180,#1181));
#3806=EDGE_LOOP('',(#1182,#1183,#1184,#1185,#1186,#1187,#1188,#1189));
#3807=EDGE_LOOP('',(#1190));
#3808=EDGE_LOOP('',(#1191,#1192,#1193,#1194));
#3809=EDGE_LOOP('',(#1195,#1196,#1197,#1198));
#3810=EDGE_LOOP('',(#1199,#1200));
#3811=EDGE_LOOP('',(#1201,#1202,#1203,#1204,#1205));
#3812=EDGE_LOOP('',(#1206,#1207,#1208,#1209,#1210));
#3813=EDGE_LOOP('',(#1211,#1212));
#3814=EDGE_LOOP('',(#1213,#1214,#1215,#1216,#1217,#1218,#1219,#1220));
#3815=EDGE_LOOP('',(#1221));
#3816=EDGE_LOOP('',(#1222,#1223,#1224,#1225));
#3817=EDGE_LOOP('',(#1226,#1227,#1228,#1229));
#3818=EDGE_LOOP('',(#1230,#1231));
#3819=EDGE_LOOP('',(#1232,#1233,#1234,#1235,#1236));
#3820=EDGE_LOOP('',(#1237,#1238,#1239,#1240,#1241));
#3821=EDGE_LOOP('',(#1242,#1243));
#3822=EDGE_LOOP('',(#1244,#1245,#1246,#1247,#1248,#1249,#1250,#1251));
#3823=EDGE_LOOP('',(#1252));
#3824=EDGE_LOOP('',(#1253,#1254,#1255,#1256));
#3825=EDGE_LOOP('',(#1257,#1258,#1259,#1260));
#3826=EDGE_LOOP('',(#1261,#1262,#1263,#1264,#1265));
#3827=EDGE_LOOP('',(#1266,#1267,#1268,#1269,#1270));
#3828=EDGE_LOOP('',(#1271,#1272));
#3829=EDGE_LOOP('',(#1273,#1274));
#3830=EDGE_LOOP('',(#1275,#1276,#1277,#1278,#1279,#1280,#1281,#1282));
#3831=EDGE_LOOP('',(#1283));
#3832=EDGE_LOOP('',(#1284,#1285,#1286,#1287));
#3833=EDGE_LOOP('',(#1288,#1289,#1290,#1291));
#3834=EDGE_LOOP('',(#1292,#1293,#1294,#1295,#1296));
#3835=EDGE_LOOP('',(#1297,#1298,#1299,#1300,#1301));
#3836=EDGE_LOOP('',(#1302,#1303));
#3837=EDGE_LOOP('',(#1304,#1305));
#3838=EDGE_LOOP('',(#1306,#1307,#1308,#1309,#1310,#1311,#1312,#1313));
#3839=EDGE_LOOP('',(#1314));
#3840=EDGE_LOOP('',(#1315,#1316,#1317,#1318));
#3841=EDGE_LOOP('',(#1319,#1320,#1321,#1322));
#3842=EDGE_LOOP('',(#1323,#1324));
#3843=EDGE_LOOP('',(#1325,#1326,#1327,#1328,#1329));
#3844=EDGE_LOOP('',(#1330,#1331,#1332,#1333,#1334));
#3845=EDGE_LOOP('',(#1335,#1336));
#3846=EDGE_LOOP('',(#1337,#1338,#1339,#1340,#1341,#1342,#1343,#1344));
#3847=EDGE_LOOP('',(#1345));
#3848=EDGE_LOOP('',(#1346,#1347,#1348,#1349));
#3849=EDGE_LOOP('',(#1350,#1351,#1352,#1353));
#3850=EDGE_LOOP('',(#1354,#1355));
#3851=EDGE_LOOP('',(#1356,#1357,#1358,#1359,#1360));
#3852=EDGE_LOOP('',(#1361,#1362,#1363,#1364,#1365));
#3853=EDGE_LOOP('',(#1366,#1367));
#3854=EDGE_LOOP('',(#1368,#1369,#1370,#1371,#1372,#1373,#1374,#1375));
#3855=EDGE_LOOP('',(#1376));
#3856=EDGE_LOOP('',(#1377,#1378,#1379,#1380));
#3857=EDGE_LOOP('',(#1381,#1382,#1383,#1384));
#3858=EDGE_LOOP('',(#1385,#1386,#1387,#1388,#1389));
#3859=EDGE_LOOP('',(#1390,#1391,#1392,#1393,#1394));
#3860=EDGE_LOOP('',(#1395,#1396));
#3861=EDGE_LOOP('',(#1397,#1398));
#3862=EDGE_LOOP('',(#1399,#1400,#1401,#1402,#1403,#1404,#1405,#1406));
#3863=EDGE_LOOP('',(#1407));
#3864=EDGE_LOOP('',(#1408,#1409,#1410,#1411));
#3865=EDGE_LOOP('',(#1412,#1413,#1414,#1415));
#3866=EDGE_LOOP('',(#1416,#1417,#1418,#1419,#1420));
#3867=EDGE_LOOP('',(#1421,#1422,#1423,#1424,#1425));
#3868=EDGE_LOOP('',(#1426,#1427));
#3869=EDGE_LOOP('',(#1428,#1429));
#3870=EDGE_LOOP('',(#1430,#1431,#1432,#1433,#1434,#1435,#1436,#1437));
#3871=EDGE_LOOP('',(#1438));
#3872=EDGE_LOOP('',(#1439,#1440,#1441,#1442));
#3873=EDGE_LOOP('',(#1443,#1444,#1445,#1446));
#3874=EDGE_LOOP('',(#1447,#1448));
#3875=EDGE_LOOP('',(#1449,#1450,#1451,#1452,#1453));
#3876=EDGE_LOOP('',(#1454,#1455,#1456,#1457,#1458));
#3877=EDGE_LOOP('',(#1459,#1460));
#3878=EDGE_LOOP('',(#1461,#1462,#1463,#1464,#1465,#1466,#1467,#1468));
#3879=EDGE_LOOP('',(#1469));
#3880=EDGE_LOOP('',(#1470,#1471,#1472,#1473));
#3881=EDGE_LOOP('',(#1474,#1475,#1476,#1477));
#3882=EDGE_LOOP('',(#1478,#1479));
#3883=EDGE_LOOP('',(#1480,#1481,#1482,#1483,#1484));
#3884=EDGE_LOOP('',(#1485,#1486,#1487,#1488,#1489));
#3885=EDGE_LOOP('',(#1490,#1491));
#3886=EDGE_LOOP('',(#1492,#1493,#1494,#1495,#1496,#1497,#1498,#1499));
#3887=EDGE_LOOP('',(#1500));
#3888=EDGE_LOOP('',(#1501,#1502,#1503,#1504));
#3889=EDGE_LOOP('',(#1505,#1506,#1507,#1508));
#3890=EDGE_LOOP('',(#1509,#1510,#1511,#1512,#1513));
#3891=EDGE_LOOP('',(#1514,#1515,#1516,#1517,#1518));
#3892=EDGE_LOOP('',(#1519,#1520));
#3893=EDGE_LOOP('',(#1521,#1522));
#3894=EDGE_LOOP('',(#1523,#1524,#1525,#1526,#1527,#1528,#1529,#1530));
#3895=EDGE_LOOP('',(#1531));
#3896=EDGE_LOOP('',(#1532,#1533,#1534,#1535));
#3897=EDGE_LOOP('',(#1536,#1537,#1538,#1539));
#3898=EDGE_LOOP('',(#1540,#1541,#1542,#1543));
#3899=EDGE_LOOP('',(#1544,#1545,#1546,#1547));
#3900=EDGE_LOOP('',(#1548,#1549,#1550,#1551));
#3901=EDGE_LOOP('',(#1552,#1553,#1554,#1555));
#3902=EDGE_LOOP('',(#1556,#1557,#1558,#1559));
#3903=EDGE_LOOP('',(#1560,#1561,#1562,#1563));
#3904=EDGE_LOOP('',(#1564,#1565,#1566,#1567));
#3905=EDGE_LOOP('',(#1568,#1569,#1570,#1571));
#3906=EDGE_LOOP('',(#1572,#1573,#1574,#1575));
#3907=EDGE_LOOP('',(#1576,#1577,#1578,#1579));
#3908=EDGE_LOOP('',(#1580,#1581,#1582,#1583));
#3909=EDGE_LOOP('',(#1584,#1585,#1586,#1587));
#3910=EDGE_LOOP('',(#1588,#1589,#1590,#1591));
#3911=EDGE_LOOP('',(#1592,#1593,#1594,#1595));
#3912=EDGE_LOOP('',(#1596,#1597,#1598,#1599));
#3913=EDGE_LOOP('',(#1600,#1601,#1602,#1603));
#3914=EDGE_LOOP('',(#1604,#1605,#1606,#1607));
#3915=EDGE_LOOP('',(#1608,#1609,#1610,#1611));
#3916=EDGE_LOOP('',(#1612,#1613,#1614,#1615));
#3917=EDGE_LOOP('',(#1616,#1617,#1618,#1619));
#3918=EDGE_LOOP('',(#1620,#1621,#1622,#1623,#1624,#1625,#1626,#1627));
#3919=EDGE_LOOP('',(#1628,#1629,#1630,#1631));
#3920=EDGE_LOOP('',(#1632));
#3921=EDGE_LOOP('',(#1633));
#3922=EDGE_LOOP('',(#1634));
#3923=EDGE_LOOP('',(#1635));
#3924=EDGE_LOOP('',(#1636,#1637,#1638,#1639,#1640,#1641,#1642,#1643));
#3925=EDGE_LOOP('',(#1644,#1645,#1646,#1647));
#3926=EDGE_LOOP('',(#1648,#1649,#1650,#1651));
#3927=EDGE_LOOP('',(#1652,#1653,#1654,#1655));
#3928=EDGE_LOOP('',(#1656,#1657,#1658,#1659));
#3929=EDGE_LOOP('',(#1660,#1661,#1662,#1663));
#3930=EDGE_LOOP('',(#1664,#1665,#1666,#1667));
#3931=EDGE_LOOP('',(#1668,#1669,#1670,#1671));
#3932=EDGE_LOOP('',(#1672,#1673,#1674,#1675));
#3933=EDGE_LOOP('',(#1676,#1677,#1678,#1679));
#3934=EDGE_LOOP('',(#1680,#1681,#1682,#1683));
#3935=EDGE_LOOP('',(#1684,#1685,#1686,#1687));
#3936=EDGE_LOOP('',(#1688,#1689,#1690,#1691));
#3937=EDGE_LOOP('',(#1692,#1693,#1694,#1695));
#3938=EDGE_LOOP('',(#1696));
#3939=EDGE_LOOP('',(#1697));
#3940=EDGE_LOOP('',(#1698));
#3941=EDGE_LOOP('',(#1699));
#3942=EDGE_LOOP('',(#1700));
#3943=EDGE_LOOP('',(#1701));
#3944=EDGE_LOOP('',(#1702));
#3945=EDGE_LOOP('',(#1703));
#3946=EDGE_LOOP('',(#1704));
#3947=EDGE_LOOP('',(#1705));
#3948=EDGE_LOOP('',(#1706));
#3949=EDGE_LOOP('',(#1707));
#3950=FACE_BOUND('',#3492,.T.);
#3951=FACE_BOUND('',#3493,.T.);
#3952=FACE_BOUND('',#3494,.T.);
#3953=FACE_BOUND('',#3495,.T.);
#3954=FACE_BOUND('',#3496,.T.);
#3955=FACE_BOUND('',#3497,.T.);
#3956=FACE_BOUND('',#3498,.T.);
#3957=FACE_BOUND('',#3499,.T.);
#3958=FACE_BOUND('',#3500,.T.);
#3959=FACE_BOUND('',#3501,.T.);
#3960=FACE_BOUND('',#3502,.T.);
#3961=FACE_BOUND('',#3503,.T.);
#3962=FACE_BOUND('',#3504,.T.);
#3963=FACE_BOUND('',#3505,.T.);
#3964=FACE_BOUND('',#3506,.T.);
#3965=FACE_BOUND('',#3507,.T.);
#3966=FACE_BOUND('',#3508,.T.);
#3967=FACE_BOUND('',#3509,.T.);
#3968=FACE_BOUND('',#3510,.T.);
#3969=FACE_BOUND('',#3511,.T.);
#3970=FACE_BOUND('',#3512,.T.);
#3971=FACE_BOUND('',#3513,.T.);
#3972=FACE_BOUND('',#3514,.T.);
#3973=FACE_BOUND('',#3515,.T.);
#3974=FACE_BOUND('',#3516,.T.);
#3975=FACE_BOUND('',#3517,.T.);
#3976=FACE_BOUND('',#3518,.T.);
#3977=FACE_BOUND('',#3519,.T.);
#3978=FACE_BOUND('',#3520,.T.);
#3979=FACE_BOUND('',#3521,.T.);
#3980=FACE_BOUND('',#3522,.T.);
#3981=FACE_BOUND('',#3523,.T.);
#3982=FACE_BOUND('',#3524,.T.);
#3983=FACE_BOUND('',#3525,.T.);
#3984=FACE_BOUND('',#3526,.T.);
#3985=FACE_BOUND('',#3527,.T.);
#3986=FACE_BOUND('',#3528,.T.);
#3987=FACE_BOUND('',#3529,.T.);
#3988=FACE_BOUND('',#3530,.T.);
#3989=FACE_BOUND('',#3531,.T.);
#3990=FACE_BOUND('',#3532,.T.);
#3991=FACE_BOUND('',#3533,.T.);
#3992=FACE_BOUND('',#3534,.T.);
#3993=FACE_BOUND('',#3535,.T.);
#3994=FACE_BOUND('',#3536,.T.);
#3995=FACE_BOUND('',#3537,.T.);
#3996=FACE_BOUND('',#3538,.T.);
#3997=FACE_BOUND('',#3539,.T.);
#3998=FACE_BOUND('',#3540,.T.);
#3999=FACE_BOUND('',#3541,.T.);
#4000=FACE_BOUND('',#3542,.T.);
#4001=FACE_BOUND('',#3543,.T.);
#4002=FACE_BOUND('',#3544,.T.);
#4003=FACE_BOUND('',#3545,.T.);
#4004=FACE_BOUND('',#3546,.T.);
#4005=FACE_BOUND('',#3547,.T.);
#4006=FACE_BOUND('',#3548,.T.);
#4007=FACE_BOUND('',#3549,.T.);
#4008=FACE_BOUND('',#3550,.T.);
#4009=FACE_BOUND('',#3551,.T.);
#4010=FACE_BOUND('',#3552,.T.);
#4011=FACE_BOUND('',#3553,.T.);
#4012=FACE_BOUND('',#3554,.T.);
#4013=FACE_BOUND('',#3555,.T.);
#4014=FACE_BOUND('',#3556,.T.);
#4015=FACE_BOUND('',#3557,.T.);
#4016=FACE_BOUND('',#3558,.T.);
#4017=FACE_BOUND('',#3559,.T.);
#4018=FACE_BOUND('',#3560,.T.);
#4019=FACE_BOUND('',#3561,.T.);
#4020=FACE_BOUND('',#3562,.T.);
#4021=FACE_BOUND('',#3563,.T.);
#4022=FACE_BOUND('',#3564,.T.);
#4023=FACE_BOUND('',#3565,.T.);
#4024=FACE_BOUND('',#3566,.T.);
#4025=FACE_BOUND('',#3567,.T.);
#4026=FACE_BOUND('',#3568,.T.);
#4027=FACE_BOUND('',#3569,.T.);
#4028=FACE_BOUND('',#3570,.T.);
#4029=FACE_BOUND('',#3571,.T.);
#4030=FACE_BOUND('',#3572,.T.);
#4031=FACE_BOUND('',#3573,.T.);
#4032=FACE_BOUND('',#3574,.T.);
#4033=FACE_BOUND('',#3575,.T.);
#4034=FACE_BOUND('',#3576,.T.);
#4035=FACE_BOUND('',#3577,.T.);
#4036=FACE_BOUND('',#3578,.T.);
#4037=FACE_BOUND('',#3579,.T.);
#4038=FACE_BOUND('',#3580,.T.);
#4039=FACE_BOUND('',#3581,.T.);
#4040=FACE_BOUND('',#3582,.T.);
#4041=FACE_BOUND('',#3583,.T.);
#4042=FACE_BOUND('',#3584,.T.);
#4043=FACE_BOUND('',#3585,.T.);
#4044=FACE_BOUND('',#3586,.T.);
#4045=FACE_BOUND('',#3587,.T.);
#4046=FACE_BOUND('',#3588,.T.);
#4047=FACE_BOUND('',#3589,.T.);
#4048=FACE_BOUND('',#3590,.T.);
#4049=FACE_BOUND('',#3591,.T.);
#4050=FACE_BOUND('',#3592,.T.);
#4051=FACE_BOUND('',#3593,.T.);
#4052=FACE_BOUND('',#3594,.T.);
#4053=FACE_BOUND('',#3595,.T.);
#4054=FACE_BOUND('',#3596,.T.);
#4055=FACE_BOUND('',#3597,.T.);
#4056=FACE_BOUND('',#3598,.T.);
#4057=FACE_BOUND('',#3599,.T.);
#4058=FACE_BOUND('',#3600,.T.);
#4059=FACE_BOUND('',#3601,.T.);
#4060=FACE_BOUND('',#3602,.T.);
#4061=FACE_BOUND('',#3603,.T.);
#4062=FACE_BOUND('',#3604,.T.);
#4063=FACE_BOUND('',#3605,.T.);
#4064=FACE_BOUND('',#3606,.T.);
#4065=FACE_BOUND('',#3607,.T.);
#4066=FACE_BOUND('',#3608,.T.);
#4067=FACE_BOUND('',#3609,.T.);
#4068=FACE_BOUND('',#3610,.T.);
#4069=FACE_BOUND('',#3611,.T.);
#4070=FACE_BOUND('',#3612,.T.);
#4071=FACE_BOUND('',#3613,.T.);
#4072=FACE_BOUND('',#3614,.T.);
#4073=FACE_BOUND('',#3615,.T.);
#4074=FACE_BOUND('',#3616,.T.);
#4075=FACE_BOUND('',#3617,.T.);
#4076=FACE_BOUND('',#3618,.T.);
#4077=FACE_BOUND('',#3619,.T.);
#4078=FACE_BOUND('',#3620,.T.);
#4079=FACE_BOUND('',#3621,.T.);
#4080=FACE_BOUND('',#3622,.T.);
#4081=FACE_BOUND('',#3623,.T.);
#4082=FACE_BOUND('',#3624,.T.);
#4083=FACE_BOUND('',#3625,.T.);
#4084=FACE_BOUND('',#3626,.T.);
#4085=FACE_BOUND('',#3627,.T.);
#4086=FACE_BOUND('',#3628,.T.);
#4087=FACE_BOUND('',#3629,.T.);
#4088=FACE_BOUND('',#3630,.T.);
#4089=FACE_BOUND('',#3631,.T.);
#4090=FACE_BOUND('',#3632,.T.);
#4091=FACE_BOUND('',#3633,.T.);
#4092=FACE_BOUND('',#3634,.T.);
#4093=FACE_BOUND('',#3635,.T.);
#4094=FACE_BOUND('',#3636,.T.);
#4095=FACE_BOUND('',#3637,.T.);
#4096=FACE_BOUND('',#3638,.T.);
#4097=FACE_BOUND('',#3639,.T.);
#4098=FACE_BOUND('',#3640,.T.);
#4099=FACE_BOUND('',#3641,.T.);
#4100=FACE_BOUND('',#3642,.T.);
#4101=FACE_BOUND('',#3643,.T.);
#4102=FACE_BOUND('',#3644,.T.);
#4103=FACE_BOUND('',#3645,.T.);
#4104=FACE_BOUND('',#3646,.T.);
#4105=FACE_BOUND('',#3647,.T.);
#4106=FACE_BOUND('',#3648,.T.);
#4107=FACE_BOUND('',#3649,.T.);
#4108=FACE_BOUND('',#3650,.T.);
#4109=FACE_BOUND('',#3651,.T.);
#4110=FACE_BOUND('',#3652,.T.);
#4111=FACE_BOUND('',#3653,.T.);
#4112=FACE_BOUND('',#3654,.T.);
#4113=FACE_BOUND('',#3655,.T.);
#4114=FACE_BOUND('',#3656,.T.);
#4115=FACE_BOUND('',#3657,.T.);
#4116=FACE_BOUND('',#3658,.T.);
#4117=FACE_BOUND('',#3659,.T.);
#4118=FACE_BOUND('',#3660,.T.);
#4119=FACE_BOUND('',#3661,.T.);
#4120=FACE_BOUND('',#3662,.T.);
#4121=FACE_BOUND('',#3663,.T.);
#4122=FACE_BOUND('',#3664,.T.);
#4123=FACE_BOUND('',#3665,.T.);
#4124=FACE_BOUND('',#3666,.T.);
#4125=FACE_BOUND('',#3667,.T.);
#4126=FACE_BOUND('',#3668,.T.);
#4127=FACE_BOUND('',#3669,.T.);
#4128=FACE_BOUND('',#3670,.T.);
#4129=FACE_BOUND('',#3671,.T.);
#4130=FACE_BOUND('',#3672,.T.);
#4131=FACE_BOUND('',#3673,.T.);
#4132=FACE_BOUND('',#3674,.T.);
#4133=FACE_BOUND('',#3675,.T.);
#4134=FACE_BOUND('',#3676,.T.);
#4135=FACE_BOUND('',#3677,.T.);
#4136=FACE_BOUND('',#3678,.T.);
#4137=FACE_BOUND('',#3679,.T.);
#4138=FACE_BOUND('',#3680,.T.);
#4139=FACE_BOUND('',#3681,.T.);
#4140=FACE_BOUND('',#3682,.T.);
#4141=FACE_BOUND('',#3683,.T.);
#4142=FACE_BOUND('',#3684,.T.);
#4143=FACE_BOUND('',#3685,.T.);
#4144=FACE_BOUND('',#3686,.T.);
#4145=FACE_BOUND('',#3687,.T.);
#4146=FACE_BOUND('',#3688,.T.);
#4147=FACE_BOUND('',#3689,.T.);
#4148=FACE_BOUND('',#3690,.T.);
#4149=FACE_BOUND('',#3691,.T.);
#4150=FACE_BOUND('',#3692,.T.);
#4151=FACE_BOUND('',#3693,.T.);
#4152=FACE_BOUND('',#3694,.T.);
#4153=FACE_BOUND('',#3695,.T.);
#4154=FACE_BOUND('',#3696,.T.);
#4155=FACE_BOUND('',#3697,.T.);
#4156=FACE_BOUND('',#3698,.T.);
#4157=FACE_BOUND('',#3699,.T.);
#4158=FACE_BOUND('',#3700,.T.);
#4159=FACE_BOUND('',#3701,.T.);
#4160=FACE_BOUND('',#3702,.T.);
#4161=FACE_BOUND('',#3703,.T.);
#4162=FACE_BOUND('',#3704,.T.);
#4163=FACE_BOUND('',#3705,.T.);
#4164=FACE_BOUND('',#3706,.T.);
#4165=FACE_BOUND('',#3707,.T.);
#4166=FACE_BOUND('',#3708,.T.);
#4167=FACE_BOUND('',#3709,.T.);
#4168=FACE_BOUND('',#3710,.T.);
#4169=FACE_BOUND('',#3711,.T.);
#4170=FACE_BOUND('',#3712,.T.);
#4171=FACE_BOUND('',#3713,.T.);
#4172=FACE_BOUND('',#3714,.T.);
#4173=FACE_BOUND('',#3715,.T.);
#4174=FACE_BOUND('',#3716,.T.);
#4175=FACE_BOUND('',#3717,.T.);
#4176=FACE_BOUND('',#3718,.T.);
#4177=FACE_BOUND('',#3719,.T.);
#4178=FACE_BOUND('',#3720,.T.);
#4179=FACE_BOUND('',#3721,.T.);
#4180=FACE_BOUND('',#3722,.T.);
#4181=FACE_BOUND('',#3723,.T.);
#4182=FACE_BOUND('',#3724,.T.);
#4183=FACE_BOUND('',#3725,.T.);
#4184=FACE_BOUND('',#3726,.T.);
#4185=FACE_BOUND('',#3727,.T.);
#4186=FACE_BOUND('',#3728,.T.);
#4187=FACE_BOUND('',#3729,.T.);
#4188=FACE_BOUND('',#3730,.T.);
#4189=FACE_BOUND('',#3731,.T.);
#4190=FACE_BOUND('',#3732,.T.);
#4191=FACE_BOUND('',#3733,.T.);
#4192=FACE_BOUND('',#3734,.T.);
#4193=FACE_BOUND('',#3735,.T.);
#4194=FACE_BOUND('',#3736,.T.);
#4195=FACE_BOUND('',#3737,.T.);
#4196=FACE_BOUND('',#3738,.T.);
#4197=FACE_BOUND('',#3739,.T.);
#4198=FACE_BOUND('',#3740,.T.);
#4199=FACE_BOUND('',#3741,.T.);
#4200=FACE_BOUND('',#3742,.T.);
#4201=FACE_BOUND('',#3743,.T.);
#4202=FACE_BOUND('',#3744,.T.);
#4203=FACE_BOUND('',#3745,.T.);
#4204=FACE_BOUND('',#3746,.T.);
#4205=FACE_BOUND('',#3747,.T.);
#4206=FACE_BOUND('',#3748,.T.);
#4207=FACE_BOUND('',#3749,.T.);
#4208=FACE_BOUND('',#3750,.T.);
#4209=FACE_BOUND('',#3751,.T.);
#4210=FACE_BOUND('',#3752,.T.);
#4211=FACE_BOUND('',#3753,.T.);
#4212=FACE_BOUND('',#3754,.T.);
#4213=FACE_BOUND('',#3755,.T.);
#4214=FACE_BOUND('',#3756,.T.);
#4215=FACE_BOUND('',#3757,.T.);
#4216=FACE_BOUND('',#3758,.T.);
#4217=FACE_BOUND('',#3759,.T.);
#4218=FACE_BOUND('',#3760,.T.);
#4219=FACE_BOUND('',#3761,.T.);
#4220=FACE_BOUND('',#3762,.T.);
#4221=FACE_BOUND('',#3763,.T.);
#4222=FACE_BOUND('',#3764,.T.);
#4223=FACE_BOUND('',#3765,.T.);
#4224=FACE_BOUND('',#3766,.T.);
#4225=FACE_BOUND('',#3767,.T.);
#4226=FACE_BOUND('',#3768,.T.);
#4227=FACE_BOUND('',#3769,.T.);
#4228=FACE_BOUND('',#3770,.T.);
#4229=FACE_BOUND('',#3771,.T.);
#4230=FACE_BOUND('',#3772,.T.);
#4231=FACE_BOUND('',#3773,.T.);
#4232=FACE_BOUND('',#3774,.T.);
#4233=FACE_BOUND('',#3775,.T.);
#4234=FACE_BOUND('',#3776,.T.);
#4235=FACE_BOUND('',#3777,.T.);
#4236=FACE_BOUND('',#3778,.T.);
#4237=FACE_BOUND('',#3779,.T.);
#4238=FACE_BOUND('',#3780,.T.);
#4239=FACE_BOUND('',#3781,.T.);
#4240=FACE_BOUND('',#3782,.T.);
#4241=FACE_BOUND('',#3783,.T.);
#4242=FACE_BOUND('',#3784,.T.);
#4243=FACE_BOUND('',#3785,.T.);
#4244=FACE_BOUND('',#3786,.T.);
#4245=FACE_BOUND('',#3787,.T.);
#4246=FACE_BOUND('',#3788,.T.);
#4247=FACE_BOUND('',#3789,.T.);
#4248=FACE_BOUND('',#3790,.T.);
#4249=FACE_BOUND('',#3791,.T.);
#4250=FACE_BOUND('',#3792,.T.);
#4251=FACE_BOUND('',#3793,.T.);
#4252=FACE_BOUND('',#3794,.T.);
#4253=FACE_BOUND('',#3795,.T.);
#4254=FACE_BOUND('',#3796,.T.);
#4255=FACE_BOUND('',#3797,.T.);
#4256=FACE_BOUND('',#3798,.T.);
#4257=FACE_BOUND('',#3799,.T.);
#4258=FACE_BOUND('',#3800,.T.);
#4259=FACE_BOUND('',#3801,.T.);
#4260=FACE_BOUND('',#3802,.T.);
#4261=FACE_BOUND('',#3803,.T.);
#4262=FACE_BOUND('',#3804,.T.);
#4263=FACE_BOUND('',#3805,.T.);
#4264=FACE_BOUND('',#3806,.T.);
#4265=FACE_BOUND('',#3807,.T.);
#4266=FACE_BOUND('',#3808,.T.);
#4267=FACE_BOUND('',#3809,.T.);
#4268=FACE_BOUND('',#3810,.T.);
#4269=FACE_BOUND('',#3811,.T.);
#4270=FACE_BOUND('',#3812,.T.);
#4271=FACE_BOUND('',#3813,.T.);
#4272=FACE_BOUND('',#3814,.T.);
#4273=FACE_BOUND('',#3815,.T.);
#4274=FACE_BOUND('',#3816,.T.);
#4275=FACE_BOUND('',#3817,.T.);
#4276=FACE_BOUND('',#3818,.T.);
#4277=FACE_BOUND('',#3819,.T.);
#4278=FACE_BOUND('',#3820,.T.);
#4279=FACE_BOUND('',#3821,.T.);
#4280=FACE_BOUND('',#3822,.T.);
#4281=FACE_BOUND('',#3823,.T.);
#4282=FACE_BOUND('',#3824,.T.);
#4283=FACE_BOUND('',#3825,.T.);
#4284=FACE_BOUND('',#3826,.T.);
#4285=FACE_BOUND('',#3827,.T.);
#4286=FACE_BOUND('',#3828,.T.);
#4287=FACE_BOUND('',#3829,.T.);
#4288=FACE_BOUND('',#3830,.T.);
#4289=FACE_BOUND('',#3831,.T.);
#4290=FACE_BOUND('',#3832,.T.);
#4291=FACE_BOUND('',#3833,.T.);
#4292=FACE_BOUND('',#3834,.T.);
#4293=FACE_BOUND('',#3835,.T.);
#4294=FACE_BOUND('',#3836,.T.);
#4295=FACE_BOUND('',#3837,.T.);
#4296=FACE_BOUND('',#3838,.T.);
#4297=FACE_BOUND('',#3839,.T.);
#4298=FACE_BOUND('',#3840,.T.);
#4299=FACE_BOUND('',#3841,.T.);
#4300=FACE_BOUND('',#3842,.T.);
#4301=FACE_BOUND('',#3843,.T.);
#4302=FACE_BOUND('',#3844,.T.);
#4303=FACE_BOUND('',#3845,.T.);
#4304=FACE_BOUND('',#3846,.T.);
#4305=FACE_BOUND('',#3847,.T.);
#4306=FACE_BOUND('',#3848,.T.);
#4307=FACE_BOUND('',#3849,.T.);
#4308=FACE_BOUND('',#3850,.T.);
#4309=FACE_BOUND('',#3851,.T.);
#4310=FACE_BOUND('',#3852,.T.);
#4311=FACE_BOUND('',#3853,.T.);
#4312=FACE_BOUND('',#3854,.T.);
#4313=FACE_BOUND('',#3855,.T.);
#4314=FACE_BOUND('',#3856,.T.);
#4315=FACE_BOUND('',#3857,.T.);
#4316=FACE_BOUND('',#3858,.T.);
#4317=FACE_BOUND('',#3859,.T.);
#4318=FACE_BOUND('',#3860,.T.);
#4319=FACE_BOUND('',#3861,.T.);
#4320=FACE_BOUND('',#3862,.T.);
#4321=FACE_BOUND('',#3863,.T.);
#4322=FACE_BOUND('',#3864,.T.);
#4323=FACE_BOUND('',#3865,.T.);
#4324=FACE_BOUND('',#3866,.T.);
#4325=FACE_BOUND('',#3867,.T.);
#4326=FACE_BOUND('',#3868,.T.);
#4327=FACE_BOUND('',#3869,.T.);
#4328=FACE_BOUND('',#3870,.T.);
#4329=FACE_BOUND('',#3871,.T.);
#4330=FACE_BOUND('',#3872,.T.);
#4331=FACE_BOUND('',#3873,.T.);
#4332=FACE_BOUND('',#3874,.T.);
#4333=FACE_BOUND('',#3875,.T.);
#4334=FACE_BOUND('',#3876,.T.);
#4335=FACE_BOUND('',#3877,.T.);
#4336=FACE_BOUND('',#3878,.T.);
#4337=FACE_BOUND('',#3879,.T.);
#4338=FACE_BOUND('',#3880,.T.);
#4339=FACE_BOUND('',#3881,.T.);
#4340=FACE_BOUND('',#3882,.T.);
#4341=FACE_BOUND('',#3883,.T.);
#4342=FACE_BOUND('',#3884,.T.);
#4343=FACE_BOUND('',#3885,.T.);
#4344=FACE_BOUND('',#3886,.T.);
#4345=FACE_BOUND('',#3887,.T.);
#4346=FACE_BOUND('',#3888,.T.);
#4347=FACE_BOUND('',#3889,.T.);
#4348=FACE_BOUND('',#3890,.T.);
#4349=FACE_BOUND('',#3891,.T.);
#4350=FACE_BOUND('',#3892,.T.);
#4351=FACE_BOUND('',#3893,.T.);
#4352=FACE_BOUND('',#3894,.T.);
#4353=FACE_BOUND('',#3895,.T.);
#4354=FACE_BOUND('',#3896,.T.);
#4355=FACE_BOUND('',#3897,.T.);
#4356=FACE_BOUND('',#3898,.T.);
#4357=FACE_BOUND('',#3899,.T.);
#4358=FACE_BOUND('',#3900,.T.);
#4359=FACE_BOUND('',#3901,.T.);
#4360=FACE_BOUND('',#3902,.T.);
#4361=FACE_BOUND('',#3903,.T.);
#4362=FACE_BOUND('',#3904,.T.);
#4363=FACE_BOUND('',#3905,.T.);
#4364=FACE_BOUND('',#3906,.T.);
#4365=FACE_BOUND('',#3907,.T.);
#4366=FACE_BOUND('',#3908,.T.);
#4367=FACE_BOUND('',#3909,.T.);
#4368=FACE_BOUND('',#3910,.T.);
#4369=FACE_BOUND('',#3911,.T.);
#4370=FACE_BOUND('',#3912,.T.);
#4371=FACE_BOUND('',#3913,.T.);
#4372=FACE_BOUND('',#3914,.T.);
#4373=FACE_BOUND('',#3915,.T.);
#4374=FACE_BOUND('',#3916,.T.);
#4375=FACE_BOUND('',#3917,.T.);
#4376=FACE_BOUND('',#3918,.T.);
#4377=FACE_BOUND('',#3919,.T.);
#4378=FACE_BOUND('',#3920,.T.);
#4379=FACE_BOUND('',#3921,.T.);
#4380=FACE_BOUND('',#3922,.T.);
#4381=FACE_BOUND('',#3923,.T.);
#4382=FACE_BOUND('',#3924,.T.);
#4383=FACE_BOUND('',#3925,.T.);
#4384=FACE_BOUND('',#3926,.T.);
#4385=FACE_BOUND('',#3927,.T.);
#4386=FACE_BOUND('',#3928,.T.);
#4387=FACE_BOUND('',#3929,.T.);
#4388=FACE_BOUND('',#3930,.T.);
#4389=FACE_BOUND('',#3931,.T.);
#4390=FACE_BOUND('',#3932,.T.);
#4391=FACE_BOUND('',#3933,.T.);
#4392=FACE_BOUND('',#3934,.T.);
#4393=FACE_BOUND('',#3935,.T.);
#4394=FACE_BOUND('',#3936,.T.);
#4395=FACE_BOUND('',#3937,.T.);
#4396=FACE_BOUND('',#3938,.T.);
#4397=FACE_BOUND('',#3939,.T.);
#4398=FACE_BOUND('',#3940,.T.);
#4399=FACE_BOUND('',#3941,.T.);
#4400=FACE_BOUND('',#3942,.T.);
#4401=FACE_BOUND('',#3943,.T.);
#4402=FACE_BOUND('',#3944,.T.);
#4403=FACE_BOUND('',#3945,.T.);
#4404=FACE_BOUND('',#3946,.T.);
#4405=FACE_BOUND('',#3947,.T.);
#4406=FACE_BOUND('',#3948,.T.);
#4407=FACE_BOUND('',#3949,.T.);
#4408=PLANE('',#4974);
#4409=PLANE('',#4978);
#4410=PLANE('',#4982);
#4411=PLANE('',#4986);
#4412=PLANE('',#4990);
#4413=PLANE('',#4997);
#4414=PLANE('',#5004);
#4415=PLANE('',#5007);
#4416=PLANE('',#5008);
#4417=PLANE('',#5010);
#4418=PLANE('',#5011);
#4419=PLANE('',#5014);
#4420=PLANE('',#5015);
#4421=PLANE('',#5019);
#4422=PLANE('',#5022);
#4423=PLANE('',#5025);
#4424=PLANE('',#5028);
#4425=PLANE('',#5030);
#4426=PLANE('',#5034);
#4427=PLANE('',#5038);
#4428=PLANE('',#5042);
#4429=PLANE('',#5046);
#4430=PLANE('',#5053);
#4431=PLANE('',#5060);
#4432=PLANE('',#5063);
#4433=PLANE('',#5064);
#4434=PLANE('',#5066);
#4435=PLANE('',#5067);
#4436=PLANE('',#5070);
#4437=PLANE('',#5071);
#4438=PLANE('',#5075);
#4439=PLANE('',#5078);
#4440=PLANE('',#5081);
#4441=PLANE('',#5084);
#4442=PLANE('',#5086);
#4443=PLANE('',#5090);
#4444=PLANE('',#5094);
#4445=PLANE('',#5098);
#4446=PLANE('',#5102);
#4447=PLANE('',#5109);
#4448=PLANE('',#5116);
#4449=PLANE('',#5119);
#4450=PLANE('',#5120);
#4451=PLANE('',#5122);
#4452=PLANE('',#5123);
#4453=PLANE('',#5126);
#4454=PLANE('',#5127);
#4455=PLANE('',#5131);
#4456=PLANE('',#5134);
#4457=PLANE('',#5137);
#4458=PLANE('',#5140);
#4459=PLANE('',#5158);
#4460=PLANE('',#5160);
#4461=PLANE('',#5162);
#4462=PLANE('',#5164);
#4463=PLANE('',#5173);
#4464=PLANE('',#5181);
#4465=PLANE('',#5182);
#4466=PLANE('',#5183);
#4467=PLANE('',#5184);
#4468=PLANE('',#5185);
#4469=PLANE('',#5216);
#4470=PLANE('',#5223);
#4471=PLANE('',#5232);
#4472=PLANE('',#5235);
#4473=PLANE('',#5236);
#4474=PLANE('',#5237);
#4475=PLANE('',#5238);
#4476=PLANE('',#5239);
#4477=PLANE('',#5242);
#4478=PLANE('',#5251);
#4479=PLANE('',#5258);
#4480=PLANE('',#5259);
#4481=PLANE('',#5260);
#4482=PLANE('',#5261);
#4483=PLANE('',#5262);
#4484=PLANE('',#5269);
#4485=PLANE('',#5282);
#4486=PLANE('',#5289);
#4487=PLANE('',#5290);
#4488=PLANE('',#5291);
#4489=PLANE('',#5292);
#4490=PLANE('',#5293);
#4491=PLANE('',#5300);
#4492=PLANE('',#5315);
#4493=PLANE('',#5344);
#4494=PLANE('',#5349);
#4495=PLANE('',#5354);
#4496=PLANE('',#5359);
#4497=PLANE('',#5364);
#4498=PLANE('',#5365);
#4499=PLANE('',#5366);
#4500=PLANE('',#5367);
#4501=PLANE('',#5368);
#4502=PLANE('',#5369);
#4503=PLANE('',#5370);
#4504=PLANE('',#5371);
#4505=PLANE('',#5372);
#4506=PLANE('',#5373);
#4507=PLANE('',#5374);
#4508=PLANE('',#5375);
#4509=PLANE('',#5376);
#4510=PLANE('',#5377);
#4511=PLANE('',#5378);
#4512=PLANE('',#5379);
#4513=PLANE('',#5380);
#4514=PLANE('',#5381);
#4515=PLANE('',#5382);
#4516=PLANE('',#5384);
#4517=PLANE('',#5389);
#4518=PLANE('',#5390);
#4519=PLANE('',#5391);
#4520=PLANE('',#5393);
#4521=PLANE('',#5394);
#4522=PLANE('',#5395);
#4523=PLANE('',#5400);
#4524=PLANE('',#5401);
#4525=PLANE('',#5402);
#4526=PLANE('',#5404);
#4527=PLANE('',#5405);
#4528=PLANE('',#5406);
#4529=PLANE('',#5411);
#4530=PLANE('',#5412);
#4531=PLANE('',#5413);
#4532=PLANE('',#5414);
#4533=PLANE('',#5415);
#4534=PLANE('',#5417);
#4535=PLANE('',#5422);
#4536=PLANE('',#5423);
#4537=PLANE('',#5424);
#4538=PLANE('',#5425);
#4539=PLANE('',#5426);
#4540=PLANE('',#5428);
#4541=PLANE('',#5433);
#4542=PLANE('',#5434);
#4543=PLANE('',#5435);
#4544=PLANE('',#5437);
#4545=PLANE('',#5438);
#4546=PLANE('',#5439);
#4547=PLANE('',#5444);
#4548=PLANE('',#5445);
#4549=PLANE('',#5446);
#4550=PLANE('',#5448);
#4551=PLANE('',#5449);
#4552=PLANE('',#5450);
#4553=PLANE('',#5455);
#4554=PLANE('',#5456);
#4555=PLANE('',#5457);
#4556=PLANE('',#5458);
#4557=PLANE('',#5459);
#4558=PLANE('',#5461);
#4559=PLANE('',#5466);
#4560=PLANE('',#5467);
#4561=PLANE('',#5468);
#4562=PLANE('',#5469);
#4563=PLANE('',#5470);
#4564=PLANE('',#5472);
#4565=PLANE('',#5477);
#4566=PLANE('',#5478);
#4567=PLANE('',#5479);
#4568=PLANE('',#5481);
#4569=PLANE('',#5482);
#4570=PLANE('',#5483);
#4571=PLANE('',#5488);
#4572=PLANE('',#5489);
#4573=PLANE('',#5490);
#4574=PLANE('',#5492);
#4575=PLANE('',#5493);
#4576=PLANE('',#5494);
#4577=PLANE('',#5499);
#4578=PLANE('',#5500);
#4579=PLANE('',#5501);
#4580=PLANE('',#5502);
#4581=PLANE('',#5503);
#4582=PLANE('',#5505);
#4583=PLANE('',#5510);
#4584=PLANE('',#5511);
#4585=PLANE('',#5525);
#4586=PLANE('',#5529);
#4587=PLANE('',#5533);
#4588=PLANE('',#5537);
#4589=PLANE('',#5541);
#4590=PLANE('',#5548);
#4591=PLANE('',#5555);
#4592=PLANE('',#5558);
#4593=PLANE('',#5559);
#4594=PLANE('',#5561);
#4595=PLANE('',#5562);
#4596=PLANE('',#5565);
#4597=PLANE('',#5566);
#4598=PLANE('',#5570);
#4599=PLANE('',#5573);
#4600=PLANE('',#5576);
#4601=PLANE('',#5579);
#4602=ADVANCED_FACE('',(#3950),#4408,.T.);
#4603=ADVANCED_FACE('',(#3951),#324,.T.);
#4604=ADVANCED_FACE('',(#3952),#4409,.T.);
#4605=ADVANCED_FACE('',(#3953),#325,.T.);
#4606=ADVANCED_FACE('',(#3954),#4410,.F.);
#4607=ADVANCED_FACE('',(#3955),#326,.T.);
#4608=ADVANCED_FACE('',(#3956),#4411,.F.);
#4609=ADVANCED_FACE('',(#3957),#327,.T.);
#4610=ADVANCED_FACE('',(#3958,#3959),#4412,.T.);
#4611=ADVANCED_FACE('',(#3960,#3961,#3962,#3963,#3964),#4413,.F.);
#4612=ADVANCED_FACE('',(#3965),#328,.F.);
#4613=ADVANCED_FACE('',(#3966),#4414,.F.);
#4614=ADVANCED_FACE('',(#3967),#329,.F.);
#4615=ADVANCED_FACE('',(#3968),#4415,.T.);
#4616=ADVANCED_FACE('',(#3969),#4416,.T.);
#4617=ADVANCED_FACE('',(#3970),#20,.T.);
#4618=ADVANCED_FACE('',(#3971),#4417,.F.);
#4619=ADVANCED_FACE('',(#3972),#4418,.F.);
#4620=ADVANCED_FACE('',(#3973),#21,.T.);
#4621=ADVANCED_FACE('',(#3974),#22,.T.);
#4622=ADVANCED_FACE('',(#3975),#4419,.T.);
#4623=ADVANCED_FACE('',(#3976),#4420,.T.);
#4624=ADVANCED_FACE('',(#3977),#23,.T.);
#4625=ADVANCED_FACE('',(#3978,#3979),#330,.F.);
#4626=ADVANCED_FACE('',(#3980),#4421,.T.);
#4627=ADVANCED_FACE('',(#3981,#3982),#331,.F.);
#4628=ADVANCED_FACE('',(#3983),#4422,.T.);
#4629=ADVANCED_FACE('',(#3984,#3985),#332,.F.);
#4630=ADVANCED_FACE('',(#3986),#4423,.T.);
#4631=ADVANCED_FACE('',(#3987,#3988),#333,.F.);
#4632=ADVANCED_FACE('',(#3989),#4424,.T.);
#4633=ADVANCED_FACE('',(#3990),#4425,.T.);
#4634=ADVANCED_FACE('',(#3991),#334,.T.);
#4635=ADVANCED_FACE('',(#3992),#4426,.T.);
#4636=ADVANCED_FACE('',(#3993),#335,.T.);
#4637=ADVANCED_FACE('',(#3994),#4427,.F.);
#4638=ADVANCED_FACE('',(#3995),#336,.T.);
#4639=ADVANCED_FACE('',(#3996),#4428,.F.);
#4640=ADVANCED_FACE('',(#3997),#337,.T.);
#4641=ADVANCED_FACE('',(#3998,#3999),#4429,.T.);
#4642=ADVANCED_FACE('',(#4000,#4001,#4002,#4003,#4004),#4430,.F.);
#4643=ADVANCED_FACE('',(#4005),#338,.F.);
#4644=ADVANCED_FACE('',(#4006),#4431,.F.);
#4645=ADVANCED_FACE('',(#4007),#339,.F.);
#4646=ADVANCED_FACE('',(#4008),#4432,.T.);
#4647=ADVANCED_FACE('',(#4009),#4433,.T.);
#4648=ADVANCED_FACE('',(#4010),#24,.T.);
#4649=ADVANCED_FACE('',(#4011),#4434,.F.);
#4650=ADVANCED_FACE('',(#4012),#4435,.F.);
#4651=ADVANCED_FACE('',(#4013),#25,.T.);
#4652=ADVANCED_FACE('',(#4014),#26,.T.);
#4653=ADVANCED_FACE('',(#4015),#4436,.T.);
#4654=ADVANCED_FACE('',(#4016),#4437,.T.);
#4655=ADVANCED_FACE('',(#4017),#27,.T.);
#4656=ADVANCED_FACE('',(#4018,#4019),#340,.F.);
#4657=ADVANCED_FACE('',(#4020),#4438,.T.);
#4658=ADVANCED_FACE('',(#4021,#4022),#341,.F.);
#4659=ADVANCED_FACE('',(#4023),#4439,.T.);
#4660=ADVANCED_FACE('',(#4024,#4025),#342,.F.);
#4661=ADVANCED_FACE('',(#4026),#4440,.T.);
#4662=ADVANCED_FACE('',(#4027,#4028),#343,.F.);
#4663=ADVANCED_FACE('',(#4029),#4441,.T.);
#4664=ADVANCED_FACE('',(#4030),#4442,.T.);
#4665=ADVANCED_FACE('',(#4031),#344,.T.);
#4666=ADVANCED_FACE('',(#4032),#4443,.T.);
#4667=ADVANCED_FACE('',(#4033),#345,.T.);
#4668=ADVANCED_FACE('',(#4034),#4444,.F.);
#4669=ADVANCED_FACE('',(#4035),#346,.T.);
#4670=ADVANCED_FACE('',(#4036),#4445,.F.);
#4671=ADVANCED_FACE('',(#4037),#347,.T.);
#4672=ADVANCED_FACE('',(#4038,#4039),#4446,.T.);
#4673=ADVANCED_FACE('',(#4040,#4041,#4042,#4043,#4044),#4447,.F.);
#4674=ADVANCED_FACE('',(#4045),#348,.F.);
#4675=ADVANCED_FACE('',(#4046),#4448,.F.);
#4676=ADVANCED_FACE('',(#4047),#349,.F.);
#4677=ADVANCED_FACE('',(#4048),#4449,.T.);
#4678=ADVANCED_FACE('',(#4049),#4450,.T.);
#4679=ADVANCED_FACE('',(#4050),#28,.T.);
#4680=ADVANCED_FACE('',(#4051),#4451,.F.);
#4681=ADVANCED_FACE('',(#4052),#4452,.F.);
#4682=ADVANCED_FACE('',(#4053),#29,.T.);
#4683=ADVANCED_FACE('',(#4054),#30,.T.);
#4684=ADVANCED_FACE('',(#4055),#4453,.T.);
#4685=ADVANCED_FACE('',(#4056),#4454,.T.);
#4686=ADVANCED_FACE('',(#4057),#31,.T.);
#4687=ADVANCED_FACE('',(#4058,#4059),#350,.F.);
#4688=ADVANCED_FACE('',(#4060),#4455,.T.);
#4689=ADVANCED_FACE('',(#4061,#4062),#351,.F.);
#4690=ADVANCED_FACE('',(#4063),#4456,.T.);
#4691=ADVANCED_FACE('',(#4064,#4065),#352,.F.);
#4692=ADVANCED_FACE('',(#4066),#4457,.T.);
#4693=ADVANCED_FACE('',(#4067,#4068),#353,.F.);
#4694=ADVANCED_FACE('',(#4069),#4458,.T.);
#4695=ADVANCED_FACE('',(#4070,#4071),#354,.F.);
#4696=ADVANCED_FACE('',(#4072,#4073),#355,.F.);
#4697=ADVANCED_FACE('',(#4074,#4075),#356,.F.);
#4698=ADVANCED_FACE('',(#4076,#4077),#357,.F.);
#4699=ADVANCED_FACE('',(#4078),#4459,.T.);
#4700=ADVANCED_FACE('',(#4079),#4460,.T.);
#4701=ADVANCED_FACE('',(#4080),#4461,.T.);
#4702=ADVANCED_FACE('',(#4081),#4462,.T.);
#4703=ADVANCED_FACE('',(#4082,#4083),#358,.F.);
#4704=ADVANCED_FACE('',(#4084,#4085),#359,.T.);
#4705=ADVANCED_FACE('',(#4086,#4087),#4463,.F.);
#4706=ADVANCED_FACE('',(#4088,#4089),#360,.F.);
#4707=ADVANCED_FACE('',(#4090,#4091),#361,.T.);
#4708=ADVANCED_FACE('',(#4092,#4093),#4464,.F.);
#4709=ADVANCED_FACE('',(#4094),#4465,.T.);
#4710=ADVANCED_FACE('',(#4095),#4466,.F.);
#4711=ADVANCED_FACE('',(#4096),#4467,.T.);
#4712=ADVANCED_FACE('',(#4097,#4098,#4099,#4100,#4101,#4102,#4103,#4104,
#4105,#4106,#4107,#4108,#4109,#4110,#4111,#4112,#4113,#4114,#4115,#4116,
#4117),#4468,.F.);
#4713=ADVANCED_FACE('',(#4118,#4119),#4469,.F.);
#4714=ADVANCED_FACE('',(#4120,#4121),#362,.T.);
#4715=ADVANCED_FACE('',(#4122,#4123),#363,.F.);
#4716=ADVANCED_FACE('',(#4124,#4125),#4470,.F.);
#4717=ADVANCED_FACE('',(#4126,#4127),#364,.T.);
#4718=ADVANCED_FACE('',(#4128,#4129),#365,.F.);
#4719=ADVANCED_FACE('',(#4130,#4131),#366,.T.);
#4720=ADVANCED_FACE('',(#4132,#4133),#4471,.F.);
#4721=ADVANCED_FACE('',(#4134,#4135),#367,.T.);
#4722=ADVANCED_FACE('',(#4136,#4137),#4472,.F.);
#4723=ADVANCED_FACE('',(#4138),#4473,.T.);
#4724=ADVANCED_FACE('',(#4139),#4474,.F.);
#4725=ADVANCED_FACE('',(#4140),#4475,.T.);
#4726=ADVANCED_FACE('',(#4141,#4142),#4476,.F.);
#4727=ADVANCED_FACE('',(#4143,#4144),#368,.T.);
#4728=ADVANCED_FACE('',(#4145,#4146),#4477,.F.);
#4729=ADVANCED_FACE('',(#4147,#4148),#369,.T.);
#4730=ADVANCED_FACE('',(#4149,#4150),#370,.F.);
#4731=ADVANCED_FACE('',(#4151,#4152),#371,.T.);
#4732=ADVANCED_FACE('',(#4153,#4154),#4478,.F.);
#4733=ADVANCED_FACE('',(#4155,#4156),#372,.F.);
#4734=ADVANCED_FACE('',(#4157,#4158),#373,.T.);
#4735=ADVANCED_FACE('',(#4159,#4160),#4479,.F.);
#4736=ADVANCED_FACE('',(#4161),#4480,.T.);
#4737=ADVANCED_FACE('',(#4162),#4481,.F.);
#4738=ADVANCED_FACE('',(#4163),#4482,.T.);
#4739=ADVANCED_FACE('',(#4164,#4165),#4483,.F.);
#4740=ADVANCED_FACE('',(#4166,#4167),#374,.T.);
#4741=ADVANCED_FACE('',(#4168,#4169),#375,.F.);
#4742=ADVANCED_FACE('',(#4170,#4171),#4484,.F.);
#4743=ADVANCED_FACE('',(#4172,#4173),#376,.T.);
#4744=ADVANCED_FACE('',(#4174,#4175),#377,.F.);
#4745=ADVANCED_FACE('',(#4176,#4177),#378,.F.);
#4746=ADVANCED_FACE('',(#4178,#4179),#379,.T.);
#4747=ADVANCED_FACE('',(#4180,#4181),#4485,.F.);
#4748=ADVANCED_FACE('',(#4182,#4183),#380,.F.);
#4749=ADVANCED_FACE('',(#4184,#4185),#381,.T.);
#4750=ADVANCED_FACE('',(#4186,#4187),#4486,.F.);
#4751=ADVANCED_FACE('',(#4188),#4487,.T.);
#4752=ADVANCED_FACE('',(#4189),#4488,.F.);
#4753=ADVANCED_FACE('',(#4190),#4489,.T.);
#4754=ADVANCED_FACE('',(#4191,#4192),#4490,.F.);
#4755=ADVANCED_FACE('',(#4193,#4194),#382,.T.);
#4756=ADVANCED_FACE('',(#4195,#4196),#383,.F.);
#4757=ADVANCED_FACE('',(#4197,#4198),#4491,.F.);
#4758=ADVANCED_FACE('',(#4199,#4200),#384,.T.);
#4759=ADVANCED_FACE('',(#4201,#4202),#385,.F.);
#4760=ADVANCED_FACE('',(#4203,#4204),#386,.F.);
#4761=ADVANCED_FACE('',(#4205,#4206),#387,.F.);
#4762=ADVANCED_FACE('',(#4207,#4208),#388,.F.);
#4763=ADVANCED_FACE('',(#4209,#4210),#389,.F.);
#4764=ADVANCED_FACE('',(#4211,#4212,#4213,#4214,#4215,#4216,#4217,#4218,
#4219,#4220,#4221,#4222,#4223,#4224,#4225,#4226,#4227,#4228,#4229,#4230,
#4231),#4492,.T.);
#4765=ADVANCED_FACE('',(#4232),#4493,.T.);
#4766=ADVANCED_FACE('',(#4233,#4234),#390,.F.);
#4767=ADVANCED_FACE('',(#4235),#4494,.T.);
#4768=ADVANCED_FACE('',(#4236,#4237),#391,.F.);
#4769=ADVANCED_FACE('',(#4238),#4495,.T.);
#4770=ADVANCED_FACE('',(#4239,#4240),#392,.F.);
#4771=ADVANCED_FACE('',(#4241),#4496,.T.);
#4772=ADVANCED_FACE('',(#4242,#4243),#393,.F.);
#4773=ADVANCED_FACE('',(#4244),#4497,.T.);
#4774=ADVANCED_FACE('',(#4245),#4498,.F.);
#4775=ADVANCED_FACE('',(#4246),#4499,.T.);
#4776=ADVANCED_FACE('',(#4247),#4500,.T.);
#4777=ADVANCED_FACE('',(#4248),#4501,.T.);
#4778=ADVANCED_FACE('',(#4249),#4502,.F.);
#4779=ADVANCED_FACE('',(#4250),#4503,.T.);
#4780=ADVANCED_FACE('',(#4251),#4504,.T.);
#4781=ADVANCED_FACE('',(#4252),#4505,.T.);
#4782=ADVANCED_FACE('',(#4253),#4506,.F.);
#4783=ADVANCED_FACE('',(#4254),#4507,.T.);
#4784=ADVANCED_FACE('',(#4255),#4508,.T.);
#4785=ADVANCED_FACE('',(#4256),#4509,.T.);
#4786=ADVANCED_FACE('',(#4257),#4510,.F.);
#4787=ADVANCED_FACE('',(#4258),#4511,.T.);
#4788=ADVANCED_FACE('',(#4259),#4512,.T.);
#4789=ADVANCED_FACE('',(#4260),#4513,.F.);
#4790=ADVANCED_FACE('',(#4261),#4514,.T.);
#4791=ADVANCED_FACE('',(#4262),#4515,.T.);
#4792=ADVANCED_FACE('',(#4263),#4516,.T.);
#4793=ADVANCED_FACE('',(#4264,#4265),#394,.F.);
#4794=ADVANCED_FACE('',(#4266),#4517,.T.);
#4795=ADVANCED_FACE('',(#4267),#4518,.T.);
#4796=ADVANCED_FACE('',(#4268),#4519,.T.);
#4797=ADVANCED_FACE('',(#4269),#4520,.F.);
#4798=ADVANCED_FACE('',(#4270),#4521,.T.);
#4799=ADVANCED_FACE('',(#4271),#4522,.T.);
#4800=ADVANCED_FACE('',(#4272,#4273),#395,.F.);
#4801=ADVANCED_FACE('',(#4274),#4523,.T.);
#4802=ADVANCED_FACE('',(#4275),#4524,.T.);
#4803=ADVANCED_FACE('',(#4276),#4525,.T.);
#4804=ADVANCED_FACE('',(#4277),#4526,.F.);
#4805=ADVANCED_FACE('',(#4278),#4527,.T.);
#4806=ADVANCED_FACE('',(#4279),#4528,.T.);
#4807=ADVANCED_FACE('',(#4280,#4281),#396,.F.);
#4808=ADVANCED_FACE('',(#4282),#4529,.T.);
#4809=ADVANCED_FACE('',(#4283),#4530,.T.);
#4810=ADVANCED_FACE('',(#4284),#4531,.F.);
#4811=ADVANCED_FACE('',(#4285),#4532,.T.);
#4812=ADVANCED_FACE('',(#4286),#4533,.T.);
#4813=ADVANCED_FACE('',(#4287),#4534,.T.);
#4814=ADVANCED_FACE('',(#4288,#4289),#397,.F.);
#4815=ADVANCED_FACE('',(#4290),#4535,.T.);
#4816=ADVANCED_FACE('',(#4291),#4536,.T.);
#4817=ADVANCED_FACE('',(#4292),#4537,.F.);
#4818=ADVANCED_FACE('',(#4293),#4538,.T.);
#4819=ADVANCED_FACE('',(#4294),#4539,.T.);
#4820=ADVANCED_FACE('',(#4295),#4540,.T.);
#4821=ADVANCED_FACE('',(#4296,#4297),#398,.F.);
#4822=ADVANCED_FACE('',(#4298),#4541,.T.);
#4823=ADVANCED_FACE('',(#4299),#4542,.T.);
#4824=ADVANCED_FACE('',(#4300),#4543,.T.);
#4825=ADVANCED_FACE('',(#4301),#4544,.F.);
#4826=ADVANCED_FACE('',(#4302),#4545,.T.);
#4827=ADVANCED_FACE('',(#4303),#4546,.T.);
#4828=ADVANCED_FACE('',(#4304,#4305),#399,.F.);
#4829=ADVANCED_FACE('',(#4306),#4547,.T.);
#4830=ADVANCED_FACE('',(#4307),#4548,.T.);
#4831=ADVANCED_FACE('',(#4308),#4549,.T.);
#4832=ADVANCED_FACE('',(#4309),#4550,.F.);
#4833=ADVANCED_FACE('',(#4310),#4551,.T.);
#4834=ADVANCED_FACE('',(#4311),#4552,.T.);
#4835=ADVANCED_FACE('',(#4312,#4313),#400,.F.);
#4836=ADVANCED_FACE('',(#4314),#4553,.T.);
#4837=ADVANCED_FACE('',(#4315),#4554,.T.);
#4838=ADVANCED_FACE('',(#4316),#4555,.F.);
#4839=ADVANCED_FACE('',(#4317),#4556,.T.);
#4840=ADVANCED_FACE('',(#4318),#4557,.T.);
#4841=ADVANCED_FACE('',(#4319),#4558,.T.);
#4842=ADVANCED_FACE('',(#4320,#4321),#401,.F.);
#4843=ADVANCED_FACE('',(#4322),#4559,.T.);
#4844=ADVANCED_FACE('',(#4323),#4560,.T.);
#4845=ADVANCED_FACE('',(#4324),#4561,.F.);
#4846=ADVANCED_FACE('',(#4325),#4562,.T.);
#4847=ADVANCED_FACE('',(#4326),#4563,.T.);
#4848=ADVANCED_FACE('',(#4327),#4564,.T.);
#4849=ADVANCED_FACE('',(#4328,#4329),#402,.F.);
#4850=ADVANCED_FACE('',(#4330),#4565,.T.);
#4851=ADVANCED_FACE('',(#4331),#4566,.T.);
#4852=ADVANCED_FACE('',(#4332),#4567,.T.);
#4853=ADVANCED_FACE('',(#4333),#4568,.F.);
#4854=ADVANCED_FACE('',(#4334),#4569,.T.);
#4855=ADVANCED_FACE('',(#4335),#4570,.T.);
#4856=ADVANCED_FACE('',(#4336,#4337),#403,.F.);
#4857=ADVANCED_FACE('',(#4338),#4571,.T.);
#4858=ADVANCED_FACE('',(#4339),#4572,.T.);
#4859=ADVANCED_FACE('',(#4340),#4573,.T.);
#4860=ADVANCED_FACE('',(#4341),#4574,.F.);
#4861=ADVANCED_FACE('',(#4342),#4575,.T.);
#4862=ADVANCED_FACE('',(#4343),#4576,.T.);
#4863=ADVANCED_FACE('',(#4344,#4345),#404,.F.);
#4864=ADVANCED_FACE('',(#4346),#4577,.T.);
#4865=ADVANCED_FACE('',(#4347),#4578,.T.);
#4866=ADVANCED_FACE('',(#4348),#4579,.T.);
#4867=ADVANCED_FACE('',(#4349),#4580,.F.);
#4868=ADVANCED_FACE('',(#4350),#4581,.T.);
#4869=ADVANCED_FACE('',(#4351),#4582,.T.);
#4870=ADVANCED_FACE('',(#4352,#4353),#405,.F.);
#4871=ADVANCED_FACE('',(#4354),#4583,.T.);
#4872=ADVANCED_FACE('',(#4355),#4584,.T.);
#4873=ADVANCED_FACE('',(#4356),#406,.T.);
#4874=ADVANCED_FACE('',(#4357),#407,.F.);
#4875=ADVANCED_FACE('',(#4358),#408,.T.);
#4876=ADVANCED_FACE('',(#4359),#409,.T.);
#4877=ADVANCED_FACE('',(#4360),#410,.F.);
#4878=ADVANCED_FACE('',(#4361),#411,.T.);
#4879=ADVANCED_FACE('',(#4362),#412,.T.);
#4880=ADVANCED_FACE('',(#4363),#413,.F.);
#4881=ADVANCED_FACE('',(#4364),#414,.T.);
#4882=ADVANCED_FACE('',(#4365),#415,.T.);
#4883=ADVANCED_FACE('',(#4366),#416,.T.);
#4884=ADVANCED_FACE('',(#4367),#417,.F.);
#4885=ADVANCED_FACE('',(#4368),#4585,.T.);
#4886=ADVANCED_FACE('',(#4369),#418,.T.);
#4887=ADVANCED_FACE('',(#4370),#4586,.T.);
#4888=ADVANCED_FACE('',(#4371),#419,.T.);
#4889=ADVANCED_FACE('',(#4372),#4587,.F.);
#4890=ADVANCED_FACE('',(#4373),#420,.T.);
#4891=ADVANCED_FACE('',(#4374),#4588,.F.);
#4892=ADVANCED_FACE('',(#4375),#421,.T.);
#4893=ADVANCED_FACE('',(#4376,#4377),#4589,.T.);
#4894=ADVANCED_FACE('',(#4378,#4379,#4380,#4381,#4382),#4590,.F.);
#4895=ADVANCED_FACE('',(#4383),#422,.F.);
#4896=ADVANCED_FACE('',(#4384),#4591,.F.);
#4897=ADVANCED_FACE('',(#4385),#423,.F.);
#4898=ADVANCED_FACE('',(#4386),#4592,.T.);
#4899=ADVANCED_FACE('',(#4387),#4593,.T.);
#4900=ADVANCED_FACE('',(#4388),#32,.T.);
#4901=ADVANCED_FACE('',(#4389),#4594,.F.);
#4902=ADVANCED_FACE('',(#4390),#4595,.F.);
#4903=ADVANCED_FACE('',(#4391),#33,.T.);
#4904=ADVANCED_FACE('',(#4392),#34,.T.);
#4905=ADVANCED_FACE('',(#4393),#4596,.T.);
#4906=ADVANCED_FACE('',(#4394),#4597,.T.);
#4907=ADVANCED_FACE('',(#4395),#35,.T.);
#4908=ADVANCED_FACE('',(#4396,#4397),#424,.F.);
#4909=ADVANCED_FACE('',(#4398),#4598,.T.);
#4910=ADVANCED_FACE('',(#4399,#4400),#425,.F.);
#4911=ADVANCED_FACE('',(#4401),#4599,.T.);
#4912=ADVANCED_FACE('',(#4402,#4403),#426,.F.);
#4913=ADVANCED_FACE('',(#4404),#4600,.T.);
#4914=ADVANCED_FACE('',(#4405,#4406),#427,.F.);
#4915=ADVANCED_FACE('',(#4407),#4601,.T.);
#4916=CLOSED_SHELL('',(#4602,#4603,#4604,#4605,#4606,#4607,#4608,#4609,
#4610,#4611,#4612,#4613,#4614,#4615,#4616,#4617,#4618,#4619,#4620,#4621,
#4622,#4623,#4624,#4625,#4626,#4627,#4628,#4629,#4630,#4631,#4632));
#4917=CLOSED_SHELL('',(#4633,#4634,#4635,#4636,#4637,#4638,#4639,#4640,
#4641,#4642,#4643,#4644,#4645,#4646,#4647,#4648,#4649,#4650,#4651,#4652,
#4653,#4654,#4655,#4656,#4657,#4658,#4659,#4660,#4661,#4662,#4663));
#4918=CLOSED_SHELL('',(#4664,#4665,#4666,#4667,#4668,#4669,#4670,#4671,
#4672,#4673,#4674,#4675,#4676,#4677,#4678,#4679,#4680,#4681,#4682,#4683,
#4684,#4685,#4686,#4687,#4688,#4689,#4690,#4691,#4692,#4693,#4694));
#4919=CLOSED_SHELL('',(#4695,#4696,#4697,#4698,#4699,#4700,#4701,#4702,
#4703,#4704,#4705,#4706,#4707,#4708,#4709,#4710,#4711,#4712,#4713,#4714,
#4715,#4716,#4717,#4718,#4719,#4720,#4721,#4722,#4723,#4724,#4725,#4726,
#4727,#4728,#4729,#4730,#4731,#4732,#4733,#4734,#4735,#4736,#4737,#4738,
#4739,#4740,#4741,#4742,#4743,#4744,#4745,#4746,#4747,#4748,#4749,#4750,
#4751,#4752,#4753,#4754,#4755,#4756,#4757,#4758,#4759,#4760,#4761,#4762,
#4763,#4764,#4765,#4766,#4767,#4768,#4769,#4770,#4771,#4772,#4773,#4774,
#4775,#4776,#4777,#4778,#4779,#4780,#4781,#4782,#4783,#4784,#4785,#4786,
#4787,#4788,#4789,#4790,#4791,#4792,#4793,#4794,#4795,#4796,#4797,#4798,
#4799,#4800,#4801,#4802,#4803,#4804,#4805,#4806,#4807,#4808,#4809,#4810,
#4811,#4812,#4813,#4814,#4815,#4816,#4817,#4818,#4819,#4820,#4821,#4822,
#4823,#4824,#4825,#4826,#4827,#4828,#4829,#4830,#4831,#4832,#4833,#4834,
#4835,#4836,#4837,#4838,#4839,#4840,#4841,#4842,#4843,#4844,#4845,#4846,
#4847,#4848,#4849,#4850,#4851,#4852,#4853,#4854,#4855,#4856,#4857,#4858,
#4859,#4860,#4861,#4862,#4863,#4864,#4865,#4866,#4867,#4868,#4869,#4870,
#4871,#4872,#4873,#4874,#4875,#4876,#4877,#4878,#4879,#4880,#4881,#4882,
#4883,#4884));
#4920=CLOSED_SHELL('',(#4885,#4886,#4887,#4888,#4889,#4890,#4891,#4892,
#4893,#4894,#4895,#4896,#4897,#4898,#4899,#4900,#4901,#4902,#4903,#4904,
#4905,#4906,#4907,#4908,#4909,#4910,#4911,#4912,#4913,#4914,#4915));
#4921=STYLED_ITEM('',(#4926),#4958);
#4922=STYLED_ITEM('',(#4927),#4959);
#4923=STYLED_ITEM('',(#4928),#4960);
#4924=STYLED_ITEM('',(#4929),#4961);
#4925=STYLED_ITEM('',(#4930),#4962);
#4926=PRESENTATION_STYLE_ASSIGNMENT((#4931));
#4927=PRESENTATION_STYLE_ASSIGNMENT((#4932));
#4928=PRESENTATION_STYLE_ASSIGNMENT((#4933));
#4929=PRESENTATION_STYLE_ASSIGNMENT((#4934));
#4930=PRESENTATION_STYLE_ASSIGNMENT((#4935));
#4931=SURFACE_STYLE_USAGE(.BOTH.,#4936);
#4932=SURFACE_STYLE_USAGE(.BOTH.,#4937);
#4933=SURFACE_STYLE_USAGE(.BOTH.,#4938);
#4934=SURFACE_STYLE_USAGE(.BOTH.,#4939);
#4935=SURFACE_STYLE_USAGE(.BOTH.,#4940);
#4936=SURFACE_SIDE_STYLE('',(#4941));
#4937=SURFACE_SIDE_STYLE('',(#4942));
#4938=SURFACE_SIDE_STYLE('',(#4943));
#4939=SURFACE_SIDE_STYLE('',(#4944));
#4940=SURFACE_SIDE_STYLE('',(#4945));
#4941=SURFACE_STYLE_FILL_AREA(#4946);
#4942=SURFACE_STYLE_FILL_AREA(#4947);
#4943=SURFACE_STYLE_FILL_AREA(#4948);
#4944=SURFACE_STYLE_FILL_AREA(#4949);
#4945=SURFACE_STYLE_FILL_AREA(#4950);
#4946=FILL_AREA_STYLE('',(#4951));
#4947=FILL_AREA_STYLE('',(#4952));
#4948=FILL_AREA_STYLE('',(#4953));
#4949=FILL_AREA_STYLE('',(#4954));
#4950=FILL_AREA_STYLE('',(#4955));
#4951=FILL_AREA_STYLE_COLOUR('',#4956);
#4952=FILL_AREA_STYLE_COLOUR('',#4956);
#4953=FILL_AREA_STYLE_COLOUR('',#4956);
#4954=FILL_AREA_STYLE_COLOUR('',#4957);
#4955=FILL_AREA_STYLE_COLOUR('',#4956);
#4956=COLOUR_RGB('',0.615686274509804,0.811764705882353,0.929411764705882);
#4957=COLOUR_RGB('',0.231372549019608,0.380392156862745,0.705882352941177);
#4958=MANIFOLD_SOLID_BREP('Sensor',#4916);
#4959=MANIFOLD_SOLID_BREP('Sensor',#4917);
#4960=MANIFOLD_SOLID_BREP('Sensor',#4918);
#4961=MANIFOLD_SOLID_BREP('Mount',#4919);
#4962=MANIFOLD_SOLID_BREP('Sensor',#4920);
#4963=SHAPE_DEFINITION_REPRESENTATION(#8575,#4968);
#4964=SHAPE_DEFINITION_REPRESENTATION(#8576,#4969);
#4965=SHAPE_DEFINITION_REPRESENTATION(#8577,#4970);
#4966=SHAPE_DEFINITION_REPRESENTATION(#8578,#4971);
#4967=SHAPE_DEFINITION_REPRESENTATION(#8579,#4972);
#4968=SHAPE_REPRESENTATION('Sensor',(#4973),#8550);
#4969=SHAPE_REPRESENTATION('Sensor',(#5029),#8551);
#4970=SHAPE_REPRESENTATION('Sensor',(#5085),#8552);
#4971=SHAPE_REPRESENTATION('Mount',(#5141),#8553);
#4972=SHAPE_REPRESENTATION('Sensor',(#5524),#8554);
#4973=AXIS2_PLACEMENT_3D('',#7146,#5580,#5581);
#4974=AXIS2_PLACEMENT_3D('',#7147,#5582,#5583);
#4975=AXIS2_PLACEMENT_3D('',#7156,#5588,#5589);
#4976=AXIS2_PLACEMENT_3D('',#7160,#5591,#5592);
#4977=AXIS2_PLACEMENT_3D('',#7161,#5593,#5594);
#4978=AXIS2_PLACEMENT_3D('',#7162,#5595,#5596);
#4979=AXIS2_PLACEMENT_3D('',#7168,#5600,#5601);
#4980=AXIS2_PLACEMENT_3D('',#7172,#5603,#5604);
#4981=AXIS2_PLACEMENT_3D('',#7173,#5605,#5606);
#4982=AXIS2_PLACEMENT_3D('',#7174,#5607,#5608);
#4983=AXIS2_PLACEMENT_3D('',#7180,#5612,#5613);
#4984=AXIS2_PLACEMENT_3D('',#7184,#5615,#5616);
#4985=AXIS2_PLACEMENT_3D('',#7185,#5617,#5618);
#4986=AXIS2_PLACEMENT_3D('',#7186,#5619,#5620);
#4987=AXIS2_PLACEMENT_3D('',#7192,#5624,#5625);
#4988=AXIS2_PLACEMENT_3D('',#7193,#5626,#5627);
#4989=AXIS2_PLACEMENT_3D('',#7194,#5628,#5629);
#4990=AXIS2_PLACEMENT_3D('',#7195,#5630,#5631);
#4991=AXIS2_PLACEMENT_3D('',#7199,#5633,#5634);
#4992=AXIS2_PLACEMENT_3D('',#7203,#5636,#5637);
#4993=AXIS2_PLACEMENT_3D('',#7207,#5639,#5640);
#4994=AXIS2_PLACEMENT_3D('',#7211,#5642,#5643);
#4995=AXIS2_PLACEMENT_3D('',#7212,#5644,#5645);
#4996=AXIS2_PLACEMENT_3D('',#7217,#5647,#5648);
#4997=AXIS2_PLACEMENT_3D('',#7220,#5650,#5651);
#4998=AXIS2_PLACEMENT_3D('',#7221,#5652,#5653);
#4999=AXIS2_PLACEMENT_3D('',#7223,#5654,#5655);
#5000=AXIS2_PLACEMENT_3D('',#7225,#5656,#5657);
#5001=AXIS2_PLACEMENT_3D('',#7227,#5658,#5659);
#5002=AXIS2_PLACEMENT_3D('',#7229,#5660,#5661);
#5003=AXIS2_PLACEMENT_3D('',#7232,#5663,#5664);
#5004=AXIS2_PLACEMENT_3D('',#7235,#5666,#5667);
#5005=AXIS2_PLACEMENT_3D('',#7239,#5670,#5671);
#5006=AXIS2_PLACEMENT_3D('',#7242,#5673,#5674);
#5007=AXIS2_PLACEMENT_3D('',#7243,#5675,#5676);
#5008=AXIS2_PLACEMENT_3D('',#7245,#5678,#5679);
#5009=AXIS2_PLACEMENT_3D('',#7246,#5680,#5681);
#5010=AXIS2_PLACEMENT_3D('',#7249,#5684,#5685);
#5011=AXIS2_PLACEMENT_3D('',#7251,#5687,#5688);
#5012=AXIS2_PLACEMENT_3D('',#7253,#5690,#5691);
#5013=AXIS2_PLACEMENT_3D('',#7255,#5693,#5694);
#5014=AXIS2_PLACEMENT_3D('',#7257,#5696,#5697);
#5015=AXIS2_PLACEMENT_3D('',#7259,#5699,#5700);
#5016=AXIS2_PLACEMENT_3D('',#7261,#5702,#5703);
#5017=AXIS2_PLACEMENT_3D('',#7262,#5704,#5705);
#5018=AXIS2_PLACEMENT_3D('',#7263,#5706,#5707);
#5019=AXIS2_PLACEMENT_3D('',#7265,#5708,#5709);
#5020=AXIS2_PLACEMENT_3D('',#7266,#5710,#5711);
#5021=AXIS2_PLACEMENT_3D('',#7267,#5712,#5713);
#5022=AXIS2_PLACEMENT_3D('',#7269,#5714,#5715);
#5023=AXIS2_PLACEMENT_3D('',#7270,#5716,#5717);
#5024=AXIS2_PLACEMENT_3D('',#7271,#5718,#5719);
#5025=AXIS2_PLACEMENT_3D('',#7273,#5720,#5721);
#5026=AXIS2_PLACEMENT_3D('',#7274,#5722,#5723);
#5027=AXIS2_PLACEMENT_3D('',#7275,#5724,#5725);
#5028=AXIS2_PLACEMENT_3D('',#7277,#5726,#5727);
#5029=AXIS2_PLACEMENT_3D('',#7278,#5728,#5729);
#5030=AXIS2_PLACEMENT_3D('',#7279,#5730,#5731);
#5031=AXIS2_PLACEMENT_3D('',#7288,#5736,#5737);
#5032=AXIS2_PLACEMENT_3D('',#7292,#5739,#5740);
#5033=AXIS2_PLACEMENT_3D('',#7293,#5741,#5742);
#5034=AXIS2_PLACEMENT_3D('',#7294,#5743,#5744);
#5035=AXIS2_PLACEMENT_3D('',#7300,#5748,#5749);
#5036=AXIS2_PLACEMENT_3D('',#7304,#5751,#5752);
#5037=AXIS2_PLACEMENT_3D('',#7305,#5753,#5754);
#5038=AXIS2_PLACEMENT_3D('',#7306,#5755,#5756);
#5039=AXIS2_PLACEMENT_3D('',#7312,#5760,#5761);
#5040=AXIS2_PLACEMENT_3D('',#7316,#5763,#5764);
#5041=AXIS2_PLACEMENT_3D('',#7317,#5765,#5766);
#5042=AXIS2_PLACEMENT_3D('',#7318,#5767,#5768);
#5043=AXIS2_PLACEMENT_3D('',#7324,#5772,#5773);
#5044=AXIS2_PLACEMENT_3D('',#7325,#5774,#5775);
#5045=AXIS2_PLACEMENT_3D('',#7326,#5776,#5777);
#5046=AXIS2_PLACEMENT_3D('',#7327,#5778,#5779);
#5047=AXIS2_PLACEMENT_3D('',#7331,#5781,#5782);
#5048=AXIS2_PLACEMENT_3D('',#7335,#5784,#5785);
#5049=AXIS2_PLACEMENT_3D('',#7339,#5787,#5788);
#5050=AXIS2_PLACEMENT_3D('',#7343,#5790,#5791);
#5051=AXIS2_PLACEMENT_3D('',#7344,#5792,#5793);
#5052=AXIS2_PLACEMENT_3D('',#7349,#5795,#5796);
#5053=AXIS2_PLACEMENT_3D('',#7352,#5798,#5799);
#5054=AXIS2_PLACEMENT_3D('',#7353,#5800,#5801);
#5055=AXIS2_PLACEMENT_3D('',#7355,#5802,#5803);
#5056=AXIS2_PLACEMENT_3D('',#7357,#5804,#5805);
#5057=AXIS2_PLACEMENT_3D('',#7359,#5806,#5807);
#5058=AXIS2_PLACEMENT_3D('',#7361,#5808,#5809);
#5059=AXIS2_PLACEMENT_3D('',#7364,#5811,#5812);
#5060=AXIS2_PLACEMENT_3D('',#7367,#5814,#5815);
#5061=AXIS2_PLACEMENT_3D('',#7371,#5818,#5819);
#5062=AXIS2_PLACEMENT_3D('',#7374,#5821,#5822);
#5063=AXIS2_PLACEMENT_3D('',#7375,#5823,#5824);
#5064=AXIS2_PLACEMENT_3D('',#7377,#5826,#5827);
#5065=AXIS2_PLACEMENT_3D('',#7378,#5828,#5829);
#5066=AXIS2_PLACEMENT_3D('',#7381,#5832,#5833);
#5067=AXIS2_PLACEMENT_3D('',#7383,#5835,#5836);
#5068=AXIS2_PLACEMENT_3D('',#7385,#5838,#5839);
#5069=AXIS2_PLACEMENT_3D('',#7387,#5841,#5842);
#5070=AXIS2_PLACEMENT_3D('',#7389,#5844,#5845);
#5071=AXIS2_PLACEMENT_3D('',#7391,#5847,#5848);
#5072=AXIS2_PLACEMENT_3D('',#7393,#5850,#5851);
#5073=AXIS2_PLACEMENT_3D('',#7394,#5852,#5853);
#5074=AXIS2_PLACEMENT_3D('',#7395,#5854,#5855);
#5075=AXIS2_PLACEMENT_3D('',#7397,#5856,#5857);
#5076=AXIS2_PLACEMENT_3D('',#7398,#5858,#5859);
#5077=AXIS2_PLACEMENT_3D('',#7399,#5860,#5861);
#5078=AXIS2_PLACEMENT_3D('',#7401,#5862,#5863);
#5079=AXIS2_PLACEMENT_3D('',#7402,#5864,#5865);
#5080=AXIS2_PLACEMENT_3D('',#7403,#5866,#5867);
#5081=AXIS2_PLACEMENT_3D('',#7405,#5868,#5869);
#5082=AXIS2_PLACEMENT_3D('',#7406,#5870,#5871);
#5083=AXIS2_PLACEMENT_3D('',#7407,#5872,#5873);
#5084=AXIS2_PLACEMENT_3D('',#7409,#5874,#5875);
#5085=AXIS2_PLACEMENT_3D('',#7410,#5876,#5877);
#5086=AXIS2_PLACEMENT_3D('',#7411,#5878,#5879);
#5087=AXIS2_PLACEMENT_3D('',#7420,#5884,#5885);
#5088=AXIS2_PLACEMENT_3D('',#7424,#5887,#5888);
#5089=AXIS2_PLACEMENT_3D('',#7425,#5889,#5890);
#5090=AXIS2_PLACEMENT_3D('',#7426,#5891,#5892);
#5091=AXIS2_PLACEMENT_3D('',#7432,#5896,#5897);
#5092=AXIS2_PLACEMENT_3D('',#7436,#5899,#5900);
#5093=AXIS2_PLACEMENT_3D('',#7437,#5901,#5902);
#5094=AXIS2_PLACEMENT_3D('',#7438,#5903,#5904);
#5095=AXIS2_PLACEMENT_3D('',#7444,#5908,#5909);
#5096=AXIS2_PLACEMENT_3D('',#7448,#5911,#5912);
#5097=AXIS2_PLACEMENT_3D('',#7449,#5913,#5914);
#5098=AXIS2_PLACEMENT_3D('',#7450,#5915,#5916);
#5099=AXIS2_PLACEMENT_3D('',#7456,#5920,#5921);
#5100=AXIS2_PLACEMENT_3D('',#7457,#5922,#5923);
#5101=AXIS2_PLACEMENT_3D('',#7458,#5924,#5925);
#5102=AXIS2_PLACEMENT_3D('',#7459,#5926,#5927);
#5103=AXIS2_PLACEMENT_3D('',#7463,#5929,#5930);
#5104=AXIS2_PLACEMENT_3D('',#7467,#5932,#5933);
#5105=AXIS2_PLACEMENT_3D('',#7471,#5935,#5936);
#5106=AXIS2_PLACEMENT_3D('',#7475,#5938,#5939);
#5107=AXIS2_PLACEMENT_3D('',#7476,#5940,#5941);
#5108=AXIS2_PLACEMENT_3D('',#7481,#5943,#5944);
#5109=AXIS2_PLACEMENT_3D('',#7484,#5946,#5947);
#5110=AXIS2_PLACEMENT_3D('',#7485,#5948,#5949);
#5111=AXIS2_PLACEMENT_3D('',#7487,#5950,#5951);
#5112=AXIS2_PLACEMENT_3D('',#7489,#5952,#5953);
#5113=AXIS2_PLACEMENT_3D('',#7491,#5954,#5955);
#5114=AXIS2_PLACEMENT_3D('',#7493,#5956,#5957);
#5115=AXIS2_PLACEMENT_3D('',#7496,#5959,#5960);
#5116=AXIS2_PLACEMENT_3D('',#7499,#5962,#5963);
#5117=AXIS2_PLACEMENT_3D('',#7503,#5966,#5967);
#5118=AXIS2_PLACEMENT_3D('',#7506,#5969,#5970);
#5119=AXIS2_PLACEMENT_3D('',#7507,#5971,#5972);
#5120=AXIS2_PLACEMENT_3D('',#7509,#5974,#5975);
#5121=AXIS2_PLACEMENT_3D('',#7510,#5976,#5977);
#5122=AXIS2_PLACEMENT_3D('',#7513,#5980,#5981);
#5123=AXIS2_PLACEMENT_3D('',#7515,#5983,#5984);
#5124=AXIS2_PLACEMENT_3D('',#7517,#5986,#5987);
#5125=AXIS2_PLACEMENT_3D('',#7519,#5989,#5990);
#5126=AXIS2_PLACEMENT_3D('',#7521,#5992,#5993);
#5127=AXIS2_PLACEMENT_3D('',#7523,#5995,#5996);
#5128=AXIS2_PLACEMENT_3D('',#7525,#5998,#5999);
#5129=AXIS2_PLACEMENT_3D('',#7526,#6000,#6001);
#5130=AXIS2_PLACEMENT_3D('',#7527,#6002,#6003);
#5131=AXIS2_PLACEMENT_3D('',#7529,#6004,#6005);
#5132=AXIS2_PLACEMENT_3D('',#7530,#6006,#6007);
#5133=AXIS2_PLACEMENT_3D('',#7531,#6008,#6009);
#5134=AXIS2_PLACEMENT_3D('',#7533,#6010,#6011);
#5135=AXIS2_PLACEMENT_3D('',#7534,#6012,#6013);
#5136=AXIS2_PLACEMENT_3D('',#7535,#6014,#6015);
#5137=AXIS2_PLACEMENT_3D('',#7537,#6016,#6017);
#5138=AXIS2_PLACEMENT_3D('',#7538,#6018,#6019);
#5139=AXIS2_PLACEMENT_3D('',#7539,#6020,#6021);
#5140=AXIS2_PLACEMENT_3D('',#7541,#6022,#6023);
#5141=AXIS2_PLACEMENT_3D('',#7542,#6024,#6025);
#5142=AXIS2_PLACEMENT_3D('',#7543,#6026,#6027);
#5143=AXIS2_PLACEMENT_3D('',#7544,#6028,#6029);
#5144=AXIS2_PLACEMENT_3D('',#7546,#6030,#6031);
#5145=AXIS2_PLACEMENT_3D('',#7549,#6032,#6033);
#5146=AXIS2_PLACEMENT_3D('',#7550,#6034,#6035);
#5147=AXIS2_PLACEMENT_3D('',#7551,#6036,#6037);
#5148=AXIS2_PLACEMENT_3D('',#7553,#6038,#6039);
#5149=AXIS2_PLACEMENT_3D('',#7556,#6040,#6041);
#5150=AXIS2_PLACEMENT_3D('',#7557,#6042,#6043);
#5151=AXIS2_PLACEMENT_3D('',#7558,#6044,#6045);
#5152=AXIS2_PLACEMENT_3D('',#7560,#6046,#6047);
#5153=AXIS2_PLACEMENT_3D('',#7563,#6048,#6049);
#5154=AXIS2_PLACEMENT_3D('',#7564,#6050,#6051);
#5155=AXIS2_PLACEMENT_3D('',#7565,#6052,#6053);
#5156=AXIS2_PLACEMENT_3D('',#7567,#6054,#6055);
#5157=AXIS2_PLACEMENT_3D('',#7570,#6056,#6057);
#5158=AXIS2_PLACEMENT_3D('',#7571,#6058,#6059);
#5159=AXIS2_PLACEMENT_3D('',#7572,#6060,#6061);
#5160=AXIS2_PLACEMENT_3D('',#7576,#6063,#6064);
#5161=AXIS2_PLACEMENT_3D('',#7577,#6065,#6066);
#5162=AXIS2_PLACEMENT_3D('',#7581,#6068,#6069);
#5163=AXIS2_PLACEMENT_3D('',#7582,#6070,#6071);
#5164=AXIS2_PLACEMENT_3D('',#7586,#6073,#6074);
#5165=AXIS2_PLACEMENT_3D('',#7587,#6075,#6076);
#5166=AXIS2_PLACEMENT_3D('',#7591,#6078,#6079);
#5167=AXIS2_PLACEMENT_3D('',#7592,#6080,#6081);
#5168=AXIS2_PLACEMENT_3D('',#7595,#6082,#6083);
#5169=AXIS2_PLACEMENT_3D('',#7596,#6084,#6085);
#5170=AXIS2_PLACEMENT_3D('',#7598,#6086,#6087);
#5171=AXIS2_PLACEMENT_3D('',#7599,#6088,#6089);
#5172=AXIS2_PLACEMENT_3D('',#7601,#6090,#6091);
#5173=AXIS2_PLACEMENT_3D('',#7603,#6092,#6093);
#5174=AXIS2_PLACEMENT_3D('',#7604,#6094,#6095);
#5175=AXIS2_PLACEMENT_3D('',#7605,#6096,#6097);
#5176=AXIS2_PLACEMENT_3D('',#7608,#6098,#6099);
#5177=AXIS2_PLACEMENT_3D('',#7609,#6100,#6101);
#5178=AXIS2_PLACEMENT_3D('',#7611,#6102,#6103);
#5179=AXIS2_PLACEMENT_3D('',#7612,#6104,#6105);
#5180=AXIS2_PLACEMENT_3D('',#7614,#6106,#6107);
#5181=AXIS2_PLACEMENT_3D('',#7616,#6108,#6109);
#5182=AXIS2_PLACEMENT_3D('',#7617,#6110,#6111);
#5183=AXIS2_PLACEMENT_3D('',#7626,#6116,#6117);
#5184=AXIS2_PLACEMENT_3D('',#7635,#6122,#6123);
#5185=AXIS2_PLACEMENT_3D('',#7644,#6128,#6129);
#5186=AXIS2_PLACEMENT_3D('',#7645,#6130,#6131);
#5187=AXIS2_PLACEMENT_3D('',#7647,#6132,#6133);
#5188=AXIS2_PLACEMENT_3D('',#7652,#6135,#6136);
#5189=AXIS2_PLACEMENT_3D('',#7656,#6138,#6139);
#5190=AXIS2_PLACEMENT_3D('',#7657,#6140,#6141);
#5191=AXIS2_PLACEMENT_3D('',#7658,#6142,#6143);
#5192=AXIS2_PLACEMENT_3D('',#7659,#6144,#6145);
#5193=AXIS2_PLACEMENT_3D('',#7663,#6147,#6148);
#5194=AXIS2_PLACEMENT_3D('',#7667,#6150,#6151);
#5195=AXIS2_PLACEMENT_3D('',#7671,#6153,#6154);
#5196=AXIS2_PLACEMENT_3D('',#7675,#6156,#6157);
#5197=AXIS2_PLACEMENT_3D('',#7679,#6159,#6160);
#5198=AXIS2_PLACEMENT_3D('',#7683,#6162,#6163);
#5199=AXIS2_PLACEMENT_3D('',#7687,#6165,#6166);
#5200=AXIS2_PLACEMENT_3D('',#7688,#6167,#6168);
#5201=AXIS2_PLACEMENT_3D('',#7690,#6169,#6170);
#5202=AXIS2_PLACEMENT_3D('',#7692,#6171,#6172);
#5203=AXIS2_PLACEMENT_3D('',#7694,#6173,#6174);
#5204=AXIS2_PLACEMENT_3D('',#7696,#6175,#6176);
#5205=AXIS2_PLACEMENT_3D('',#7698,#6177,#6178);
#5206=AXIS2_PLACEMENT_3D('',#7700,#6179,#6180);
#5207=AXIS2_PLACEMENT_3D('',#7702,#6181,#6182);
#5208=AXIS2_PLACEMENT_3D('',#7704,#6183,#6184);
#5209=AXIS2_PLACEMENT_3D('',#7706,#6185,#6186);
#5210=AXIS2_PLACEMENT_3D('',#7708,#6187,#6188);
#5211=AXIS2_PLACEMENT_3D('',#7710,#6189,#6190);
#5212=AXIS2_PLACEMENT_3D('',#7712,#6191,#6192);
#5213=AXIS2_PLACEMENT_3D('',#7714,#6193,#6194);
#5214=AXIS2_PLACEMENT_3D('',#7716,#6195,#6196);
#5215=AXIS2_PLACEMENT_3D('',#7718,#6197,#6198);
#5216=AXIS2_PLACEMENT_3D('',#7720,#6199,#6200);
#5217=AXIS2_PLACEMENT_3D('',#7721,#6201,#6202);
#5218=AXIS2_PLACEMENT_3D('',#7723,#6203,#6204);
#5219=AXIS2_PLACEMENT_3D('',#7725,#6205,#6206);
#5220=AXIS2_PLACEMENT_3D('',#7726,#6207,#6208);
#5221=AXIS2_PLACEMENT_3D('',#7727,#6209,#6210);
#5222=AXIS2_PLACEMENT_3D('',#7730,#6211,#6212);
#5223=AXIS2_PLACEMENT_3D('',#7731,#6213,#6214);
#5224=AXIS2_PLACEMENT_3D('',#7732,#6215,#6216);
#5225=AXIS2_PLACEMENT_3D('',#7734,#6217,#6218);
#5226=AXIS2_PLACEMENT_3D('',#7736,#6219,#6220);
#5227=AXIS2_PLACEMENT_3D('',#7737,#6221,#6222);
#5228=AXIS2_PLACEMENT_3D('',#7738,#6223,#6224);
#5229=AXIS2_PLACEMENT_3D('',#7741,#6225,#6226);
#5230=AXIS2_PLACEMENT_3D('',#7742,#6227,#6228);
#5231=AXIS2_PLACEMENT_3D('',#7743,#6229,#6230);
#5232=AXIS2_PLACEMENT_3D('',#7745,#6231,#6232);
#5233=AXIS2_PLACEMENT_3D('',#7746,#6233,#6234);
#5234=AXIS2_PLACEMENT_3D('',#7747,#6235,#6236);
#5235=AXIS2_PLACEMENT_3D('',#7749,#6237,#6238);
#5236=AXIS2_PLACEMENT_3D('',#7750,#6239,#6240);
#5237=AXIS2_PLACEMENT_3D('',#7756,#6244,#6245);
#5238=AXIS2_PLACEMENT_3D('',#7762,#6249,#6250);
#5239=AXIS2_PLACEMENT_3D('',#7768,#6254,#6255);
#5240=AXIS2_PLACEMENT_3D('',#7769,#6256,#6257);
#5241=AXIS2_PLACEMENT_3D('',#7771,#6258,#6259);
#5242=AXIS2_PLACEMENT_3D('',#7772,#6260,#6261);
#5243=AXIS2_PLACEMENT_3D('',#7773,#6262,#6263);
#5244=AXIS2_PLACEMENT_3D('',#7775,#6264,#6265);
#5245=AXIS2_PLACEMENT_3D('',#7776,#6266,#6267);
#5246=AXIS2_PLACEMENT_3D('',#7777,#6268,#6269);
#5247=AXIS2_PLACEMENT_3D('',#7780,#6270,#6271);
#5248=AXIS2_PLACEMENT_3D('',#7781,#6272,#6273);
#5249=AXIS2_PLACEMENT_3D('',#7783,#6274,#6275);
#5250=AXIS2_PLACEMENT_3D('',#7784,#6276,#6277);
#5251=AXIS2_PLACEMENT_3D('',#7786,#6278,#6279);
#5252=AXIS2_PLACEMENT_3D('',#7787,#6280,#6281);
#5253=AXIS2_PLACEMENT_3D('',#7788,#6282,#6283);
#5254=AXIS2_PLACEMENT_3D('',#7791,#6284,#6285);
#5255=AXIS2_PLACEMENT_3D('',#7792,#6286,#6287);
#5256=AXIS2_PLACEMENT_3D('',#7794,#6288,#6289);
#5257=AXIS2_PLACEMENT_3D('',#7795,#6290,#6291);
#5258=AXIS2_PLACEMENT_3D('',#7797,#6292,#6293);
#5259=AXIS2_PLACEMENT_3D('',#7798,#6294,#6295);
#5260=AXIS2_PLACEMENT_3D('',#7804,#6299,#6300);
#5261=AXIS2_PLACEMENT_3D('',#7810,#6304,#6305);
#5262=AXIS2_PLACEMENT_3D('',#7816,#6309,#6310);
#5263=AXIS2_PLACEMENT_3D('',#7817,#6311,#6312);
#5264=AXIS2_PLACEMENT_3D('',#7819,#6313,#6314);
#5265=AXIS2_PLACEMENT_3D('',#7821,#6315,#6316);
#5266=AXIS2_PLACEMENT_3D('',#7822,#6317,#6318);
#5267=AXIS2_PLACEMENT_3D('',#7823,#6319,#6320);
#5268=AXIS2_PLACEMENT_3D('',#7826,#6321,#6322);
#5269=AXIS2_PLACEMENT_3D('',#7827,#6323,#6324);
#5270=AXIS2_PLACEMENT_3D('',#7828,#6325,#6326);
#5271=AXIS2_PLACEMENT_3D('',#7830,#6327,#6328);
#5272=AXIS2_PLACEMENT_3D('',#7832,#6329,#6330);
#5273=AXIS2_PLACEMENT_3D('',#7833,#6331,#6332);
#5274=AXIS2_PLACEMENT_3D('',#7834,#6333,#6334);
#5275=AXIS2_PLACEMENT_3D('',#7837,#6335,#6336);
#5276=AXIS2_PLACEMENT_3D('',#7838,#6337,#6338);
#5277=AXIS2_PLACEMENT_3D('',#7839,#6339,#6340);
#5278=AXIS2_PLACEMENT_3D('',#7842,#6341,#6342);
#5279=AXIS2_PLACEMENT_3D('',#7843,#6343,#6344);
#5280=AXIS2_PLACEMENT_3D('',#7845,#6345,#6346);
#5281=AXIS2_PLACEMENT_3D('',#7846,#6347,#6348);
#5282=AXIS2_PLACEMENT_3D('',#7848,#6349,#6350);
#5283=AXIS2_PLACEMENT_3D('',#7849,#6351,#6352);
#5284=AXIS2_PLACEMENT_3D('',#7850,#6353,#6354);
#5285=AXIS2_PLACEMENT_3D('',#7853,#6355,#6356);
#5286=AXIS2_PLACEMENT_3D('',#7854,#6357,#6358);
#5287=AXIS2_PLACEMENT_3D('',#7856,#6359,#6360);
#5288=AXIS2_PLACEMENT_3D('',#7857,#6361,#6362);
#5289=AXIS2_PLACEMENT_3D('',#7859,#6363,#6364);
#5290=AXIS2_PLACEMENT_3D('',#7860,#6365,#6366);
#5291=AXIS2_PLACEMENT_3D('',#7866,#6370,#6371);
#5292=AXIS2_PLACEMENT_3D('',#7872,#6375,#6376);
#5293=AXIS2_PLACEMENT_3D('',#7878,#6380,#6381);
#5294=AXIS2_PLACEMENT_3D('',#7879,#6382,#6383);
#5295=AXIS2_PLACEMENT_3D('',#7881,#6384,#6385);
#5296=AXIS2_PLACEMENT_3D('',#7883,#6386,#6387);
#5297=AXIS2_PLACEMENT_3D('',#7884,#6388,#6389);
#5298=AXIS2_PLACEMENT_3D('',#7885,#6390,#6391);
#5299=AXIS2_PLACEMENT_3D('',#7888,#6392,#6393);
#5300=AXIS2_PLACEMENT_3D('',#7889,#6394,#6395);
#5301=AXIS2_PLACEMENT_3D('',#7890,#6396,#6397);
#5302=AXIS2_PLACEMENT_3D('',#7892,#6398,#6399);
#5303=AXIS2_PLACEMENT_3D('',#7894,#6400,#6401);
#5304=AXIS2_PLACEMENT_3D('',#7895,#6402,#6403);
#5305=AXIS2_PLACEMENT_3D('',#7896,#6404,#6405);
#5306=AXIS2_PLACEMENT_3D('',#7899,#6406,#6407);
#5307=AXIS2_PLACEMENT_3D('',#7900,#6408,#6409);
#5308=AXIS2_PLACEMENT_3D('',#7901,#6410,#6411);
#5309=AXIS2_PLACEMENT_3D('',#7903,#6412,#6413);
#5310=AXIS2_PLACEMENT_3D('',#7904,#6414,#6415);
#5311=AXIS2_PLACEMENT_3D('',#7906,#6416,#6417);
#5312=AXIS2_PLACEMENT_3D('',#7907,#6418,#6419);
#5313=AXIS2_PLACEMENT_3D('',#7909,#6420,#6421);
#5314=AXIS2_PLACEMENT_3D('',#7910,#6422,#6423);
#5315=AXIS2_PLACEMENT_3D('',#7912,#6424,#6425);
#5316=AXIS2_PLACEMENT_3D('',#7913,#6426,#6427);
#5317=AXIS2_PLACEMENT_3D('',#7915,#6428,#6429);
#5318=AXIS2_PLACEMENT_3D('',#7917,#6430,#6431);
#5319=AXIS2_PLACEMENT_3D('',#7919,#6432,#6433);
#5320=AXIS2_PLACEMENT_3D('',#7921,#6434,#6435);
#5321=AXIS2_PLACEMENT_3D('',#7923,#6436,#6437);
#5322=AXIS2_PLACEMENT_3D('',#7925,#6438,#6439);
#5323=AXIS2_PLACEMENT_3D('',#7927,#6440,#6441);
#5324=AXIS2_PLACEMENT_3D('',#7929,#6442,#6443);
#5325=AXIS2_PLACEMENT_3D('',#7931,#6444,#6445);
#5326=AXIS2_PLACEMENT_3D('',#7933,#6446,#6447);
#5327=AXIS2_PLACEMENT_3D('',#7935,#6448,#6449);
#5328=AXIS2_PLACEMENT_3D('',#7937,#6450,#6451);
#5329=AXIS2_PLACEMENT_3D('',#7939,#6452,#6453);
#5330=AXIS2_PLACEMENT_3D('',#7941,#6454,#6455);
#5331=AXIS2_PLACEMENT_3D('',#7943,#6456,#6457);
#5332=AXIS2_PLACEMENT_3D('',#7945,#6458,#6459);
#5333=AXIS2_PLACEMENT_3D('',#7946,#6460,#6461);
#5334=AXIS2_PLACEMENT_3D('',#7947,#6462,#6463);
#5335=AXIS2_PLACEMENT_3D('',#7948,#6464,#6465);
#5336=AXIS2_PLACEMENT_3D('',#7949,#6466,#6467);
#5337=AXIS2_PLACEMENT_3D('',#7950,#6468,#6469);
#5338=AXIS2_PLACEMENT_3D('',#7951,#6470,#6471);
#5339=AXIS2_PLACEMENT_3D('',#7952,#6472,#6473);
#5340=AXIS2_PLACEMENT_3D('',#7953,#6474,#6475);
#5341=AXIS2_PLACEMENT_3D('',#7954,#6476,#6477);
#5342=AXIS2_PLACEMENT_3D('',#7955,#6478,#6479);
#5343=AXIS2_PLACEMENT_3D('',#7956,#6480,#6481);
#5344=AXIS2_PLACEMENT_3D('',#7957,#6482,#6483);
#5345=AXIS2_PLACEMENT_3D('',#7961,#6485,#6486);
#5346=AXIS2_PLACEMENT_3D('',#7962,#6487,#6488);
#5347=AXIS2_PLACEMENT_3D('',#7965,#6490,#6491);
#5348=AXIS2_PLACEMENT_3D('',#7970,#6494,#6495);
#5349=AXIS2_PLACEMENT_3D('',#7973,#6497,#6498);
#5350=AXIS2_PLACEMENT_3D('',#7977,#6500,#6501);
#5351=AXIS2_PLACEMENT_3D('',#7978,#6502,#6503);
#5352=AXIS2_PLACEMENT_3D('',#7981,#6505,#6506);
#5353=AXIS2_PLACEMENT_3D('',#7986,#6509,#6510);
#5354=AXIS2_PLACEMENT_3D('',#7989,#6512,#6513);
#5355=AXIS2_PLACEMENT_3D('',#7993,#6515,#6516);
#5356=AXIS2_PLACEMENT_3D('',#7994,#6517,#6518);
#5357=AXIS2_PLACEMENT_3D('',#7997,#6520,#6521);
#5358=AXIS2_PLACEMENT_3D('',#8002,#6524,#6525);
#5359=AXIS2_PLACEMENT_3D('',#8005,#6527,#6528);
#5360=AXIS2_PLACEMENT_3D('',#8009,#6530,#6531);
#5361=AXIS2_PLACEMENT_3D('',#8010,#6532,#6533);
#5362=AXIS2_PLACEMENT_3D('',#8013,#6535,#6536);
#5363=AXIS2_PLACEMENT_3D('',#8018,#6539,#6540);
#5364=AXIS2_PLACEMENT_3D('',#8021,#6542,#6543);
#5365=AXIS2_PLACEMENT_3D('',#8024,#6546,#6547);
#5366=AXIS2_PLACEMENT_3D('',#8027,#6550,#6551);
#5367=AXIS2_PLACEMENT_3D('',#8028,#6552,#6553);
#5368=AXIS2_PLACEMENT_3D('',#8029,#6554,#6555);
#5369=AXIS2_PLACEMENT_3D('',#8032,#6558,#6559);
#5370=AXIS2_PLACEMENT_3D('',#8035,#6562,#6563);
#5371=AXIS2_PLACEMENT_3D('',#8036,#6564,#6565);
#5372=AXIS2_PLACEMENT_3D('',#8037,#6566,#6567);
#5373=AXIS2_PLACEMENT_3D('',#8040,#6570,#6571);
#5374=AXIS2_PLACEMENT_3D('',#8043,#6574,#6575);
#5375=AXIS2_PLACEMENT_3D('',#8044,#6576,#6577);
#5376=AXIS2_PLACEMENT_3D('',#8045,#6578,#6579);
#5377=AXIS2_PLACEMENT_3D('',#8048,#6582,#6583);
#5378=AXIS2_PLACEMENT_3D('',#8051,#6586,#6587);
#5379=AXIS2_PLACEMENT_3D('',#8052,#6588,#6589);
#5380=AXIS2_PLACEMENT_3D('',#8053,#6590,#6591);
#5381=AXIS2_PLACEMENT_3D('',#8063,#6597,#6598);
#5382=AXIS2_PLACEMENT_3D('',#8073,#6604,#6605);
#5383=AXIS2_PLACEMENT_3D('',#8074,#6606,#6607);
#5384=AXIS2_PLACEMENT_3D('',#8075,#6608,#6609);
#5385=AXIS2_PLACEMENT_3D('',#8076,#6610,#6611);
#5386=AXIS2_PLACEMENT_3D('',#8077,#6612,#6613);
#5387=AXIS2_PLACEMENT_3D('',#8078,#6614,#6615);
#5388=AXIS2_PLACEMENT_3D('',#8079,#6616,#6617);
#5389=AXIS2_PLACEMENT_3D('',#8080,#6618,#6619);
#5390=AXIS2_PLACEMENT_3D('',#8081,#6620,#6621);
#5391=AXIS2_PLACEMENT_3D('',#8082,#6622,#6623);
#5392=AXIS2_PLACEMENT_3D('',#8086,#6625,#6626);
#5393=AXIS2_PLACEMENT_3D('',#8087,#6627,#6628);
#5394=AXIS2_PLACEMENT_3D('',#8094,#6633,#6634);
#5395=AXIS2_PLACEMENT_3D('',#8104,#6640,#6641);
#5396=AXIS2_PLACEMENT_3D('',#8105,#6642,#6643);
#5397=AXIS2_PLACEMENT_3D('',#8106,#6644,#6645);
#5398=AXIS2_PLACEMENT_3D('',#8107,#6646,#6647);
#5399=AXIS2_PLACEMENT_3D('',#8108,#6648,#6649);
#5400=AXIS2_PLACEMENT_3D('',#8109,#6650,#6651);
#5401=AXIS2_PLACEMENT_3D('',#8110,#6652,#6653);
#5402=AXIS2_PLACEMENT_3D('',#8111,#6654,#6655);
#5403=AXIS2_PLACEMENT_3D('',#8115,#6657,#6658);
#5404=AXIS2_PLACEMENT_3D('',#8116,#6659,#6660);
#5405=AXIS2_PLACEMENT_3D('',#8123,#6665,#6666);
#5406=AXIS2_PLACEMENT_3D('',#8133,#6672,#6673);
#5407=AXIS2_PLACEMENT_3D('',#8134,#6674,#6675);
#5408=AXIS2_PLACEMENT_3D('',#8135,#6676,#6677);
#5409=AXIS2_PLACEMENT_3D('',#8136,#6678,#6679);
#5410=AXIS2_PLACEMENT_3D('',#8137,#6680,#6681);
#5411=AXIS2_PLACEMENT_3D('',#8138,#6682,#6683);
#5412=AXIS2_PLACEMENT_3D('',#8139,#6684,#6685);
#5413=AXIS2_PLACEMENT_3D('',#8140,#6686,#6687);
#5414=AXIS2_PLACEMENT_3D('',#8150,#6693,#6694);
#5415=AXIS2_PLACEMENT_3D('',#8160,#6700,#6701);
#5416=AXIS2_PLACEMENT_3D('',#8161,#6702,#6703);
#5417=AXIS2_PLACEMENT_3D('',#8162,#6704,#6705);
#5418=AXIS2_PLACEMENT_3D('',#8163,#6706,#6707);
#5419=AXIS2_PLACEMENT_3D('',#8164,#6708,#6709);
#5420=AXIS2_PLACEMENT_3D('',#8165,#6710,#6711);
#5421=AXIS2_PLACEMENT_3D('',#8166,#6712,#6713);
#5422=AXIS2_PLACEMENT_3D('',#8167,#6714,#6715);
#5423=AXIS2_PLACEMENT_3D('',#8168,#6716,#6717);
#5424=AXIS2_PLACEMENT_3D('',#8169,#6718,#6719);
#5425=AXIS2_PLACEMENT_3D('',#8179,#6725,#6726);
#5426=AXIS2_PLACEMENT_3D('',#8189,#6732,#6733);
#5427=AXIS2_PLACEMENT_3D('',#8190,#6734,#6735);
#5428=AXIS2_PLACEMENT_3D('',#8191,#6736,#6737);
#5429=AXIS2_PLACEMENT_3D('',#8192,#6738,#6739);
#5430=AXIS2_PLACEMENT_3D('',#8193,#6740,#6741);
#5431=AXIS2_PLACEMENT_3D('',#8194,#6742,#6743);
#5432=AXIS2_PLACEMENT_3D('',#8195,#6744,#6745);
#5433=AXIS2_PLACEMENT_3D('',#8196,#6746,#6747);
#5434=AXIS2_PLACEMENT_3D('',#8197,#6748,#6749);
#5435=AXIS2_PLACEMENT_3D('',#8198,#6750,#6751);
#5436=AXIS2_PLACEMENT_3D('',#8202,#6753,#6754);
#5437=AXIS2_PLACEMENT_3D('',#8203,#6755,#6756);
#5438=AXIS2_PLACEMENT_3D('',#8210,#6761,#6762);
#5439=AXIS2_PLACEMENT_3D('',#8220,#6768,#6769);
#5440=AXIS2_PLACEMENT_3D('',#8221,#6770,#6771);
#5441=AXIS2_PLACEMENT_3D('',#8222,#6772,#6773);
#5442=AXIS2_PLACEMENT_3D('',#8223,#6774,#6775);
#5443=AXIS2_PLACEMENT_3D('',#8224,#6776,#6777);
#5444=AXIS2_PLACEMENT_3D('',#8225,#6778,#6779);
#5445=AXIS2_PLACEMENT_3D('',#8226,#6780,#6781);
#5446=AXIS2_PLACEMENT_3D('',#8227,#6782,#6783);
#5447=AXIS2_PLACEMENT_3D('',#8231,#6785,#6786);
#5448=AXIS2_PLACEMENT_3D('',#8232,#6787,#6788);
#5449=AXIS2_PLACEMENT_3D('',#8239,#6793,#6794);
#5450=AXIS2_PLACEMENT_3D('',#8249,#6800,#6801);
#5451=AXIS2_PLACEMENT_3D('',#8250,#6802,#6803);
#5452=AXIS2_PLACEMENT_3D('',#8251,#6804,#6805);
#5453=AXIS2_PLACEMENT_3D('',#8252,#6806,#6807);
#5454=AXIS2_PLACEMENT_3D('',#8253,#6808,#6809);
#5455=AXIS2_PLACEMENT_3D('',#8254,#6810,#6811);
#5456=AXIS2_PLACEMENT_3D('',#8255,#6812,#6813);
#5457=AXIS2_PLACEMENT_3D('',#8256,#6814,#6815);
#5458=AXIS2_PLACEMENT_3D('',#8266,#6821,#6822);
#5459=AXIS2_PLACEMENT_3D('',#8276,#6828,#6829);
#5460=AXIS2_PLACEMENT_3D('',#8277,#6830,#6831);
#5461=AXIS2_PLACEMENT_3D('',#8278,#6832,#6833);
#5462=AXIS2_PLACEMENT_3D('',#8279,#6834,#6835);
#5463=AXIS2_PLACEMENT_3D('',#8280,#6836,#6837);
#5464=AXIS2_PLACEMENT_3D('',#8281,#6838,#6839);
#5465=AXIS2_PLACEMENT_3D('',#8282,#6840,#6841);
#5466=AXIS2_PLACEMENT_3D('',#8283,#6842,#6843);
#5467=AXIS2_PLACEMENT_3D('',#8284,#6844,#6845);
#5468=AXIS2_PLACEMENT_3D('',#8285,#6846,#6847);
#5469=AXIS2_PLACEMENT_3D('',#8295,#6853,#6854);
#5470=AXIS2_PLACEMENT_3D('',#8305,#6860,#6861);
#5471=AXIS2_PLACEMENT_3D('',#8306,#6862,#6863);
#5472=AXIS2_PLACEMENT_3D('',#8307,#6864,#6865);
#5473=AXIS2_PLACEMENT_3D('',#8308,#6866,#6867);
#5474=AXIS2_PLACEMENT_3D('',#8309,#6868,#6869);
#5475=AXIS2_PLACEMENT_3D('',#8310,#6870,#6871);
#5476=AXIS2_PLACEMENT_3D('',#8311,#6872,#6873);
#5477=AXIS2_PLACEMENT_3D('',#8312,#6874,#6875);
#5478=AXIS2_PLACEMENT_3D('',#8313,#6876,#6877);
#5479=AXIS2_PLACEMENT_3D('',#8314,#6878,#6879);
#5480=AXIS2_PLACEMENT_3D('',#8318,#6881,#6882);
#5481=AXIS2_PLACEMENT_3D('',#8319,#6883,#6884);
#5482=AXIS2_PLACEMENT_3D('',#8326,#6889,#6890);
#5483=AXIS2_PLACEMENT_3D('',#8336,#6896,#6897);
#5484=AXIS2_PLACEMENT_3D('',#8337,#6898,#6899);
#5485=AXIS2_PLACEMENT_3D('',#8338,#6900,#6901);
#5486=AXIS2_PLACEMENT_3D('',#8339,#6902,#6903);
#5487=AXIS2_PLACEMENT_3D('',#8340,#6904,#6905);
#5488=AXIS2_PLACEMENT_3D('',#8341,#6906,#6907);
#5489=AXIS2_PLACEMENT_3D('',#8342,#6908,#6909);
#5490=AXIS2_PLACEMENT_3D('',#8343,#6910,#6911);
#5491=AXIS2_PLACEMENT_3D('',#8347,#6913,#6914);
#5492=AXIS2_PLACEMENT_3D('',#8348,#6915,#6916);
#5493=AXIS2_PLACEMENT_3D('',#8355,#6921,#6922);
#5494=AXIS2_PLACEMENT_3D('',#8365,#6928,#6929);
#5495=AXIS2_PLACEMENT_3D('',#8366,#6930,#6931);
#5496=AXIS2_PLACEMENT_3D('',#8367,#6932,#6933);
#5497=AXIS2_PLACEMENT_3D('',#8368,#6934,#6935);
#5498=AXIS2_PLACEMENT_3D('',#8369,#6936,#6937);
#5499=AXIS2_PLACEMENT_3D('',#8370,#6938,#6939);
#5500=AXIS2_PLACEMENT_3D('',#8371,#6940,#6941);
#5501=AXIS2_PLACEMENT_3D('',#8372,#6942,#6943);
#5502=AXIS2_PLACEMENT_3D('',#8382,#6949,#6950);
#5503=AXIS2_PLACEMENT_3D('',#8392,#6956,#6957);
#5504=AXIS2_PLACEMENT_3D('',#8393,#6958,#6959);
#5505=AXIS2_PLACEMENT_3D('',#8394,#6960,#6961);
#5506=AXIS2_PLACEMENT_3D('',#8395,#6962,#6963);
#5507=AXIS2_PLACEMENT_3D('',#8396,#6964,#6965);
#5508=AXIS2_PLACEMENT_3D('',#8397,#6966,#6967);
#5509=AXIS2_PLACEMENT_3D('',#8398,#6968,#6969);
#5510=AXIS2_PLACEMENT_3D('',#8399,#6970,#6971);
#5511=AXIS2_PLACEMENT_3D('',#8400,#6972,#6973);
#5512=AXIS2_PLACEMENT_3D('',#8401,#6974,#6975);
#5513=AXIS2_PLACEMENT_3D('',#8402,#6976,#6977);
#5514=AXIS2_PLACEMENT_3D('',#8403,#6978,#6979);
#5515=AXIS2_PLACEMENT_3D('',#8404,#6980,#6981);
#5516=AXIS2_PLACEMENT_3D('',#8405,#6982,#6983);
#5517=AXIS2_PLACEMENT_3D('',#8406,#6984,#6985);
#5518=AXIS2_PLACEMENT_3D('',#8407,#6986,#6987);
#5519=AXIS2_PLACEMENT_3D('',#8408,#6988,#6989);
#5520=AXIS2_PLACEMENT_3D('',#8409,#6990,#6991);
#5521=AXIS2_PLACEMENT_3D('',#8410,#6992,#6993);
#5522=AXIS2_PLACEMENT_3D('',#8411,#6994,#6995);
#5523=AXIS2_PLACEMENT_3D('',#8412,#6996,#6997);
#5524=AXIS2_PLACEMENT_3D('',#8413,#6998,#6999);
#5525=AXIS2_PLACEMENT_3D('',#8414,#7000,#7001);
#5526=AXIS2_PLACEMENT_3D('',#8423,#7006,#7007);
#5527=AXIS2_PLACEMENT_3D('',#8427,#7009,#7010);
#5528=AXIS2_PLACEMENT_3D('',#8428,#7011,#7012);
#5529=AXIS2_PLACEMENT_3D('',#8429,#7013,#7014);
#5530=AXIS2_PLACEMENT_3D('',#8435,#7018,#7019);
#5531=AXIS2_PLACEMENT_3D('',#8439,#7021,#7022);
#5532=AXIS2_PLACEMENT_3D('',#8440,#7023,#7024);
#5533=AXIS2_PLACEMENT_3D('',#8441,#7025,#7026);
#5534=AXIS2_PLACEMENT_3D('',#8447,#7030,#7031);
#5535=AXIS2_PLACEMENT_3D('',#8451,#7033,#7034);
#5536=AXIS2_PLACEMENT_3D('',#8452,#7035,#7036);
#5537=AXIS2_PLACEMENT_3D('',#8453,#7037,#7038);
#5538=AXIS2_PLACEMENT_3D('',#8459,#7042,#7043);
#5539=AXIS2_PLACEMENT_3D('',#8460,#7044,#7045);
#5540=AXIS2_PLACEMENT_3D('',#8461,#7046,#7047);
#5541=AXIS2_PLACEMENT_3D('',#8462,#7048,#7049);
#5542=AXIS2_PLACEMENT_3D('',#8466,#7051,#7052);
#5543=AXIS2_PLACEMENT_3D('',#8470,#7054,#7055);
#5544=AXIS2_PLACEMENT_3D('',#8474,#7057,#7058);
#5545=AXIS2_PLACEMENT_3D('',#8478,#7060,#7061);
#5546=AXIS2_PLACEMENT_3D('',#8479,#7062,#7063);
#5547=AXIS2_PLACEMENT_3D('',#8484,#7065,#7066);
#5548=AXIS2_PLACEMENT_3D('',#8487,#7068,#7069);
#5549=AXIS2_PLACEMENT_3D('',#8488,#7070,#7071);
#5550=AXIS2_PLACEMENT_3D('',#8490,#7072,#7073);
#5551=AXIS2_PLACEMENT_3D('',#8492,#7074,#7075);
#5552=AXIS2_PLACEMENT_3D('',#8494,#7076,#7077);
#5553=AXIS2_PLACEMENT_3D('',#8496,#7078,#7079);
#5554=AXIS2_PLACEMENT_3D('',#8499,#7081,#7082);
#5555=AXIS2_PLACEMENT_3D('',#8502,#7084,#7085);
#5556=AXIS2_PLACEMENT_3D('',#8506,#7088,#7089);
#5557=AXIS2_PLACEMENT_3D('',#8509,#7091,#7092);
#5558=AXIS2_PLACEMENT_3D('',#8510,#7093,#7094);
#5559=AXIS2_PLACEMENT_3D('',#8512,#7096,#7097);
#5560=AXIS2_PLACEMENT_3D('',#8513,#7098,#7099);
#5561=AXIS2_PLACEMENT_3D('',#8516,#7102,#7103);
#5562=AXIS2_PLACEMENT_3D('',#8518,#7105,#7106);
#5563=AXIS2_PLACEMENT_3D('',#8520,#7108,#7109);
#5564=AXIS2_PLACEMENT_3D('',#8522,#7111,#7112);
#5565=AXIS2_PLACEMENT_3D('',#8524,#7114,#7115);
#5566=AXIS2_PLACEMENT_3D('',#8526,#7117,#7118);
#5567=AXIS2_PLACEMENT_3D('',#8528,#7120,#7121);
#5568=AXIS2_PLACEMENT_3D('',#8529,#7122,#7123);
#5569=AXIS2_PLACEMENT_3D('',#8530,#7124,#7125);
#5570=AXIS2_PLACEMENT_3D('',#8532,#7126,#7127);
#5571=AXIS2_PLACEMENT_3D('',#8533,#7128,#7129);
#5572=AXIS2_PLACEMENT_3D('',#8534,#7130,#7131);
#5573=AXIS2_PLACEMENT_3D('',#8536,#7132,#7133);
#5574=AXIS2_PLACEMENT_3D('',#8537,#7134,#7135);
#5575=AXIS2_PLACEMENT_3D('',#8538,#7136,#7137);
#5576=AXIS2_PLACEMENT_3D('',#8540,#7138,#7139);
#5577=AXIS2_PLACEMENT_3D('',#8541,#7140,#7141);
#5578=AXIS2_PLACEMENT_3D('',#8542,#7142,#7143);
#5579=AXIS2_PLACEMENT_3D('',#8544,#7144,#7145);
#5580=DIRECTION('',(0.,0.,1.));
#5581=DIRECTION('',(1.,0.,0.));
#5582=DIRECTION('',(-1.83697019872103E-16,1.,0.));
#5583=DIRECTION('',(0.,0.,-1.));
#5584=DIRECTION('',(0.,0.,-1.));
#5585=DIRECTION('',(1.,1.83697019872103E-16,0.));
#5586=DIRECTION('',(0.,0.,-1.));
#5587=DIRECTION('',(1.,1.83697019872103E-16,0.));
#5588=DIRECTION('',(0.,0.,-1.));
#5589=DIRECTION('',(1.83697019872103E-16,-1.,0.));
#5590=DIRECTION('',(0.,0.,-1.));
#5591=DIRECTION('',(0.,0.,1.));
#5592=DIRECTION('',(-1.83697019872103E-16,1.,0.));
#5593=DIRECTION('',(0.,0.,1.));
#5594=DIRECTION('',(-1.83697019872103E-16,1.,0.));
#5595=DIRECTION('',(-1.,-1.83697019872103E-16,0.));
#5596=DIRECTION('',(0.,0.,1.));
#5597=DIRECTION('',(0.,0.,-1.));
#5598=DIRECTION('',(-1.83697019872103E-16,1.,0.));
#5599=DIRECTION('',(-1.83697019872103E-16,1.,0.));
#5600=DIRECTION('',(0.,0.,-1.));
#5601=DIRECTION('',(1.83697019872103E-16,-1.,0.));
#5602=DIRECTION('',(0.,0.,-1.));
#5603=DIRECTION('',(0.,0.,1.));
#5604=DIRECTION('',(-1.83697019872103E-16,1.,0.));
#5605=DIRECTION('',(0.,0.,1.));
#5606=DIRECTION('',(-1.83697019872103E-16,1.,0.));
#5607=DIRECTION('',(-1.83697019872103E-16,1.,0.));
#5608=DIRECTION('',(0.,0.,-1.));
#5609=DIRECTION('',(0.,0.,-1.));
#5610=DIRECTION('',(-1.,-1.83697019872103E-16,0.));
#5611=DIRECTION('',(1.,1.83697019872103E-16,0.));
#5612=DIRECTION('',(0.,0.,-1.));
#5613=DIRECTION('',(1.83697019872103E-16,-1.,0.));
#5614=DIRECTION('',(0.,0.,-1.));
#5615=DIRECTION('',(0.,0.,1.));
#5616=DIRECTION('',(-1.83697019872103E-16,1.,0.));
#5617=DIRECTION('',(0.,0.,1.));
#5618=DIRECTION('',(-1.83697019872103E-16,1.,0.));
#5619=DIRECTION('',(-1.,-1.83697019872103E-16,0.));
#5620=DIRECTION('',(0.,0.,1.));
#5621=DIRECTION('',(0.,0.,-1.));
#5622=DIRECTION('',(1.83697019872103E-16,-1.,0.));
#5623=DIRECTION('',(-1.83697019872103E-16,1.,0.));
#5624=DIRECTION('',(0.,0.,-1.));
#5625=DIRECTION('',(1.83697019872103E-16,-1.,0.));
#5626=DIRECTION('',(0.,0.,1.));
#5627=DIRECTION('',(-1.83697019872103E-16,1.,0.));
#5628=DIRECTION('',(0.,0.,1.));
#5629=DIRECTION('',(-1.83697019872103E-16,1.,0.));
#5630=DIRECTION('',(0.,0.,1.));
#5631=DIRECTION('',(-1.83697019872103E-16,1.,0.));
#5632=DIRECTION('',(1.,1.83697019872103E-16,0.));
#5633=DIRECTION('',(0.,0.,1.));
#5634=DIRECTION('',(-1.83697019872103E-16,1.,0.));
#5635=DIRECTION('',(-1.83697019872103E-16,1.,0.));
#5636=DIRECTION('',(0.,0.,1.));
#5637=DIRECTION('',(-1.83697019872103E-16,1.,0.));
#5638=DIRECTION('',(-1.,-1.83697019872103E-16,0.));
#5639=DIRECTION('',(0.,0.,1.));
#5640=DIRECTION('',(-1.83697019872103E-16,1.,0.));
#5641=DIRECTION('',(1.83697019872103E-16,-1.,0.));
#5642=DIRECTION('',(0.,0.,1.));
#5643=DIRECTION('',(-1.83697019872103E-16,1.,0.));
#5644=DIRECTION('',(0.,0.,1.));
#5645=DIRECTION('',(-1.83697019872103E-16,1.,0.));
#5646=DIRECTION('',(-1.83697019872103E-16,1.,0.));
#5647=DIRECTION('',(0.,0.,-1.));
#5648=DIRECTION('',(-1.83697019872103E-16,1.,0.));
#5649=DIRECTION('',(-1.83697019872103E-16,1.,0.));
#5650=DIRECTION('',(0.,0.,1.));
#5651=DIRECTION('',(-1.83697019872103E-16,1.,0.));
#5652=DIRECTION('',(0.,0.,-1.));
#5653=DIRECTION('',(1.83697019872103E-16,-1.,0.));
#5654=DIRECTION('',(0.,0.,-1.));
#5655=DIRECTION('',(1.83697019872103E-16,-1.,0.));
#5656=DIRECTION('',(0.,0.,-1.));
#5657=DIRECTION('',(1.83697019872103E-16,-1.,0.));
#5658=DIRECTION('',(0.,0.,-1.));
#5659=DIRECTION('',(1.83697019872103E-16,-1.,0.));
#5660=DIRECTION('',(0.,0.,1.));
#5661=DIRECTION('',(-1.83697019872103E-16,1.,0.));
#5662=DIRECTION('',(0.,0.,1.));
#5663=DIRECTION('',(0.,0.,1.));
#5664=DIRECTION('',(-1.83697019872103E-16,1.,0.));
#5665=DIRECTION('',(0.,0.,1.));
#5666=DIRECTION('',(1.,1.83697019872103E-16,0.));
#5667=DIRECTION('',(0.,0.,-1.));
#5668=DIRECTION('',(0.,0.,1.));
#5669=DIRECTION('',(-1.83697019872103E-16,1.,0.));
#5670=DIRECTION('',(0.,0.,1.));
#5671=DIRECTION('',(-1.83697019872103E-16,1.,0.));
#5672=DIRECTION('',(0.,0.,1.));
#5673=DIRECTION('',(0.,0.,-1.));
#5674=DIRECTION('',(-1.83697019872103E-16,1.,0.));
#5675=DIRECTION('',(1.,1.83697019872103E-16,0.));
#5676=DIRECTION('',(0.,0.,-1.));
#5677=DIRECTION('',(-1.83697019872103E-16,1.,0.));
#5678=DIRECTION('',(0.,0.,1.));
#5679=DIRECTION('',(-1.83697019872103E-16,1.,0.));
#5680=DIRECTION('',(0.,0.,-1.));
#5681=DIRECTION('',(1.83697019872103E-16,-1.,0.));
#5682=DIRECTION('',(1.52845159453568E-16,-0.832050294337844,0.55470019622523));
#5683=DIRECTION('',(-0.832050294337844,4.88655808893663E-16,-0.55470019622523));
#5684=DIRECTION('',(0.55470019622523,1.01896772969045E-16,-0.832050294337844));
#5685=DIRECTION('',(-1.83697019872103E-16,1.,0.));
#5686=DIRECTION('',(-0.832050294337844,-1.52845159453568E-16,-0.55470019622523));
#5687=DIRECTION('',(1.01896772969045E-16,-0.55470019622523,-0.832050294337844));
#5688=DIRECTION('',(1.,1.83697019872103E-16,0.));
#5689=DIRECTION('',(-1.67905324720047E-16,-0.832050294337844,0.55470019622523));
#5690=DIRECTION('',(0.,0.,-1.));
#5691=DIRECTION('',(1.83697019872103E-16,-1.,0.));
#5692=DIRECTION('',(-1.67905324720047E-16,-0.832050294337844,-0.55470019622523));
#5693=DIRECTION('',(0.,0.,-1.));
#5694=DIRECTION('',(1.83697019872103E-16,-1.,0.));
#5695=DIRECTION('',(-0.832050294337844,-1.52845159453568E-16,0.55470019622523));
#5696=DIRECTION('',(1.01896772969045E-16,-0.55470019622523,0.832050294337844));
#5697=DIRECTION('',(-1.,-1.83697019872103E-16,0.));
#5698=DIRECTION('',(4.73595643627183E-16,-0.832050294337844,-0.55470019622523));
#5699=DIRECTION('',(0.55470019622523,1.01896772969045E-16,0.832050294337844));
#5700=DIRECTION('',(1.83697019872103E-16,-1.,0.));
#5701=DIRECTION('',(-0.832050294337844,1.67905324720047E-16,0.55470019622523));
#5702=DIRECTION('',(0.,0.,-1.));
#5703=DIRECTION('',(1.83697019872103E-16,-1.,0.));
#5704=DIRECTION('',(0.,0.,-1.));
#5705=DIRECTION('',(1.83697019872103E-16,-1.,0.));
#5706=DIRECTION('',(0.,0.,-1.));
#5707=DIRECTION('',(1.83697019872103E-16,-1.,0.));
#5708=DIRECTION('',(0.,0.,-1.));
#5709=DIRECTION('',(-1.83697019872103E-16,1.,0.));
#5710=DIRECTION('',(0.,0.,-1.));
#5711=DIRECTION('',(1.83697019872103E-16,-1.,0.));
#5712=DIRECTION('',(0.,0.,-1.));
#5713=DIRECTION('',(1.83697019872103E-16,-1.,0.));
#5714=DIRECTION('',(0.,0.,-1.));
#5715=DIRECTION('',(-1.83697019872103E-16,1.,0.));
#5716=DIRECTION('',(0.,0.,-1.));
#5717=DIRECTION('',(1.83697019872103E-16,-1.,0.));
#5718=DIRECTION('',(0.,0.,-1.));
#5719=DIRECTION('',(1.83697019872103E-16,-1.,0.));
#5720=DIRECTION('',(0.,0.,-1.));
#5721=DIRECTION('',(-1.83697019872103E-16,1.,0.));
#5722=DIRECTION('',(0.,0.,-1.));
#5723=DIRECTION('',(1.83697019872103E-16,-1.,0.));
#5724=DIRECTION('',(0.,0.,-1.));
#5725=DIRECTION('',(1.83697019872103E-16,-1.,0.));
#5726=DIRECTION('',(0.,0.,-1.));
#5727=DIRECTION('',(-1.83697019872103E-16,1.,0.));
#5728=DIRECTION('',(0.,0.,1.));
#5729=DIRECTION('',(1.,0.,0.));
#5730=DIRECTION('',(-1.,-1.22464679914735E-16,0.));
#5731=DIRECTION('',(0.,0.,-1.));
#5732=DIRECTION('',(0.,0.,-1.));
#5733=DIRECTION('',(-1.22464679914735E-16,1.,0.));
#5734=DIRECTION('',(0.,0.,-1.));
#5735=DIRECTION('',(-1.22464679914735E-16,1.,0.));
#5736=DIRECTION('',(0.,0.,-1.));
#5737=DIRECTION('',(1.,1.22464679914735E-16,0.));
#5738=DIRECTION('',(0.,0.,-1.));
#5739=DIRECTION('',(0.,0.,1.));
#5740=DIRECTION('',(-1.,-1.22464679914735E-16,0.));
#5741=DIRECTION('',(0.,0.,1.));
#5742=DIRECTION('',(-1.,-1.22464679914735E-16,0.));
#5743=DIRECTION('',(1.22464679914735E-16,-1.,0.));
#5744=DIRECTION('',(0.,0.,1.));
#5745=DIRECTION('',(0.,0.,-1.));
#5746=DIRECTION('',(-1.,-1.22464679914735E-16,0.));
#5747=DIRECTION('',(-1.,-1.22464679914735E-16,0.));
#5748=DIRECTION('',(0.,0.,-1.));
#5749=DIRECTION('',(1.,1.22464679914735E-16,0.));
#5750=DIRECTION('',(0.,0.,-1.));
#5751=DIRECTION('',(0.,0.,1.));
#5752=DIRECTION('',(-1.,-1.22464679914735E-16,0.));
#5753=DIRECTION('',(0.,0.,1.));
#5754=DIRECTION('',(-1.,-1.22464679914735E-16,0.));
#5755=DIRECTION('',(-1.,-1.22464679914735E-16,0.));
#5756=DIRECTION('',(0.,0.,-1.));
#5757=DIRECTION('',(0.,0.,-1.));
#5758=DIRECTION('',(1.22464679914735E-16,-1.,0.));
#5759=DIRECTION('',(-1.22464679914735E-16,1.,0.));
#5760=DIRECTION('',(0.,0.,-1.));
#5761=DIRECTION('',(1.,1.22464679914735E-16,0.));
#5762=DIRECTION('',(0.,0.,-1.));
#5763=DIRECTION('',(0.,0.,1.));
#5764=DIRECTION('',(-1.,-1.22464679914735E-16,0.));
#5765=DIRECTION('',(0.,0.,1.));
#5766=DIRECTION('',(-1.,-1.22464679914735E-16,0.));
#5767=DIRECTION('',(1.22464679914735E-16,-1.,0.));
#5768=DIRECTION('',(0.,0.,1.));
#5769=DIRECTION('',(0.,0.,-1.));
#5770=DIRECTION('',(1.,1.22464679914735E-16,0.));
#5771=DIRECTION('',(-1.,-1.22464679914735E-16,0.));
#5772=DIRECTION('',(0.,0.,-1.));
#5773=DIRECTION('',(1.,1.22464679914735E-16,0.));
#5774=DIRECTION('',(0.,0.,1.));
#5775=DIRECTION('',(-1.,-1.22464679914735E-16,0.));
#5776=DIRECTION('',(0.,0.,1.));
#5777=DIRECTION('',(-1.,-1.22464679914735E-16,0.));
#5778=DIRECTION('',(0.,0.,1.));
#5779=DIRECTION('',(-1.,-1.22464679914735E-16,0.));
#5780=DIRECTION('',(-1.22464679914735E-16,1.,0.));
#5781=DIRECTION('',(0.,0.,1.));
#5782=DIRECTION('',(-1.,-1.22464679914735E-16,0.));
#5783=DIRECTION('',(-1.,-1.22464679914735E-16,0.));
#5784=DIRECTION('',(0.,0.,1.));
#5785=DIRECTION('',(-1.,-1.22464679914735E-16,0.));
#5786=DIRECTION('',(1.22464679914735E-16,-1.,0.));
#5787=DIRECTION('',(0.,0.,1.));
#5788=DIRECTION('',(-1.,-1.22464679914735E-16,0.));
#5789=DIRECTION('',(1.,1.22464679914735E-16,0.));
#5790=DIRECTION('',(0.,0.,1.));
#5791=DIRECTION('',(-1.,-1.22464679914735E-16,0.));
#5792=DIRECTION('',(0.,0.,1.));
#5793=DIRECTION('',(-1.,-1.22464679914735E-16,0.));
#5794=DIRECTION('',(-1.,-1.22464679914735E-16,0.));
#5795=DIRECTION('',(0.,0.,-1.));
#5796=DIRECTION('',(-1.,-1.22464679914735E-16,0.));
#5797=DIRECTION('',(-1.,-1.22464679914735E-16,0.));
#5798=DIRECTION('',(0.,0.,1.));
#5799=DIRECTION('',(-1.,-1.22464679914735E-16,0.));
#5800=DIRECTION('',(0.,0.,-1.));
#5801=DIRECTION('',(1.,1.22464679914735E-16,0.));
#5802=DIRECTION('',(0.,0.,-1.));
#5803=DIRECTION('',(1.,1.22464679914735E-16,0.));
#5804=DIRECTION('',(0.,0.,-1.));
#5805=DIRECTION('',(1.,1.22464679914735E-16,0.));
#5806=DIRECTION('',(0.,0.,-1.));
#5807=DIRECTION('',(1.,1.22464679914735E-16,0.));
#5808=DIRECTION('',(0.,0.,1.));
#5809=DIRECTION('',(-1.,-1.22464679914735E-16,0.));
#5810=DIRECTION('',(0.,0.,1.));
#5811=DIRECTION('',(0.,0.,1.));
#5812=DIRECTION('',(-1.,-1.22464679914735E-16,0.));
#5813=DIRECTION('',(0.,0.,1.));
#5814=DIRECTION('',(-1.22464679914735E-16,1.,0.));
#5815=DIRECTION('',(0.,0.,-1.));
#5816=DIRECTION('',(0.,0.,1.));
#5817=DIRECTION('',(-1.,-1.22464679914735E-16,0.));
#5818=DIRECTION('',(0.,0.,1.));
#5819=DIRECTION('',(-1.,-1.22464679914735E-16,0.));
#5820=DIRECTION('',(0.,0.,1.));
#5821=DIRECTION('',(0.,0.,-1.));
#5822=DIRECTION('',(-1.,-1.22464679914735E-16,0.));
#5823=DIRECTION('',(-1.22464679914735E-16,1.,0.));
#5824=DIRECTION('',(0.,0.,-1.));
#5825=DIRECTION('',(-1.,-1.22464679914735E-16,0.));
#5826=DIRECTION('',(0.,0.,1.));
#5827=DIRECTION('',(-1.,-1.22464679914735E-16,0.));
#5828=DIRECTION('',(0.,0.,-1.));
#5829=DIRECTION('',(1.,1.22464679914735E-16,0.));
#5830=DIRECTION('',(0.832050294337844,1.01896772969045E-16,0.55470019622523));
#5831=DIRECTION('',(-5.39604195378185E-16,-0.832050294337844,-0.55470019622523));
#5832=DIRECTION('',(-6.79311819793636E-17,0.55470019622523,-0.832050294337844));
#5833=DIRECTION('',(-1.,-1.22464679914735E-16,0.));
#5834=DIRECTION('',(1.01896772969045E-16,-0.832050294337844,-0.55470019622523));
#5835=DIRECTION('',(0.55470019622523,6.79311819793636E-17,-0.832050294337844));
#5836=DIRECTION('',(-1.22464679914735E-16,1.,0.));
#5837=DIRECTION('',(0.832050294337844,-2.1885371120457E-16,0.55470019622523));
#5838=DIRECTION('',(0.,0.,-1.));
#5839=DIRECTION('',(1.,1.22464679914735E-16,0.));
#5840=DIRECTION('',(0.832050294337844,-2.1885371120457E-16,-0.55470019622523));
#5841=DIRECTION('',(0.,0.,-1.));
#5842=DIRECTION('',(1.,1.22464679914735E-16,0.));
#5843=DIRECTION('',(1.01896772969045E-16,-0.832050294337844,0.55470019622523));
#5844=DIRECTION('',(0.55470019622523,6.79311819793636E-17,0.832050294337844));
#5845=DIRECTION('',(1.22464679914735E-16,-1.,0.));
#5846=DIRECTION('',(0.832050294337844,4.22647257142661E-16,-0.55470019622523));
#5847=DIRECTION('',(-6.79311819793636E-17,0.55470019622523,0.832050294337844));
#5848=DIRECTION('',(1.,1.22464679914735E-16,0.));
#5849=DIRECTION('',(-2.1885371120457E-16,-0.832050294337844,0.55470019622523));
#5850=DIRECTION('',(0.,0.,-1.));
#5851=DIRECTION('',(1.,1.22464679914735E-16,0.));
#5852=DIRECTION('',(0.,0.,-1.));
#5853=DIRECTION('',(1.,1.22464679914735E-16,0.));
#5854=DIRECTION('',(0.,0.,-1.));
#5855=DIRECTION('',(1.,1.22464679914735E-16,0.));
#5856=DIRECTION('',(0.,0.,-1.));
#5857=DIRECTION('',(-1.,-1.22464679914735E-16,0.));
#5858=DIRECTION('',(0.,0.,-1.));
#5859=DIRECTION('',(1.,1.22464679914735E-16,0.));
#5860=DIRECTION('',(0.,0.,-1.));
#5861=DIRECTION('',(1.,1.22464679914735E-16,0.));
#5862=DIRECTION('',(0.,0.,-1.));
#5863=DIRECTION('',(-1.,-1.22464679914735E-16,0.));
#5864=DIRECTION('',(0.,0.,-1.));
#5865=DIRECTION('',(1.,1.22464679914735E-16,0.));
#5866=DIRECTION('',(0.,0.,-1.));
#5867=DIRECTION('',(1.,1.22464679914735E-16,0.));
#5868=DIRECTION('',(0.,0.,-1.));
#5869=DIRECTION('',(-1.,-1.22464679914735E-16,0.));
#5870=DIRECTION('',(0.,0.,-1.));
#5871=DIRECTION('',(1.,1.22464679914735E-16,0.));
#5872=DIRECTION('',(0.,0.,-1.));
#5873=DIRECTION('',(1.,1.22464679914735E-16,0.));
#5874=DIRECTION('',(0.,0.,-1.));
#5875=DIRECTION('',(-1.,-1.22464679914735E-16,0.));
#5876=DIRECTION('',(0.,0.,1.));
#5877=DIRECTION('',(1.,0.,0.));
#5878=DIRECTION('',(6.12323399573677E-17,-1.,0.));
#5879=DIRECTION('',(0.,0.,-1.));
#5880=DIRECTION('',(0.,0.,-1.));
#5881=DIRECTION('',(-1.,-6.12323399573677E-17,0.));
#5882=DIRECTION('',(0.,0.,-1.));
#5883=DIRECTION('',(-1.,-6.12323399573677E-17,0.));
#5884=DIRECTION('',(0.,0.,-1.));
#5885=DIRECTION('',(-6.12323399573677E-17,1.,0.));
#5886=DIRECTION('',(0.,0.,-1.));
#5887=DIRECTION('',(0.,0.,1.));
#5888=DIRECTION('',(6.12323399573677E-17,-1.,0.));
#5889=DIRECTION('',(0.,0.,1.));
#5890=DIRECTION('',(6.12323399573677E-17,-1.,0.));
#5891=DIRECTION('',(1.,6.12323399573677E-17,0.));
#5892=DIRECTION('',(0.,0.,1.));
#5893=DIRECTION('',(0.,0.,-1.));
#5894=DIRECTION('',(6.12323399573677E-17,-1.,0.));
#5895=DIRECTION('',(6.12323399573677E-17,-1.,0.));
#5896=DIRECTION('',(0.,0.,-1.));
#5897=DIRECTION('',(-6.12323399573677E-17,1.,0.));
#5898=DIRECTION('',(0.,0.,-1.));
#5899=DIRECTION('',(0.,0.,1.));
#5900=DIRECTION('',(6.12323399573677E-17,-1.,0.));
#5901=DIRECTION('',(0.,0.,1.));
#5902=DIRECTION('',(6.12323399573677E-17,-1.,0.));
#5903=DIRECTION('',(6.12323399573677E-17,-1.,0.));
#5904=DIRECTION('',(0.,0.,-1.));
#5905=DIRECTION('',(0.,0.,-1.));
#5906=DIRECTION('',(1.,6.12323399573677E-17,0.));
#5907=DIRECTION('',(-1.,-6.12323399573677E-17,0.));
#5908=DIRECTION('',(0.,0.,-1.));
#5909=DIRECTION('',(-6.12323399573677E-17,1.,0.));
#5910=DIRECTION('',(0.,0.,-1.));
#5911=DIRECTION('',(0.,0.,1.));
#5912=DIRECTION('',(6.12323399573677E-17,-1.,0.));
#5913=DIRECTION('',(0.,0.,1.));
#5914=DIRECTION('',(6.12323399573677E-17,-1.,0.));
#5915=DIRECTION('',(1.,6.12323399573677E-17,0.));
#5916=DIRECTION('',(0.,0.,1.));
#5917=DIRECTION('',(0.,0.,-1.));
#5918=DIRECTION('',(-6.12323399573677E-17,1.,0.));
#5919=DIRECTION('',(6.12323399573677E-17,-1.,0.));
#5920=DIRECTION('',(0.,0.,-1.));
#5921=DIRECTION('',(-6.12323399573677E-17,1.,0.));
#5922=DIRECTION('',(0.,0.,1.));
#5923=DIRECTION('',(6.12323399573677E-17,-1.,0.));
#5924=DIRECTION('',(0.,0.,1.));
#5925=DIRECTION('',(6.12323399573677E-17,-1.,0.));
#5926=DIRECTION('',(0.,0.,1.));
#5927=DIRECTION('',(6.12323399573677E-17,-1.,0.));
#5928=DIRECTION('',(-1.,-6.12323399573677E-17,0.));
#5929=DIRECTION('',(0.,0.,1.));
#5930=DIRECTION('',(6.12323399573677E-17,-1.,0.));
#5931=DIRECTION('',(6.12323399573677E-17,-1.,0.));
#5932=DIRECTION('',(0.,0.,1.));
#5933=DIRECTION('',(6.12323399573677E-17,-1.,0.));
#5934=DIRECTION('',(1.,6.12323399573677E-17,0.));
#5935=DIRECTION('',(0.,0.,1.));
#5936=DIRECTION('',(6.12323399573677E-17,-1.,0.));
#5937=DIRECTION('',(-6.12323399573677E-17,1.,0.));
#5938=DIRECTION('',(0.,0.,1.));
#5939=DIRECTION('',(6.12323399573677E-17,-1.,0.));
#5940=DIRECTION('',(0.,0.,1.));
#5941=DIRECTION('',(6.12323399573677E-17,-1.,0.));
#5942=DIRECTION('',(6.12323399573677E-17,-1.,0.));
#5943=DIRECTION('',(0.,0.,-1.));
#5944=DIRECTION('',(6.12323399573677E-17,-1.,0.));
#5945=DIRECTION('',(6.12323399573677E-17,-1.,0.));
#5946=DIRECTION('',(0.,0.,1.));
#5947=DIRECTION('',(6.12323399573677E-17,-1.,0.));
#5948=DIRECTION('',(0.,0.,-1.));
#5949=DIRECTION('',(-6.12323399573677E-17,1.,0.));
#5950=DIRECTION('',(0.,0.,-1.));
#5951=DIRECTION('',(-6.12323399573677E-17,1.,0.));
#5952=DIRECTION('',(0.,0.,-1.));
#5953=DIRECTION('',(-6.12323399573677E-17,1.,0.));
#5954=DIRECTION('',(0.,0.,-1.));
#5955=DIRECTION('',(-6.12323399573677E-17,1.,0.));
#5956=DIRECTION('',(0.,0.,1.));
#5957=DIRECTION('',(6.12323399573677E-17,-1.,0.));
#5958=DIRECTION('',(0.,0.,1.));
#5959=DIRECTION('',(0.,0.,1.));
#5960=DIRECTION('',(6.12323399573677E-17,-1.,0.));
#5961=DIRECTION('',(0.,0.,1.));
#5962=DIRECTION('',(-1.,-6.12323399573677E-17,0.));
#5963=DIRECTION('',(0.,0.,-1.));
#5964=DIRECTION('',(0.,0.,1.));
#5965=DIRECTION('',(6.12323399573677E-17,-1.,0.));
#5966=DIRECTION('',(0.,0.,1.));
#5967=DIRECTION('',(6.12323399573677E-17,-1.,0.));
#5968=DIRECTION('',(0.,0.,1.));
#5969=DIRECTION('',(0.,0.,-1.));
#5970=DIRECTION('',(6.12323399573677E-17,-1.,0.));
#5971=DIRECTION('',(-1.,-6.12323399573677E-17,0.));
#5972=DIRECTION('',(0.,0.,-1.));
#5973=DIRECTION('',(6.12323399573677E-17,-1.,0.));
#5974=DIRECTION('',(0.,0.,1.));
#5975=DIRECTION('',(6.12323399573677E-17,-1.,0.));
#5976=DIRECTION('',(0.,0.,-1.));
#5977=DIRECTION('',(-6.12323399573677E-17,1.,0.));
#5978=DIRECTION('',(-5.09483864845227E-17,0.832050294337844,0.55470019622523));
#5979=DIRECTION('',(0.832050294337844,-5.90552581862708E-16,-0.55470019622523));
#5980=DIRECTION('',(-0.55470019622523,-3.39655909896818E-17,-0.832050294337844));
#5981=DIRECTION('',(6.12323399573677E-17,-1.,0.));
#5982=DIRECTION('',(0.832050294337844,5.09483864845227E-17,-0.55470019622523));
#5983=DIRECTION('',(-3.39655909896818E-17,0.55470019622523,-0.832050294337844));
#5984=DIRECTION('',(-1.,-6.12323399573677E-17,0.));
#5985=DIRECTION('',(2.69802097689093E-16,0.832050294337844,0.55470019622523));
#5986=DIRECTION('',(0.,0.,-1.));
#5987=DIRECTION('',(-6.12323399573677E-17,1.,0.));
#5988=DIRECTION('',(2.69802097689093E-16,0.832050294337844,-0.55470019622523));
#5989=DIRECTION('',(0.,0.,-1.));
#5990=DIRECTION('',(-6.12323399573677E-17,1.,0.));
#5991=DIRECTION('',(0.832050294337844,5.09483864845227E-17,0.55470019622523));
#5992=DIRECTION('',(-3.39655909896818E-17,0.55470019622523,0.832050294337844));
#5993=DIRECTION('',(1.,6.12323399573677E-17,0.));
#5994=DIRECTION('',(-3.71698870658138E-16,0.832050294337844,-0.55470019622523));
#5995=DIRECTION('',(-0.55470019622523,-3.39655909896818E-17,0.832050294337844));
#5996=DIRECTION('',(-6.12323399573677E-17,1.,0.));
#5997=DIRECTION('',(0.832050294337844,-2.69802097689093E-16,0.55470019622523));
#5998=DIRECTION('',(0.,0.,-1.));
#5999=DIRECTION('',(-6.12323399573677E-17,1.,0.));
#6000=DIRECTION('',(0.,0.,-1.));
#6001=DIRECTION('',(-6.12323399573677E-17,1.,0.));
#6002=DIRECTION('',(0.,0.,-1.));
#6003=DIRECTION('',(-6.12323399573677E-17,1.,0.));
#6004=DIRECTION('',(0.,0.,-1.));
#6005=DIRECTION('',(6.12323399573677E-17,-1.,0.));
#6006=DIRECTION('',(0.,0.,-1.));
#6007=DIRECTION('',(-6.12323399573677E-17,1.,0.));
#6008=DIRECTION('',(0.,0.,-1.));
#6009=DIRECTION('',(-6.12323399573677E-17,1.,0.));
#6010=DIRECTION('',(0.,0.,-1.));
#6011=DIRECTION('',(6.12323399573677E-17,-1.,0.));
#6012=DIRECTION('',(0.,0.,-1.));
#6013=DIRECTION('',(-6.12323399573677E-17,1.,0.));
#6014=DIRECTION('',(0.,0.,-1.));
#6015=DIRECTION('',(-6.12323399573677E-17,1.,0.));
#6016=DIRECTION('',(0.,0.,-1.));
#6017=DIRECTION('',(6.12323399573677E-17,-1.,0.));
#6018=DIRECTION('',(0.,0.,-1.));
#6019=DIRECTION('',(-6.12323399573677E-17,1.,0.));
#6020=DIRECTION('',(0.,0.,-1.));
#6021=DIRECTION('',(-6.12323399573677E-17,1.,0.));
#6022=DIRECTION('',(0.,0.,-1.));
#6023=DIRECTION('',(6.12323399573677E-17,-1.,0.));
#6024=DIRECTION('',(0.,0.,1.));
#6025=DIRECTION('',(1.,0.,0.));
#6026=DIRECTION('',(0.,0.,-1.));
#6027=DIRECTION('',(-1.,0.,0.));
#6028=DIRECTION('',(0.,0.,-1.));
#6029=DIRECTION('',(-1.,0.,0.));
#6030=DIRECTION('',(0.,0.,-1.));
#6031=DIRECTION('',(-1.,0.,0.));
#6032=DIRECTION('',(0.,0.,-1.));
#6033=DIRECTION('',(-1.,0.,0.));
#6034=DIRECTION('',(0.,0.,-1.));
#6035=DIRECTION('',(-1.,0.,0.));
#6036=DIRECTION('',(0.,0.,-1.));
#6037=DIRECTION('',(-1.,0.,0.));
#6038=DIRECTION('',(0.,0.,-1.));
#6039=DIRECTION('',(-1.,0.,0.));
#6040=DIRECTION('',(0.,0.,-1.));
#6041=DIRECTION('',(-1.,0.,0.));
#6042=DIRECTION('',(0.,0.,-1.));
#6043=DIRECTION('',(-1.,0.,0.));
#6044=DIRECTION('',(0.,0.,-1.));
#6045=DIRECTION('',(-1.,0.,0.));
#6046=DIRECTION('',(0.,0.,-1.));
#6047=DIRECTION('',(-1.,0.,0.));
#6048=DIRECTION('',(0.,0.,-1.));
#6049=DIRECTION('',(-1.,0.,0.));
#6050=DIRECTION('',(0.,0.,-1.));
#6051=DIRECTION('',(-1.,0.,0.));
#6052=DIRECTION('',(0.,0.,-1.));
#6053=DIRECTION('',(-1.,0.,0.));
#6054=DIRECTION('',(0.,0.,-1.));
#6055=DIRECTION('',(-1.,0.,0.));
#6056=DIRECTION('',(0.,0.,-1.));
#6057=DIRECTION('',(-1.,0.,0.));
#6058=DIRECTION('',(0.,0.,-1.));
#6059=DIRECTION('',(1.,0.,0.));
#6060=DIRECTION('',(0.,0.,-1.));
#6061=DIRECTION('',(-1.,0.,0.));
#6062=DIRECTION('',(0.,-1.,0.));
#6063=DIRECTION('',(0.,0.,-1.));
#6064=DIRECTION('',(1.,0.,0.));
#6065=DIRECTION('',(0.,0.,-1.));
#6066=DIRECTION('',(-1.,0.,0.));
#6067=DIRECTION('',(-1.,0.,0.));
#6068=DIRECTION('',(0.,0.,-1.));
#6069=DIRECTION('',(1.,0.,0.));
#6070=DIRECTION('',(0.,0.,-1.));
#6071=DIRECTION('',(-1.,0.,0.));
#6072=DIRECTION('',(0.,1.,0.));
#6073=DIRECTION('',(0.,0.,-1.));
#6074=DIRECTION('',(1.,0.,0.));
#6075=DIRECTION('',(0.,0.,-1.));
#6076=DIRECTION('',(-1.,0.,0.));
#6077=DIRECTION('',(1.,0.,0.));
#6078=DIRECTION('',(0.,0.,-1.));
#6079=DIRECTION('',(-6.12323399573677E-17,1.,0.));
#6080=DIRECTION('',(0.,0.,-1.));
#6081=DIRECTION('',(-6.12323399573677E-17,1.,0.));
#6082=DIRECTION('',(0.,0.,-1.));
#6083=DIRECTION('',(-6.12323399573677E-17,1.,0.));
#6084=DIRECTION('',(0.,0.,-1.));
#6085=DIRECTION('',(-6.12323399573677E-17,1.,0.));
#6086=DIRECTION('',(0.,0.,-1.));
#6087=DIRECTION('',(-6.12323399573677E-17,1.,0.));
#6088=DIRECTION('',(0.,0.,-1.));
#6089=DIRECTION('',(-6.12323399573677E-17,1.,0.));
#6090=DIRECTION('',(0.,0.,-1.));
#6091=DIRECTION('',(-6.12323399573677E-17,1.,0.));
#6092=DIRECTION('',(0.,0.,-1.));
#6093=DIRECTION('',(6.12323399573677E-17,-1.,0.));
#6094=DIRECTION('',(0.,0.,-1.));
#6095=DIRECTION('',(-6.12323399573677E-17,1.,0.));
#6096=DIRECTION('',(0.,0.,-1.));
#6097=DIRECTION('',(-6.12323399573677E-17,1.,0.));
#6098=DIRECTION('',(0.,0.,-1.));
#6099=DIRECTION('',(-6.12323399573677E-17,1.,0.));
#6100=DIRECTION('',(0.,0.,-1.));
#6101=DIRECTION('',(-6.12323399573677E-17,1.,0.));
#6102=DIRECTION('',(0.,0.,-1.));
#6103=DIRECTION('',(-6.12323399573677E-17,1.,0.));
#6104=DIRECTION('',(0.,0.,-1.));
#6105=DIRECTION('',(-6.12323399573677E-17,1.,0.));
#6106=DIRECTION('',(0.,0.,-1.));
#6107=DIRECTION('',(-6.12323399573677E-17,1.,0.));
#6108=DIRECTION('',(0.,0.,-1.));
#6109=DIRECTION('',(6.12323399573677E-17,-1.,0.));
#6110=DIRECTION('',(6.12323399573677E-17,-1.,0.));
#6111=DIRECTION('',(0.,0.,-1.));
#6112=DIRECTION('',(1.,6.12323399573677E-17,0.));
#6113=DIRECTION('',(0.,0.,-1.));
#6114=DIRECTION('',(1.,6.12323399573677E-17,0.));
#6115=DIRECTION('',(0.,0.,1.));
#6116=DIRECTION('',(6.12323399573677E-17,-1.,0.));
#6117=DIRECTION('',(0.,0.,-1.));
#6118=DIRECTION('',(1.,6.12323399573677E-17,0.));
#6119=DIRECTION('',(0.,0.,1.));
#6120=DIRECTION('',(1.,6.12323399573677E-17,0.));
#6121=DIRECTION('',(0.,0.,-1.));
#6122=DIRECTION('',(1.,6.12323399573677E-17,0.));
#6123=DIRECTION('',(0.,0.,1.));
#6124=DIRECTION('',(-6.12323399573677E-17,1.,0.));
#6125=DIRECTION('',(0.,0.,1.));
#6126=DIRECTION('',(-6.12323399573677E-17,1.,0.));
#6127=DIRECTION('',(0.,0.,1.));
#6128=DIRECTION('',(0.,0.,-1.));
#6129=DIRECTION('',(6.12323399573677E-17,-1.,0.));
#6130=DIRECTION('',(0.,0.,-1.));
#6131=DIRECTION('',(-6.12323399573677E-17,1.,0.));
#6132=DIRECTION('',(0.,0.,-1.));
#6133=DIRECTION('',(-6.12323399573677E-17,1.,0.));
#6134=DIRECTION('',(1.,1.22464679914735E-16,0.));
#6135=DIRECTION('',(0.,0.,-1.));
#6136=DIRECTION('',(-1.,0.,0.));
#6137=DIRECTION('',(1.22464679914735E-16,-1.,0.));
#6138=DIRECTION('',(0.,0.,-1.));
#6139=DIRECTION('',(-1.,0.,0.));
#6140=DIRECTION('',(0.,0.,-1.));
#6141=DIRECTION('',(-1.,0.,0.));
#6142=DIRECTION('',(0.,0.,-1.));
#6143=DIRECTION('',(-1.,0.,0.));
#6144=DIRECTION('',(0.,0.,-1.));
#6145=DIRECTION('',(-1.,0.,0.));
#6146=DIRECTION('',(0.,1.,0.));
#6147=DIRECTION('',(0.,0.,-1.));
#6148=DIRECTION('',(-1.,0.,0.));
#6149=DIRECTION('',(-1.,0.,0.));
#6150=DIRECTION('',(0.,0.,-1.));
#6151=DIRECTION('',(-1.,0.,0.));
#6152=DIRECTION('',(0.,1.,0.));
#6153=DIRECTION('',(0.,0.,-1.));
#6154=DIRECTION('',(-1.,0.,0.));
#6155=DIRECTION('',(-1.,-1.83697019872103E-16,0.));
#6156=DIRECTION('',(0.,0.,-1.));
#6157=DIRECTION('',(-1.,0.,0.));
#6158=DIRECTION('',(1.83697019872103E-16,-1.,0.));
#6159=DIRECTION('',(0.,0.,-1.));
#6160=DIRECTION('',(-1.,0.,0.));
#6161=DIRECTION('',(-1.,-1.83697019872103E-16,0.));
#6162=DIRECTION('',(0.,0.,-1.));
#6163=DIRECTION('',(-1.,0.,0.));
#6164=DIRECTION('',(1.22464679914735E-16,-1.,0.));
#6165=DIRECTION('',(0.,0.,-1.));
#6166=DIRECTION('',(-1.,0.,0.));
#6167=DIRECTION('',(0.,0.,-1.));
#6168=DIRECTION('',(-1.,0.,0.));
#6169=DIRECTION('',(0.,0.,-1.));
#6170=DIRECTION('',(-1.,0.,0.));
#6171=DIRECTION('',(0.,0.,-1.));
#6172=DIRECTION('',(-1.,0.,0.));
#6173=DIRECTION('',(0.,0.,-1.));
#6174=DIRECTION('',(-1.,0.,0.));
#6175=DIRECTION('',(0.,0.,-1.));
#6176=DIRECTION('',(1.83697019872103E-16,-1.,0.));
#6177=DIRECTION('',(0.,0.,-1.));
#6178=DIRECTION('',(1.83697019872103E-16,-1.,0.));
#6179=DIRECTION('',(0.,0.,-1.));
#6180=DIRECTION('',(1.83697019872103E-16,-1.,0.));
#6181=DIRECTION('',(0.,0.,-1.));
#6182=DIRECTION('',(1.83697019872103E-16,-1.,0.));
#6183=DIRECTION('',(0.,0.,-1.));
#6184=DIRECTION('',(1.,1.22464679914735E-16,0.));
#6185=DIRECTION('',(0.,0.,-1.));
#6186=DIRECTION('',(1.,1.22464679914735E-16,0.));
#6187=DIRECTION('',(0.,0.,-1.));
#6188=DIRECTION('',(1.,1.22464679914735E-16,0.));
#6189=DIRECTION('',(0.,0.,-1.));
#6190=DIRECTION('',(1.,1.22464679914735E-16,0.));
#6191=DIRECTION('',(0.,0.,-1.));
#6192=DIRECTION('',(-1.,0.,0.));
#6193=DIRECTION('',(0.,0.,-1.));
#6194=DIRECTION('',(-1.,0.,0.));
#6195=DIRECTION('',(0.,0.,-1.));
#6196=DIRECTION('',(-1.,0.,0.));
#6197=DIRECTION('',(0.,0.,-1.));
#6198=DIRECTION('',(-1.,0.,0.));
#6199=DIRECTION('',(0.,0.,-1.));
#6200=DIRECTION('',(6.12323399573677E-17,-1.,0.));
#6201=DIRECTION('',(0.,0.,-1.));
#6202=DIRECTION('',(-6.12323399573677E-17,1.,0.));
#6203=DIRECTION('',(0.,0.,-1.));
#6204=DIRECTION('',(-6.12323399573677E-17,1.,0.));
#6205=DIRECTION('',(0.,0.,-1.));
#6206=DIRECTION('',(-6.12323399573677E-17,1.,0.));
#6207=DIRECTION('',(0.,0.,-1.));
#6208=DIRECTION('',(-6.12323399573677E-17,1.,0.));
#6209=DIRECTION('',(0.,0.,-1.));
#6210=DIRECTION('',(-6.12323399573677E-17,1.,0.));
#6211=DIRECTION('',(0.,0.,-1.));
#6212=DIRECTION('',(-6.12323399573677E-17,1.,0.));
#6213=DIRECTION('',(0.,0.,-1.));
#6214=DIRECTION('',(6.12323399573677E-17,-1.,0.));
#6215=DIRECTION('',(0.,0.,-1.));
#6216=DIRECTION('',(-6.12323399573677E-17,1.,0.));
#6217=DIRECTION('',(0.,0.,-1.));
#6218=DIRECTION('',(-6.12323399573677E-17,1.,0.));
#6219=DIRECTION('',(0.,0.,-1.));
#6220=DIRECTION('',(-6.12323399573677E-17,1.,0.));
#6221=DIRECTION('',(0.,0.,-1.));
#6222=DIRECTION('',(-6.12323399573677E-17,1.,0.));
#6223=DIRECTION('',(0.,0.,-1.));
#6224=DIRECTION('',(-6.12323399573677E-17,1.,0.));
#6225=DIRECTION('',(0.,0.,-1.));
#6226=DIRECTION('',(-6.12323399573677E-17,1.,0.));
#6227=DIRECTION('',(0.,0.,-1.));
#6228=DIRECTION('',(-1.,0.,0.));
#6229=DIRECTION('',(0.,0.,-1.));
#6230=DIRECTION('',(-1.,0.,0.));
#6231=DIRECTION('',(0.,0.,-1.));
#6232=DIRECTION('',(1.,0.,0.));
#6233=DIRECTION('',(0.,0.,-1.));
#6234=DIRECTION('',(-1.,0.,0.));
#6235=DIRECTION('',(0.,0.,-1.));
#6236=DIRECTION('',(-1.,0.,0.));
#6237=DIRECTION('',(0.,0.,-1.));
#6238=DIRECTION('',(1.,0.,0.));
#6239=DIRECTION('',(1.,0.,0.));
#6240=DIRECTION('',(0.,0.,-1.));
#6241=DIRECTION('',(0.,0.,-1.));
#6242=DIRECTION('',(0.,1.,0.));
#6243=DIRECTION('',(0.,0.,1.));
#6244=DIRECTION('',(1.,0.,0.));
#6245=DIRECTION('',(0.,0.,-1.));
#6246=DIRECTION('',(0.,0.,1.));
#6247=DIRECTION('',(0.,1.,0.));
#6248=DIRECTION('',(0.,0.,-1.));
#6249=DIRECTION('',(0.,1.,0.));
#6250=DIRECTION('',(0.,0.,1.));
#6251=DIRECTION('',(0.,0.,1.));
#6252=DIRECTION('',(-1.,0.,0.));
#6253=DIRECTION('',(0.,0.,1.));
#6254=DIRECTION('',(0.,0.,-1.));
#6255=DIRECTION('',(1.,0.,0.));
#6256=DIRECTION('',(0.,0.,-1.));
#6257=DIRECTION('',(-1.,0.,0.));
#6258=DIRECTION('',(0.,0.,-1.));
#6259=DIRECTION('',(-1.,0.,0.));
#6260=DIRECTION('',(0.,0.,-1.));
#6261=DIRECTION('',(1.,0.,0.));
#6262=DIRECTION('',(0.,0.,-1.));
#6263=DIRECTION('',(-1.,0.,0.));
#6264=DIRECTION('',(0.,0.,-1.));
#6265=DIRECTION('',(-1.,0.,0.));
#6266=DIRECTION('',(0.,0.,-1.));
#6267=DIRECTION('',(1.83697019872103E-16,-1.,0.));
#6268=DIRECTION('',(0.,0.,-1.));
#6269=DIRECTION('',(1.83697019872103E-16,-1.,0.));
#6270=DIRECTION('',(0.,0.,-1.));
#6271=DIRECTION('',(1.83697019872103E-16,-1.,0.));
#6272=DIRECTION('',(0.,0.,-1.));
#6273=DIRECTION('',(1.83697019872103E-16,-1.,0.));
#6274=DIRECTION('',(0.,0.,-1.));
#6275=DIRECTION('',(1.83697019872103E-16,-1.,0.));
#6276=DIRECTION('',(0.,0.,-1.));
#6277=DIRECTION('',(1.83697019872103E-16,-1.,0.));
#6278=DIRECTION('',(0.,0.,-1.));
#6279=DIRECTION('',(-1.83697019872103E-16,1.,0.));
#6280=DIRECTION('',(0.,0.,-1.));
#6281=DIRECTION('',(1.83697019872103E-16,-1.,0.));
#6282=DIRECTION('',(0.,0.,-1.));
#6283=DIRECTION('',(1.83697019872103E-16,-1.,0.));
#6284=DIRECTION('',(0.,0.,-1.));
#6285=DIRECTION('',(1.83697019872103E-16,-1.,0.));
#6286=DIRECTION('',(0.,0.,-1.));
#6287=DIRECTION('',(1.83697019872103E-16,-1.,0.));
#6288=DIRECTION('',(0.,0.,-1.));
#6289=DIRECTION('',(1.83697019872103E-16,-1.,0.));
#6290=DIRECTION('',(0.,0.,-1.));
#6291=DIRECTION('',(1.83697019872103E-16,-1.,0.));
#6292=DIRECTION('',(0.,0.,-1.));
#6293=DIRECTION('',(-1.83697019872103E-16,1.,0.));
#6294=DIRECTION('',(-1.83697019872103E-16,1.,0.));
#6295=DIRECTION('',(0.,0.,-1.));
#6296=DIRECTION('',(0.,0.,-1.));
#6297=DIRECTION('',(-1.,-1.83697019872103E-16,0.));
#6298=DIRECTION('',(0.,0.,1.));
#6299=DIRECTION('',(-1.83697019872103E-16,1.,0.));
#6300=DIRECTION('',(0.,0.,-1.));
#6301=DIRECTION('',(0.,0.,1.));
#6302=DIRECTION('',(-1.,-1.83697019872103E-16,0.));
#6303=DIRECTION('',(0.,0.,-1.));
#6304=DIRECTION('',(-1.,-1.83697019872103E-16,0.));
#6305=DIRECTION('',(0.,0.,1.));
#6306=DIRECTION('',(0.,0.,1.));
#6307=DIRECTION('',(1.83697019872103E-16,-1.,0.));
#6308=DIRECTION('',(0.,0.,1.));
#6309=DIRECTION('',(0.,0.,-1.));
#6310=DIRECTION('',(-1.83697019872103E-16,1.,0.));
#6311=DIRECTION('',(0.,0.,-1.));
#6312=DIRECTION('',(1.83697019872103E-16,-1.,0.));
#6313=DIRECTION('',(0.,0.,-1.));
#6314=DIRECTION('',(1.83697019872103E-16,-1.,0.));
#6315=DIRECTION('',(0.,0.,-1.));
#6316=DIRECTION('',(1.83697019872103E-16,-1.,0.));
#6317=DIRECTION('',(0.,0.,-1.));
#6318=DIRECTION('',(1.83697019872103E-16,-1.,0.));
#6319=DIRECTION('',(0.,0.,-1.));
#6320=DIRECTION('',(1.83697019872103E-16,-1.,0.));
#6321=DIRECTION('',(0.,0.,-1.));
#6322=DIRECTION('',(1.83697019872103E-16,-1.,0.));
#6323=DIRECTION('',(0.,0.,-1.));
#6324=DIRECTION('',(-1.83697019872103E-16,1.,0.));
#6325=DIRECTION('',(0.,0.,-1.));
#6326=DIRECTION('',(1.83697019872103E-16,-1.,0.));
#6327=DIRECTION('',(0.,0.,-1.));
#6328=DIRECTION('',(1.83697019872103E-16,-1.,0.));
#6329=DIRECTION('',(0.,0.,-1.));
#6330=DIRECTION('',(1.83697019872103E-16,-1.,0.));
#6331=DIRECTION('',(0.,0.,-1.));
#6332=DIRECTION('',(1.83697019872103E-16,-1.,0.));
#6333=DIRECTION('',(0.,0.,-1.));
#6334=DIRECTION('',(1.83697019872103E-16,-1.,0.));
#6335=DIRECTION('',(0.,0.,-1.));
#6336=DIRECTION('',(1.83697019872103E-16,-1.,0.));
#6337=DIRECTION('',(0.,0.,-1.));
#6338=DIRECTION('',(1.,1.22464679914735E-16,0.));
#6339=DIRECTION('',(0.,0.,-1.));
#6340=DIRECTION('',(1.,1.22464679914735E-16,0.));
#6341=DIRECTION('',(0.,0.,-1.));
#6342=DIRECTION('',(1.,1.22464679914735E-16,0.));
#6343=DIRECTION('',(0.,0.,-1.));
#6344=DIRECTION('',(1.,1.22464679914735E-16,0.));
#6345=DIRECTION('',(0.,0.,-1.));
#6346=DIRECTION('',(1.,1.22464679914735E-16,0.));
#6347=DIRECTION('',(0.,0.,-1.));
#6348=DIRECTION('',(1.,1.22464679914735E-16,0.));
#6349=DIRECTION('',(0.,0.,-1.));
#6350=DIRECTION('',(-1.,-1.22464679914735E-16,0.));
#6351=DIRECTION('',(0.,0.,-1.));
#6352=DIRECTION('',(1.,1.22464679914735E-16,0.));
#6353=DIRECTION('',(0.,0.,-1.));
#6354=DIRECTION('',(1.,1.22464679914735E-16,0.));
#6355=DIRECTION('',(0.,0.,-1.));
#6356=DIRECTION('',(1.,1.22464679914735E-16,0.));
#6357=DIRECTION('',(0.,0.,-1.));
#6358=DIRECTION('',(1.,1.22464679914735E-16,0.));
#6359=DIRECTION('',(0.,0.,-1.));
#6360=DIRECTION('',(1.,1.22464679914735E-16,0.));
#6361=DIRECTION('',(0.,0.,-1.));
#6362=DIRECTION('',(1.,1.22464679914735E-16,0.));
#6363=DIRECTION('',(0.,0.,-1.));
#6364=DIRECTION('',(-1.,-1.22464679914735E-16,0.));
#6365=DIRECTION('',(-1.,-1.22464679914735E-16,0.));
#6366=DIRECTION('',(0.,0.,-1.));
#6367=DIRECTION('',(1.22464679914735E-16,-1.,0.));
#6368=DIRECTION('',(0.,0.,1.));
#6369=DIRECTION('',(0.,0.,-1.));
#6370=DIRECTION('',(-1.,-1.22464679914735E-16,0.));
#6371=DIRECTION('',(0.,0.,-1.));
#6372=DIRECTION('',(0.,0.,1.));
#6373=DIRECTION('',(1.22464679914735E-16,-1.,0.));
#6374=DIRECTION('',(0.,0.,-1.));
#6375=DIRECTION('',(1.22464679914735E-16,-1.,0.));
#6376=DIRECTION('',(0.,0.,1.));
#6377=DIRECTION('',(1.,1.22464679914735E-16,0.));
#6378=DIRECTION('',(0.,0.,1.));
#6379=DIRECTION('',(0.,0.,1.));
#6380=DIRECTION('',(0.,0.,-1.));
#6381=DIRECTION('',(-1.,-1.22464679914735E-16,0.));
#6382=DIRECTION('',(0.,0.,-1.));
#6383=DIRECTION('',(1.,1.22464679914735E-16,0.));
#6384=DIRECTION('',(0.,0.,-1.));
#6385=DIRECTION('',(1.,1.22464679914735E-16,0.));
#6386=DIRECTION('',(0.,0.,-1.));
#6387=DIRECTION('',(1.,1.22464679914735E-16,0.));
#6388=DIRECTION('',(0.,0.,-1.));
#6389=DIRECTION('',(1.,1.22464679914735E-16,0.));
#6390=DIRECTION('',(0.,0.,-1.));
#6391=DIRECTION('',(1.,1.22464679914735E-16,0.));
#6392=DIRECTION('',(0.,0.,-1.));
#6393=DIRECTION('',(1.,1.22464679914735E-16,0.));
#6394=DIRECTION('',(0.,0.,-1.));
#6395=DIRECTION('',(-1.,-1.22464679914735E-16,0.));
#6396=DIRECTION('',(0.,0.,-1.));
#6397=DIRECTION('',(1.,1.22464679914735E-16,0.));
#6398=DIRECTION('',(0.,0.,-1.));
#6399=DIRECTION('',(1.,1.22464679914735E-16,0.));
#6400=DIRECTION('',(0.,0.,-1.));
#6401=DIRECTION('',(1.,1.22464679914735E-16,0.));
#6402=DIRECTION('',(0.,0.,-1.));
#6403=DIRECTION('',(1.,1.22464679914735E-16,0.));
#6404=DIRECTION('',(0.,0.,-1.));
#6405=DIRECTION('',(1.,1.22464679914735E-16,0.));
#6406=DIRECTION('',(0.,0.,-1.));
#6407=DIRECTION('',(1.,1.22464679914735E-16,0.));
#6408=DIRECTION('',(0.,0.,-1.));
#6409=DIRECTION('',(-1.,0.,0.));
#6410=DIRECTION('',(0.,0.,-1.));
#6411=DIRECTION('',(-1.,0.,0.));
#6412=DIRECTION('',(0.,0.,-1.));
#6413=DIRECTION('',(-1.,0.,0.));
#6414=DIRECTION('',(0.,0.,-1.));
#6415=DIRECTION('',(-1.,0.,0.));
#6416=DIRECTION('',(0.,0.,-1.));
#6417=DIRECTION('',(-1.,0.,0.));
#6418=DIRECTION('',(0.,0.,-1.));
#6419=DIRECTION('',(-1.,0.,0.));
#6420=DIRECTION('',(0.,0.,-1.));
#6421=DIRECTION('',(-1.,0.,0.));
#6422=DIRECTION('',(0.,0.,-1.));
#6423=DIRECTION('',(-1.,0.,0.));
#6424=DIRECTION('',(0.,0.,-1.));
#6425=DIRECTION('',(6.12323399573677E-17,-1.,0.));
#6426=DIRECTION('',(0.,0.,-1.));
#6427=DIRECTION('',(-1.,0.,0.));
#6428=DIRECTION('',(0.,0.,-1.));
#6429=DIRECTION('',(-1.,0.,0.));
#6430=DIRECTION('',(0.,0.,-1.));
#6431=DIRECTION('',(-1.,0.,0.));
#6432=DIRECTION('',(0.,0.,-1.));
#6433=DIRECTION('',(-1.,0.,0.));
#6434=DIRECTION('',(0.,0.,-1.));
#6435=DIRECTION('',(-1.,0.,0.));
#6436=DIRECTION('',(0.,0.,-1.));
#6437=DIRECTION('',(-1.,0.,0.));
#6438=DIRECTION('',(0.,0.,-1.));
#6439=DIRECTION('',(-1.,0.,0.));
#6440=DIRECTION('',(0.,0.,-1.));
#6441=DIRECTION('',(-1.,0.,0.));
#6442=DIRECTION('',(0.,0.,-1.));
#6443=DIRECTION('',(-1.,0.,0.));
#6444=DIRECTION('',(0.,0.,-1.));
#6445=DIRECTION('',(-1.,0.,0.));
#6446=DIRECTION('',(0.,0.,-1.));
#6447=DIRECTION('',(-1.,0.,0.));
#6448=DIRECTION('',(0.,0.,-1.));
#6449=DIRECTION('',(-1.,0.,0.));
#6450=DIRECTION('',(0.,0.,-1.));
#6451=DIRECTION('',(-1.,0.,0.));
#6452=DIRECTION('',(0.,0.,-1.));
#6453=DIRECTION('',(-1.,0.,0.));
#6454=DIRECTION('',(0.,0.,-1.));
#6455=DIRECTION('',(-1.,0.,0.));
#6456=DIRECTION('',(0.,0.,-1.));
#6457=DIRECTION('',(-1.,0.,0.));
#6458=DIRECTION('',(0.,0.,-1.));
#6459=DIRECTION('',(-1.,0.,0.));
#6460=DIRECTION('',(0.,0.,-1.));
#6461=DIRECTION('',(-1.,0.,0.));
#6462=DIRECTION('',(0.,0.,-1.));
#6463=DIRECTION('',(-1.,0.,0.));
#6464=DIRECTION('',(0.,0.,-1.));
#6465=DIRECTION('',(-1.,0.,0.));
#6466=DIRECTION('',(0.,0.,-1.));
#6467=DIRECTION('',(-1.,0.,0.));
#6468=DIRECTION('',(0.,0.,-1.));
#6469=DIRECTION('',(-1.,0.,0.));
#6470=DIRECTION('',(0.,0.,-1.));
#6471=DIRECTION('',(-1.,0.,0.));
#6472=DIRECTION('',(0.,0.,-1.));
#6473=DIRECTION('',(-1.,0.,0.));
#6474=DIRECTION('',(0.,0.,-1.));
#6475=DIRECTION('',(-1.,0.,0.));
#6476=DIRECTION('',(0.,0.,-1.));
#6477=DIRECTION('',(-1.,0.,0.));
#6478=DIRECTION('',(0.,0.,-1.));
#6479=DIRECTION('',(-1.,0.,0.));
#6480=DIRECTION('',(0.,0.,-1.));
#6481=DIRECTION('',(-1.,0.,0.));
#6482=DIRECTION('',(0.,0.,-1.));
#6483=DIRECTION('',(1.,0.,0.));
#6484=DIRECTION('',(-4.48502077486488E-16,-1.,0.));
#6485=DIRECTION('',(0.,0.,-1.));
#6486=DIRECTION('',(-1.,0.,0.));
#6487=DIRECTION('',(0.,0.,-1.));
#6488=DIRECTION('',(-1.,0.,0.));
#6489=DIRECTION('',(0.,0.,-1.));
#6490=DIRECTION('',(0.,0.,-1.));
#6491=DIRECTION('',(-1.,0.,0.));
#6492=DIRECTION('',(0.,0.,-1.));
#6493=DIRECTION('',(0.,0.,-1.));
#6494=DIRECTION('',(0.,0.,-1.));
#6495=DIRECTION('',(-1.,0.,0.));
#6496=DIRECTION('',(0.,0.,-1.));
#6497=DIRECTION('',(0.,0.,-1.));
#6498=DIRECTION('',(1.,0.,0.));
#6499=DIRECTION('',(-1.,2.24251038743244E-16,0.));
#6500=DIRECTION('',(0.,0.,-1.));
#6501=DIRECTION('',(-1.,0.,0.));
#6502=DIRECTION('',(0.,0.,-1.));
#6503=DIRECTION('',(-1.,0.,0.));
#6504=DIRECTION('',(0.,0.,-1.));
#6505=DIRECTION('',(0.,0.,-1.));
#6506=DIRECTION('',(-1.,0.,0.));
#6507=DIRECTION('',(0.,0.,-1.));
#6508=DIRECTION('',(0.,0.,-1.));
#6509=DIRECTION('',(0.,0.,-1.));
#6510=DIRECTION('',(-1.,0.,0.));
#6511=DIRECTION('',(0.,0.,-1.));
#6512=DIRECTION('',(0.,0.,-1.));
#6513=DIRECTION('',(1.,0.,0.));
#6514=DIRECTION('',(0.,1.,0.));
#6515=DIRECTION('',(0.,0.,-1.));
#6516=DIRECTION('',(-1.,0.,0.));
#6517=DIRECTION('',(0.,0.,-1.));
#6518=DIRECTION('',(-1.,0.,0.));
#6519=DIRECTION('',(0.,0.,-1.));
#6520=DIRECTION('',(0.,0.,-1.));
#6521=DIRECTION('',(-1.,0.,0.));
#6522=DIRECTION('',(0.,0.,-1.));
#6523=DIRECTION('',(0.,0.,-1.));
#6524=DIRECTION('',(0.,0.,-1.));
#6525=DIRECTION('',(-1.,0.,0.));
#6526=DIRECTION('',(0.,0.,-1.));
#6527=DIRECTION('',(0.,0.,-1.));
#6528=DIRECTION('',(1.,0.,0.));
#6529=DIRECTION('',(1.,0.,0.));
#6530=DIRECTION('',(0.,0.,-1.));
#6531=DIRECTION('',(-1.,0.,0.));
#6532=DIRECTION('',(0.,0.,-1.));
#6533=DIRECTION('',(-1.,0.,0.));
#6534=DIRECTION('',(0.,0.,-1.));
#6535=DIRECTION('',(0.,0.,-1.));
#6536=DIRECTION('',(-1.,0.,0.));
#6537=DIRECTION('',(0.,0.,-1.));
#6538=DIRECTION('',(0.,0.,-1.));
#6539=DIRECTION('',(0.,0.,-1.));
#6540=DIRECTION('',(-1.,0.,0.));
#6541=DIRECTION('',(0.,0.,-1.));
#6542=DIRECTION('',(0.,-1.,0.));
#6543=DIRECTION('',(0.,0.,-1.));
#6544=DIRECTION('',(-1.,0.,0.));
#6545=DIRECTION('',(-1.,0.,0.));
#6546=DIRECTION('',(-2.24251038743244E-16,-1.,0.));
#6547=DIRECTION('',(1.,-2.24251038743244E-16,0.));
#6548=DIRECTION('',(-1.,2.24251038743244E-16,0.));
#6549=DIRECTION('',(-1.,2.24251038743244E-16,0.));
#6550=DIRECTION('',(0.,0.,-1.));
#6551=DIRECTION('',(1.,0.,0.));
#6552=DIRECTION('',(0.,0.,-1.));
#6553=DIRECTION('',(1.,0.,0.));
#6554=DIRECTION('',(0.,1.,0.));
#6555=DIRECTION('',(0.,0.,1.));
#6556=DIRECTION('',(1.,0.,0.));
#6557=DIRECTION('',(1.,0.,0.));
#6558=DIRECTION('',(0.,1.,0.));
#6559=DIRECTION('',(0.,0.,1.));
#6560=DIRECTION('',(1.,0.,0.));
#6561=DIRECTION('',(1.,0.,0.));
#6562=DIRECTION('',(0.,0.,-1.));
#6563=DIRECTION('',(1.,0.,0.));
#6564=DIRECTION('',(0.,0.,-1.));
#6565=DIRECTION('',(1.,0.,0.));
#6566=DIRECTION('',(-1.,0.,0.));
#6567=DIRECTION('',(0.,0.,1.));
#6568=DIRECTION('',(0.,1.,0.));
#6569=DIRECTION('',(0.,1.,0.));
#6570=DIRECTION('',(-1.,0.,0.));
#6571=DIRECTION('',(0.,0.,1.));
#6572=DIRECTION('',(0.,1.,0.));
#6573=DIRECTION('',(0.,1.,0.));
#6574=DIRECTION('',(0.,0.,-1.));
#6575=DIRECTION('',(1.,0.,0.));
#6576=DIRECTION('',(0.,0.,-1.));
#6577=DIRECTION('',(1.,0.,0.));
#6578=DIRECTION('',(1.,0.,0.));
#6579=DIRECTION('',(0.,0.,-1.));
#6580=DIRECTION('',(0.,-1.,0.));
#6581=DIRECTION('',(0.,-1.,0.));
#6582=DIRECTION('',(1.,-4.48502077486488E-16,0.));
#6583=DIRECTION('',(4.48502077486488E-16,1.,0.));
#6584=DIRECTION('',(-4.48502077486488E-16,-1.,0.));
#6585=DIRECTION('',(-4.48502077486488E-16,-1.,0.));
#6586=DIRECTION('',(0.,0.,-1.));
#6587=DIRECTION('',(1.,0.,0.));
#6588=DIRECTION('',(0.,0.,-1.));
#6589=DIRECTION('',(1.,0.,0.));
#6590=DIRECTION('',(2.64805057614385E-16,1.,0.));
#6591=DIRECTION('',(-1.,2.64805057614385E-16,0.));
#6592=DIRECTION('',(1.,-2.64805057614385E-16,0.));
#6593=DIRECTION('',(1.,-2.64805057614385E-16,0.));
#6594=DIRECTION('',(0.,0.,-1.));
#6595=DIRECTION('',(1.,-2.64805057614385E-16,0.));
#6596=DIRECTION('',(0.,0.,-1.));
#6597=DIRECTION('',(-1.83697019872103E-16,1.,0.));
#6598=DIRECTION('',(0.,0.,-1.));
#6599=DIRECTION('',(0.,0.,-1.));
#6600=DIRECTION('',(1.,1.83697019872103E-16,0.));
#6601=DIRECTION('',(0.,0.,-1.));
#6602=DIRECTION('',(1.,1.83697019872103E-16,0.));
#6603=DIRECTION('',(1.,1.83697019872103E-16,0.));
#6604=DIRECTION('',(0.,0.,-1.));
#6605=DIRECTION('',(-1.83697019872103E-16,1.,0.));
#6606=DIRECTION('',(0.,0.,-1.));
#6607=DIRECTION('',(1.83697019872103E-16,-1.,0.));
#6608=DIRECTION('',(0.,0.,-1.));
#6609=DIRECTION('',(-1.83697019872103E-16,1.,0.));
#6610=DIRECTION('',(0.,0.,-1.));
#6611=DIRECTION('',(1.83697019872103E-16,-1.,0.));
#6612=DIRECTION('',(0.,0.,-1.));
#6613=DIRECTION('',(1.83697019872103E-16,-1.,0.));
#6614=DIRECTION('',(0.,0.,-1.));
#6615=DIRECTION('',(1.83697019872103E-16,-1.,0.));
#6616=DIRECTION('',(0.,0.,-1.));
#6617=DIRECTION('',(1.83697019872103E-16,-1.,0.));
#6618=DIRECTION('',(0.,0.,-1.));
#6619=DIRECTION('',(-1.83697019872103E-16,1.,0.));
#6620=DIRECTION('',(0.,0.,-1.));
#6621=DIRECTION('',(-1.83697019872103E-16,1.,0.));
#6622=DIRECTION('',(0.,0.,-1.));
#6623=DIRECTION('',(-1.83697019872103E-16,1.,0.));
#6624=DIRECTION('',(-4.05540188711413E-17,-1.,0.));
#6625=DIRECTION('',(0.,0.,-1.));
#6626=DIRECTION('',(1.83697019872103E-16,-1.,0.));
#6627=DIRECTION('',(1.,-4.05540188711413E-17,0.));
#6628=DIRECTION('',(4.05540188711413E-17,1.,0.));
#6629=DIRECTION('',(-4.05540188711413E-17,-1.,0.));
#6630=DIRECTION('',(-4.05540188711413E-17,-1.,0.));
#6631=DIRECTION('',(0.,0.,-1.));
#6632=DIRECTION('',(0.,0.,-1.));
#6633=DIRECTION('',(1.,1.83697019872103E-16,0.));
#6634=DIRECTION('',(0.,0.,-1.));
#6635=DIRECTION('',(0.,0.,-1.));
#6636=DIRECTION('',(1.83697019872103E-16,-1.,0.));
#6637=DIRECTION('',(0.,0.,-1.));
#6638=DIRECTION('',(1.83697019872103E-16,-1.,0.));
#6639=DIRECTION('',(1.83697019872103E-16,-1.,0.));
#6640=DIRECTION('',(0.,0.,-1.));
#6641=DIRECTION('',(-1.83697019872103E-16,1.,0.));
#6642=DIRECTION('',(0.,0.,-1.));
#6643=DIRECTION('',(1.83697019872103E-16,-1.,0.));
#6644=DIRECTION('',(0.,0.,-1.));
#6645=DIRECTION('',(1.83697019872103E-16,-1.,0.));
#6646=DIRECTION('',(0.,0.,-1.));
#6647=DIRECTION('',(1.83697019872103E-16,-1.,0.));
#6648=DIRECTION('',(0.,0.,-1.));
#6649=DIRECTION('',(1.83697019872103E-16,-1.,0.));
#6650=DIRECTION('',(0.,0.,-1.));
#6651=DIRECTION('',(-1.83697019872103E-16,1.,0.));
#6652=DIRECTION('',(0.,0.,-1.));
#6653=DIRECTION('',(-1.83697019872103E-16,1.,0.));
#6654=DIRECTION('',(0.,0.,-1.));
#6655=DIRECTION('',(-1.83697019872103E-16,1.,0.));
#6656=DIRECTION('',(-1.,-1.83697019872103E-16,0.));
#6657=DIRECTION('',(0.,0.,-1.));
#6658=DIRECTION('',(1.83697019872103E-16,-1.,0.));
#6659=DIRECTION('',(1.83697019872103E-16,-1.,0.));
#6660=DIRECTION('',(0.,0.,1.));
#6661=DIRECTION('',(-1.,-1.83697019872103E-16,0.));
#6662=DIRECTION('',(-1.,-1.83697019872103E-16,0.));
#6663=DIRECTION('',(0.,0.,-1.));
#6664=DIRECTION('',(0.,0.,-1.));
#6665=DIRECTION('',(1.83697019872103E-16,-1.,0.));
#6666=DIRECTION('',(0.,0.,1.));
#6667=DIRECTION('',(0.,0.,-1.));
#6668=DIRECTION('',(-1.,-1.83697019872103E-16,0.));
#6669=DIRECTION('',(0.,0.,-1.));
#6670=DIRECTION('',(-1.,-1.83697019872103E-16,0.));
#6671=DIRECTION('',(-1.,-1.83697019872103E-16,0.));
#6672=DIRECTION('',(0.,0.,-1.));
#6673=DIRECTION('',(-1.83697019872103E-16,1.,0.));
#6674=DIRECTION('',(0.,0.,-1.));
#6675=DIRECTION('',(1.83697019872103E-16,-1.,0.));
#6676=DIRECTION('',(0.,0.,-1.));
#6677=DIRECTION('',(1.83697019872103E-16,-1.,0.));
#6678=DIRECTION('',(0.,0.,-1.));
#6679=DIRECTION('',(1.83697019872103E-16,-1.,0.));
#6680=DIRECTION('',(0.,0.,-1.));
#6681=DIRECTION('',(1.83697019872103E-16,-1.,0.));
#6682=DIRECTION('',(0.,0.,-1.));
#6683=DIRECTION('',(-1.83697019872103E-16,1.,0.));
#6684=DIRECTION('',(0.,0.,-1.));
#6685=DIRECTION('',(-1.83697019872103E-16,1.,0.));
#6686=DIRECTION('',(-1.,-1.83697019872103E-16,0.));
#6687=DIRECTION('',(0.,0.,1.));
#6688=DIRECTION('',(-1.83697019872103E-16,1.,0.));
#6689=DIRECTION('',(-1.83697019872103E-16,1.,0.));
#6690=DIRECTION('',(0.,0.,-1.));
#6691=DIRECTION('',(-1.83697019872103E-16,1.,0.));
#6692=DIRECTION('',(0.,0.,-1.));
#6693=DIRECTION('',(-1.,-1.83697019872103E-16,0.));
#6694=DIRECTION('',(0.,0.,1.));
#6695=DIRECTION('',(0.,0.,-1.));
#6696=DIRECTION('',(-1.83697019872103E-16,1.,0.));
#6697=DIRECTION('',(0.,0.,-1.));
#6698=DIRECTION('',(-1.83697019872103E-16,1.,0.));
#6699=DIRECTION('',(-1.83697019872103E-16,1.,0.));
#6700=DIRECTION('',(0.,0.,-1.));
#6701=DIRECTION('',(-1.83697019872103E-16,1.,0.));
#6702=DIRECTION('',(0.,0.,-1.));
#6703=DIRECTION('',(1.83697019872103E-16,-1.,0.));
#6704=DIRECTION('',(0.,0.,-1.));
#6705=DIRECTION('',(-1.83697019872103E-16,1.,0.));
#6706=DIRECTION('',(0.,0.,-1.));
#6707=DIRECTION('',(1.83697019872103E-16,-1.,0.));
#6708=DIRECTION('',(0.,0.,-1.));
#6709=DIRECTION('',(1.83697019872103E-16,-1.,0.));
#6710=DIRECTION('',(0.,0.,-1.));
#6711=DIRECTION('',(1.83697019872103E-16,-1.,0.));
#6712=DIRECTION('',(0.,0.,-1.));
#6713=DIRECTION('',(1.83697019872103E-16,-1.,0.));
#6714=DIRECTION('',(0.,0.,-1.));
#6715=DIRECTION('',(-1.83697019872103E-16,1.,0.));
#6716=DIRECTION('',(0.,0.,-1.));
#6717=DIRECTION('',(-1.83697019872103E-16,1.,0.));
#6718=DIRECTION('',(1.22464679914735E-16,-1.,0.));
#6719=DIRECTION('',(0.,0.,1.));
#6720=DIRECTION('',(-1.,-1.22464679914735E-16,0.));
#6721=DIRECTION('',(-1.,-1.22464679914735E-16,0.));
#6722=DIRECTION('',(0.,0.,-1.));
#6723=DIRECTION('',(-1.,-1.22464679914735E-16,0.));
#6724=DIRECTION('',(0.,0.,-1.));
#6725=DIRECTION('',(1.22464679914735E-16,-1.,0.));
#6726=DIRECTION('',(0.,0.,1.));
#6727=DIRECTION('',(0.,0.,-1.));
#6728=DIRECTION('',(-1.,-1.22464679914735E-16,0.));
#6729=DIRECTION('',(0.,0.,-1.));
#6730=DIRECTION('',(-1.,-1.22464679914735E-16,0.));
#6731=DIRECTION('',(-1.,-1.22464679914735E-16,0.));
#6732=DIRECTION('',(0.,0.,-1.));
#6733=DIRECTION('',(-1.,-1.22464679914735E-16,0.));
#6734=DIRECTION('',(0.,0.,-1.));
#6735=DIRECTION('',(1.,1.22464679914735E-16,0.));
#6736=DIRECTION('',(0.,0.,-1.));
#6737=DIRECTION('',(-1.,-1.22464679914735E-16,0.));
#6738=DIRECTION('',(0.,0.,-1.));
#6739=DIRECTION('',(1.,1.22464679914735E-16,0.));
#6740=DIRECTION('',(0.,0.,-1.));
#6741=DIRECTION('',(1.,1.22464679914735E-16,0.));
#6742=DIRECTION('',(0.,0.,-1.));
#6743=DIRECTION('',(1.,1.22464679914735E-16,0.));
#6744=DIRECTION('',(0.,0.,-1.));
#6745=DIRECTION('',(1.,1.22464679914735E-16,0.));
#6746=DIRECTION('',(0.,0.,-1.));
#6747=DIRECTION('',(-1.,-1.22464679914735E-16,0.));
#6748=DIRECTION('',(0.,0.,-1.));
#6749=DIRECTION('',(-1.,-1.22464679914735E-16,0.));
#6750=DIRECTION('',(0.,0.,-1.));
#6751=DIRECTION('',(-1.,-1.22464679914735E-16,0.));
#6752=DIRECTION('',(1.22464679914735E-16,-1.,0.));
#6753=DIRECTION('',(0.,0.,-1.));
#6754=DIRECTION('',(1.,1.22464679914735E-16,0.));
#6755=DIRECTION('',(1.,1.22464679914735E-16,0.));
#6756=DIRECTION('',(0.,0.,1.));
#6757=DIRECTION('',(1.22464679914735E-16,-1.,0.));
#6758=DIRECTION('',(1.22464679914735E-16,-1.,0.));
#6759=DIRECTION('',(0.,0.,-1.));
#6760=DIRECTION('',(0.,0.,-1.));
#6761=DIRECTION('',(1.,1.22464679914735E-16,0.));
#6762=DIRECTION('',(0.,0.,1.));
#6763=DIRECTION('',(0.,0.,-1.));
#6764=DIRECTION('',(1.22464679914735E-16,-1.,0.));
#6765=DIRECTION('',(0.,0.,-1.));
#6766=DIRECTION('',(1.22464679914735E-16,-1.,0.));
#6767=DIRECTION('',(1.22464679914735E-16,-1.,0.));
#6768=DIRECTION('',(0.,0.,-1.));
#6769=DIRECTION('',(-1.,-1.22464679914735E-16,0.));
#6770=DIRECTION('',(0.,0.,-1.));
#6771=DIRECTION('',(1.,1.22464679914735E-16,0.));
#6772=DIRECTION('',(0.,0.,-1.));
#6773=DIRECTION('',(1.,1.22464679914735E-16,0.));
#6774=DIRECTION('',(0.,0.,-1.));
#6775=DIRECTION('',(1.,1.22464679914735E-16,0.));
#6776=DIRECTION('',(0.,0.,-1.));
#6777=DIRECTION('',(1.,1.22464679914735E-16,0.));
#6778=DIRECTION('',(0.,0.,-1.));
#6779=DIRECTION('',(-1.,-1.22464679914735E-16,0.));
#6780=DIRECTION('',(0.,0.,-1.));
#6781=DIRECTION('',(-1.,-1.22464679914735E-16,0.));
#6782=DIRECTION('',(0.,0.,-1.));
#6783=DIRECTION('',(-1.,-1.22464679914735E-16,0.));
#6784=DIRECTION('',(1.,-1.01786358828509E-16,0.));
#6785=DIRECTION('',(0.,0.,-1.));
#6786=DIRECTION('',(1.,1.22464679914735E-16,0.));
#6787=DIRECTION('',(1.01786358828509E-16,1.,0.));
#6788=DIRECTION('',(-1.,1.01786358828509E-16,0.));
#6789=DIRECTION('',(1.,-1.01786358828509E-16,0.));
#6790=DIRECTION('',(1.,-1.01786358828509E-16,0.));
#6791=DIRECTION('',(0.,0.,-1.));
#6792=DIRECTION('',(0.,0.,-1.));
#6793=DIRECTION('',(-1.22464679914735E-16,1.,0.));
#6794=DIRECTION('',(0.,0.,-1.));
#6795=DIRECTION('',(0.,0.,-1.));
#6796=DIRECTION('',(1.,1.22464679914735E-16,0.));
#6797=DIRECTION('',(0.,0.,-1.));
#6798=DIRECTION('',(1.,1.22464679914735E-16,0.));
#6799=DIRECTION('',(1.,1.22464679914735E-16,0.));
#6800=DIRECTION('',(0.,0.,-1.));
#6801=DIRECTION('',(-1.,-1.22464679914735E-16,0.));
#6802=DIRECTION('',(0.,0.,-1.));
#6803=DIRECTION('',(1.,1.22464679914735E-16,0.));
#6804=DIRECTION('',(0.,0.,-1.));
#6805=DIRECTION('',(1.,1.22464679914735E-16,0.));
#6806=DIRECTION('',(0.,0.,-1.));
#6807=DIRECTION('',(1.,1.22464679914735E-16,0.));
#6808=DIRECTION('',(0.,0.,-1.));
#6809=DIRECTION('',(1.,1.22464679914735E-16,0.));
#6810=DIRECTION('',(0.,0.,-1.));
#6811=DIRECTION('',(-1.,-1.22464679914735E-16,0.));
#6812=DIRECTION('',(0.,0.,-1.));
#6813=DIRECTION('',(-1.,-1.22464679914735E-16,0.));
#6814=DIRECTION('',(-1.,3.26037397571753E-16,0.));
#6815=DIRECTION('',(-3.26037397571753E-16,-1.,0.));
#6816=DIRECTION('',(3.26037397571753E-16,1.,0.));
#6817=DIRECTION('',(3.26037397571753E-16,1.,0.));
#6818=DIRECTION('',(0.,0.,-1.));
#6819=DIRECTION('',(3.26037397571753E-16,1.,0.));
#6820=DIRECTION('',(0.,0.,-1.));
#6821=DIRECTION('',(-1.,-1.22464679914735E-16,0.));
#6822=DIRECTION('',(0.,0.,-1.));
#6823=DIRECTION('',(0.,0.,-1.));
#6824=DIRECTION('',(-1.22464679914735E-16,1.,0.));
#6825=DIRECTION('',(0.,0.,-1.));
#6826=DIRECTION('',(-1.22464679914735E-16,1.,0.));
#6827=DIRECTION('',(-1.22464679914735E-16,1.,0.));
#6828=DIRECTION('',(0.,0.,-1.));
#6829=DIRECTION('',(-1.,-1.22464679914735E-16,0.));
#6830=DIRECTION('',(0.,0.,-1.));
#6831=DIRECTION('',(1.,1.22464679914735E-16,0.));
#6832=DIRECTION('',(0.,0.,-1.));
#6833=DIRECTION('',(-1.,-1.22464679914735E-16,0.));
#6834=DIRECTION('',(0.,0.,-1.));
#6835=DIRECTION('',(1.,1.22464679914735E-16,0.));
#6836=DIRECTION('',(0.,0.,-1.));
#6837=DIRECTION('',(1.,1.22464679914735E-16,0.));
#6838=DIRECTION('',(0.,0.,-1.));
#6839=DIRECTION('',(1.,1.22464679914735E-16,0.));
#6840=DIRECTION('',(0.,0.,-1.));
#6841=DIRECTION('',(1.,1.22464679914735E-16,0.));
#6842=DIRECTION('',(0.,0.,-1.));
#6843=DIRECTION('',(-1.,-1.22464679914735E-16,0.));
#6844=DIRECTION('',(0.,0.,-1.));
#6845=DIRECTION('',(-1.,-1.22464679914735E-16,0.));
#6846=DIRECTION('',(1.,6.12323399573677E-17,0.));
#6847=DIRECTION('',(0.,0.,1.));
#6848=DIRECTION('',(6.12323399573677E-17,-1.,0.));
#6849=DIRECTION('',(6.12323399573677E-17,-1.,0.));
#6850=DIRECTION('',(0.,0.,-1.));
#6851=DIRECTION('',(6.12323399573677E-17,-1.,0.));
#6852=DIRECTION('',(0.,0.,-1.));
#6853=DIRECTION('',(1.,6.12323399573677E-17,0.));
#6854=DIRECTION('',(0.,0.,1.));
#6855=DIRECTION('',(0.,0.,-1.));
#6856=DIRECTION('',(6.12323399573677E-17,-1.,0.));
#6857=DIRECTION('',(0.,0.,-1.));
#6858=DIRECTION('',(6.12323399573677E-17,-1.,0.));
#6859=DIRECTION('',(6.12323399573677E-17,-1.,0.));
#6860=DIRECTION('',(0.,0.,-1.));
#6861=DIRECTION('',(6.12323399573677E-17,-1.,0.));
#6862=DIRECTION('',(0.,0.,-1.));
#6863=DIRECTION('',(-6.12323399573677E-17,1.,0.));
#6864=DIRECTION('',(0.,0.,-1.));
#6865=DIRECTION('',(6.12323399573677E-17,-1.,0.));
#6866=DIRECTION('',(0.,0.,-1.));
#6867=DIRECTION('',(-6.12323399573677E-17,1.,0.));
#6868=DIRECTION('',(0.,0.,-1.));
#6869=DIRECTION('',(-6.12323399573677E-17,1.,0.));
#6870=DIRECTION('',(0.,0.,-1.));
#6871=DIRECTION('',(-6.12323399573677E-17,1.,0.));
#6872=DIRECTION('',(0.,0.,-1.));
#6873=DIRECTION('',(-6.12323399573677E-17,1.,0.));
#6874=DIRECTION('',(0.,0.,-1.));
#6875=DIRECTION('',(6.12323399573677E-17,-1.,0.));
#6876=DIRECTION('',(0.,0.,-1.));
#6877=DIRECTION('',(6.12323399573677E-17,-1.,0.));
#6878=DIRECTION('',(0.,0.,-1.));
#6879=DIRECTION('',(6.12323399573677E-17,-1.,0.));
#6880=DIRECTION('',(1.,6.12323399573677E-17,0.));
#6881=DIRECTION('',(0.,0.,-1.));
#6882=DIRECTION('',(-6.12323399573677E-17,1.,0.));
#6883=DIRECTION('',(-6.12323399573677E-17,1.,0.));
#6884=DIRECTION('',(0.,0.,1.));
#6885=DIRECTION('',(1.,6.12323399573677E-17,0.));
#6886=DIRECTION('',(1.,6.12323399573677E-17,0.));
#6887=DIRECTION('',(0.,0.,-1.));
#6888=DIRECTION('',(0.,0.,-1.));
#6889=DIRECTION('',(-6.12323399573677E-17,1.,0.));
#6890=DIRECTION('',(0.,0.,1.));
#6891=DIRECTION('',(0.,0.,-1.));
#6892=DIRECTION('',(1.,6.12323399573677E-17,0.));
#6893=DIRECTION('',(0.,0.,-1.));
#6894=DIRECTION('',(1.,6.12323399573677E-17,0.));
#6895=DIRECTION('',(1.,6.12323399573677E-17,0.));
#6896=DIRECTION('',(0.,0.,-1.));
#6897=DIRECTION('',(6.12323399573677E-17,-1.,0.));
#6898=DIRECTION('',(0.,0.,-1.));
#6899=DIRECTION('',(-6.12323399573677E-17,1.,0.));
#6900=DIRECTION('',(0.,0.,-1.));
#6901=DIRECTION('',(-6.12323399573677E-17,1.,0.));
#6902=DIRECTION('',(0.,0.,-1.));
#6903=DIRECTION('',(-6.12323399573677E-17,1.,0.));
#6904=DIRECTION('',(0.,0.,-1.));
#6905=DIRECTION('',(-6.12323399573677E-17,1.,0.));
#6906=DIRECTION('',(0.,0.,-1.));
#6907=DIRECTION('',(6.12323399573677E-17,-1.,0.));
#6908=DIRECTION('',(0.,0.,-1.));
#6909=DIRECTION('',(6.12323399573677E-17,-1.,0.));
#6910=DIRECTION('',(0.,0.,-1.));
#6911=DIRECTION('',(6.12323399573677E-17,-1.,0.));
#6912=DIRECTION('',(1.63018698785877E-16,1.,0.));
#6913=DIRECTION('',(0.,0.,-1.));
#6914=DIRECTION('',(-6.12323399573677E-17,1.,0.));
#6915=DIRECTION('',(-1.,1.63018698785877E-16,0.));
#6916=DIRECTION('',(-1.63018698785877E-16,-1.,0.));
#6917=DIRECTION('',(1.63018698785877E-16,1.,0.));
#6918=DIRECTION('',(1.63018698785877E-16,1.,0.));
#6919=DIRECTION('',(0.,0.,-1.));
#6920=DIRECTION('',(0.,0.,-1.));
#6921=DIRECTION('',(-1.,-6.12323399573677E-17,0.));
#6922=DIRECTION('',(0.,0.,-1.));
#6923=DIRECTION('',(0.,0.,-1.));
#6924=DIRECTION('',(-6.12323399573677E-17,1.,0.));
#6925=DIRECTION('',(0.,0.,-1.));
#6926=DIRECTION('',(-6.12323399573677E-17,1.,0.));
#6927=DIRECTION('',(-6.12323399573677E-17,1.,0.));
#6928=DIRECTION('',(0.,0.,-1.));
#6929=DIRECTION('',(6.12323399573677E-17,-1.,0.));
#6930=DIRECTION('',(0.,0.,-1.));
#6931=DIRECTION('',(-6.12323399573677E-17,1.,0.));
#6932=DIRECTION('',(0.,0.,-1.));
#6933=DIRECTION('',(-6.12323399573677E-17,1.,0.));
#6934=DIRECTION('',(0.,0.,-1.));
#6935=DIRECTION('',(-6.12323399573677E-17,1.,0.));
#6936=DIRECTION('',(0.,0.,-1.));
#6937=DIRECTION('',(-6.12323399573677E-17,1.,0.));
#6938=DIRECTION('',(0.,0.,-1.));
#6939=DIRECTION('',(6.12323399573677E-17,-1.,0.));
#6940=DIRECTION('',(0.,0.,-1.));
#6941=DIRECTION('',(6.12323399573677E-17,-1.,0.));
#6942=DIRECTION('',(6.12323399573677E-17,-1.,0.));
#6943=DIRECTION('',(0.,0.,-1.));
#6944=DIRECTION('',(0.,0.,-1.));
#6945=DIRECTION('',(-1.,-6.12323399573677E-17,0.));
#6946=DIRECTION('',(0.,0.,-1.));
#6947=DIRECTION('',(-1.,-6.12323399573677E-17,0.));
#6948=DIRECTION('',(-1.,-6.12323399573677E-17,0.));
#6949=DIRECTION('',(-3.87269737529121E-16,-1.,0.));
#6950=DIRECTION('',(1.,-3.87269737529121E-16,0.));
#6951=DIRECTION('',(-1.,3.87269737529121E-16,0.));
#6952=DIRECTION('',(-1.,3.87269737529121E-16,0.));
#6953=DIRECTION('',(0.,0.,-1.));
#6954=DIRECTION('',(-1.,3.87269737529121E-16,0.));
#6955=DIRECTION('',(0.,0.,-1.));
#6956=DIRECTION('',(0.,0.,-1.));
#6957=DIRECTION('',(6.12323399573677E-17,-1.,0.));
#6958=DIRECTION('',(0.,0.,-1.));
#6959=DIRECTION('',(-6.12323399573677E-17,1.,0.));
#6960=DIRECTION('',(0.,0.,-1.));
#6961=DIRECTION('',(6.12323399573677E-17,-1.,0.));
#6962=DIRECTION('',(0.,0.,-1.));
#6963=DIRECTION('',(-6.12323399573677E-17,1.,0.));
#6964=DIRECTION('',(0.,0.,-1.));
#6965=DIRECTION('',(-6.12323399573677E-17,1.,0.));
#6966=DIRECTION('',(0.,0.,-1.));
#6967=DIRECTION('',(-6.12323399573677E-17,1.,0.));
#6968=DIRECTION('',(0.,0.,-1.));
#6969=DIRECTION('',(-6.12323399573677E-17,1.,0.));
#6970=DIRECTION('',(0.,0.,-1.));
#6971=DIRECTION('',(6.12323399573677E-17,-1.,0.));
#6972=DIRECTION('',(0.,0.,-1.));
#6973=DIRECTION('',(6.12323399573677E-17,-1.,0.));
#6974=DIRECTION('',(0.,0.,-1.));
#6975=DIRECTION('',(-1.,0.,0.));
#6976=DIRECTION('',(0.,0.,-1.));
#6977=DIRECTION('',(-1.,0.,0.));
#6978=DIRECTION('',(0.,0.,1.));
#6979=DIRECTION('',(1.,0.,0.));
#6980=DIRECTION('',(0.,0.,-1.));
#6981=DIRECTION('',(-1.,0.,0.));
#6982=DIRECTION('',(0.,0.,-1.));
#6983=DIRECTION('',(-1.,0.,0.));
#6984=DIRECTION('',(0.,0.,1.));
#6985=DIRECTION('',(1.,0.,0.));
#6986=DIRECTION('',(0.,0.,-1.));
#6987=DIRECTION('',(-1.,0.,0.));
#6988=DIRECTION('',(0.,0.,-1.));
#6989=DIRECTION('',(-1.,0.,0.));
#6990=DIRECTION('',(0.,0.,1.));
#6991=DIRECTION('',(1.,0.,0.));
#6992=DIRECTION('',(0.,0.,-1.));
#6993=DIRECTION('',(-1.,0.,0.));
#6994=DIRECTION('',(0.,0.,1.));
#6995=DIRECTION('',(1.,0.,0.));
#6996=DIRECTION('',(0.,0.,-1.));
#6997=DIRECTION('',(-1.,0.,0.));
#6998=DIRECTION('',(0.,0.,1.));
#6999=DIRECTION('',(1.,0.,0.));
#7000=DIRECTION('',(1.,0.,0.));
#7001=DIRECTION('',(0.,0.,-1.));
#7002=DIRECTION('',(0.,0.,-1.));
#7003=DIRECTION('',(0.,-1.,0.));
#7004=DIRECTION('',(0.,0.,-1.));
#7005=DIRECTION('',(0.,-1.,0.));
#7006=DIRECTION('',(0.,0.,-1.));
#7007=DIRECTION('',(-1.,0.,0.));
#7008=DIRECTION('',(0.,0.,-1.));
#7009=DIRECTION('',(0.,0.,1.));
#7010=DIRECTION('',(1.,0.,0.));
#7011=DIRECTION('',(0.,0.,1.));
#7012=DIRECTION('',(1.,0.,0.));
#7013=DIRECTION('',(0.,1.,0.));
#7014=DIRECTION('',(0.,0.,1.));
#7015=DIRECTION('',(0.,0.,-1.));
#7016=DIRECTION('',(1.,0.,0.));
#7017=DIRECTION('',(1.,0.,0.));
#7018=DIRECTION('',(0.,0.,-1.));
#7019=DIRECTION('',(-1.,0.,0.));
#7020=DIRECTION('',(0.,0.,-1.));
#7021=DIRECTION('',(0.,0.,1.));
#7022=DIRECTION('',(1.,0.,0.));
#7023=DIRECTION('',(0.,0.,1.));
#7024=DIRECTION('',(1.,0.,0.));
#7025=DIRECTION('',(1.,0.,0.));
#7026=DIRECTION('',(0.,0.,-1.));
#7027=DIRECTION('',(0.,0.,-1.));
#7028=DIRECTION('',(0.,1.,0.));
#7029=DIRECTION('',(0.,-1.,0.));
#7030=DIRECTION('',(0.,0.,-1.));
#7031=DIRECTION('',(-1.,0.,0.));
#7032=DIRECTION('',(0.,0.,-1.));
#7033=DIRECTION('',(0.,0.,1.));
#7034=DIRECTION('',(1.,0.,0.));
#7035=DIRECTION('',(0.,0.,1.));
#7036=DIRECTION('',(1.,0.,0.));
#7037=DIRECTION('',(0.,1.,0.));
#7038=DIRECTION('',(0.,0.,1.));
#7039=DIRECTION('',(0.,0.,-1.));
#7040=DIRECTION('',(-1.,0.,0.));
#7041=DIRECTION('',(1.,0.,0.));
#7042=DIRECTION('',(0.,0.,-1.));
#7043=DIRECTION('',(-1.,0.,0.));
#7044=DIRECTION('',(0.,0.,1.));
#7045=DIRECTION('',(1.,0.,0.));
#7046=DIRECTION('',(0.,0.,1.));
#7047=DIRECTION('',(1.,0.,0.));
#7048=DIRECTION('',(0.,0.,1.));
#7049=DIRECTION('',(1.,0.,0.));
#7050=DIRECTION('',(0.,-1.,0.));
#7051=DIRECTION('',(0.,0.,1.));
#7052=DIRECTION('',(1.,0.,0.));
#7053=DIRECTION('',(1.,0.,0.));
#7054=DIRECTION('',(0.,0.,1.));
#7055=DIRECTION('',(1.,0.,0.));
#7056=DIRECTION('',(0.,1.,0.));
#7057=DIRECTION('',(0.,0.,1.));
#7058=DIRECTION('',(1.,0.,0.));
#7059=DIRECTION('',(-1.,0.,0.));
#7060=DIRECTION('',(0.,0.,1.));
#7061=DIRECTION('',(1.,0.,0.));
#7062=DIRECTION('',(0.,0.,1.));
#7063=DIRECTION('',(1.,0.,0.));
#7064=DIRECTION('',(1.,0.,0.));
#7065=DIRECTION('',(0.,0.,-1.));
#7066=DIRECTION('',(1.,0.,0.));
#7067=DIRECTION('',(1.,0.,0.));
#7068=DIRECTION('',(0.,0.,1.));
#7069=DIRECTION('',(1.,0.,0.));
#7070=DIRECTION('',(0.,0.,-1.));
#7071=DIRECTION('',(-1.,0.,0.));
#7072=DIRECTION('',(0.,0.,-1.));
#7073=DIRECTION('',(-1.,0.,0.));
#7074=DIRECTION('',(0.,0.,-1.));
#7075=DIRECTION('',(-1.,0.,0.));
#7076=DIRECTION('',(0.,0.,-1.));
#7077=DIRECTION('',(-1.,0.,0.));
#7078=DIRECTION('',(0.,0.,1.));
#7079=DIRECTION('',(1.,0.,0.));
#7080=DIRECTION('',(0.,0.,1.));
#7081=DIRECTION('',(0.,0.,1.));
#7082=DIRECTION('',(1.,0.,0.));
#7083=DIRECTION('',(0.,0.,1.));
#7084=DIRECTION('',(0.,-1.,0.));
#7085=DIRECTION('',(0.,0.,-1.));
#7086=DIRECTION('',(0.,0.,1.));
#7087=DIRECTION('',(1.,0.,0.));
#7088=DIRECTION('',(0.,0.,1.));
#7089=DIRECTION('',(1.,0.,0.));
#7090=DIRECTION('',(0.,0.,1.));
#7091=DIRECTION('',(0.,0.,-1.));
#7092=DIRECTION('',(1.,0.,0.));
#7093=DIRECTION('',(0.,-1.,0.));
#7094=DIRECTION('',(0.,0.,-1.));
#7095=DIRECTION('',(1.,0.,0.));
#7096=DIRECTION('',(0.,0.,1.));
#7097=DIRECTION('',(1.,0.,0.));
#7098=DIRECTION('',(0.,0.,-1.));
#7099=DIRECTION('',(-1.,0.,0.));
#7100=DIRECTION('',(-0.832050294337844,0.,0.55470019622523));
#7101=DIRECTION('',(6.41500968347231E-16,0.832050294337844,-0.55470019622523));
#7102=DIRECTION('',(0.,-0.55470019622523,-0.832050294337844));
#7103=DIRECTION('',(1.,0.,0.));
#7104=DIRECTION('',(0.,0.832050294337844,-0.55470019622523));
#7105=DIRECTION('',(-0.55470019622523,0.,-0.832050294337844));
#7106=DIRECTION('',(0.,-1.,0.));
#7107=DIRECTION('',(-0.832050294337844,3.20750484173616E-16,0.55470019622523));
#7108=DIRECTION('',(0.,0.,-1.));
#7109=DIRECTION('',(-1.,0.,0.));
#7110=DIRECTION('',(-0.832050294337844,3.20750484173616E-16,-0.55470019622523));
#7111=DIRECTION('',(0.,0.,-1.));
#7112=DIRECTION('',(-1.,0.,0.));
#7113=DIRECTION('',(0.,0.832050294337844,0.55470019622523));
#7114=DIRECTION('',(-0.55470019622523,0.,0.832050294337844));
#7115=DIRECTION('',(0.,1.,0.));
#7116=DIRECTION('',(-0.832050294337844,-3.20750484173616E-16,-0.55470019622523));
#7117=DIRECTION('',(0.,-0.55470019622523,0.832050294337844));
#7118=DIRECTION('',(-1.,0.,0.));
#7119=DIRECTION('',(3.20750484173616E-16,0.832050294337844,0.55470019622523));
#7120=DIRECTION('',(0.,0.,-1.));
#7121=DIRECTION('',(-1.,0.,0.));
#7122=DIRECTION('',(0.,0.,-1.));
#7123=DIRECTION('',(-1.,0.,0.));
#7124=DIRECTION('',(0.,0.,-1.));
#7125=DIRECTION('',(-1.,0.,0.));
#7126=DIRECTION('',(0.,0.,-1.));
#7127=DIRECTION('',(1.,0.,0.));
#7128=DIRECTION('',(0.,0.,-1.));
#7129=DIRECTION('',(-1.,0.,0.));
#7130=DIRECTION('',(0.,0.,-1.));
#7131=DIRECTION('',(-1.,0.,0.));
#7132=DIRECTION('',(0.,0.,-1.));
#7133=DIRECTION('',(1.,0.,0.));
#7134=DIRECTION('',(0.,0.,-1.));
#7135=DIRECTION('',(-1.,0.,0.));
#7136=DIRECTION('',(0.,0.,-1.));
#7137=DIRECTION('',(-1.,0.,0.));
#7138=DIRECTION('',(0.,0.,-1.));
#7139=DIRECTION('',(1.,0.,0.));
#7140=DIRECTION('',(0.,0.,-1.));
#7141=DIRECTION('',(-1.,0.,0.));
#7142=DIRECTION('',(0.,0.,-1.));
#7143=DIRECTION('',(-1.,0.,0.));
#7144=DIRECTION('',(0.,0.,-1.));
#7145=DIRECTION('',(1.,0.,0.));
#7146=CARTESIAN_POINT('',(0.,0.,0.));
#7147=CARTESIAN_POINT('',(-0.02425,-0.013,0.0185));
#7148=CARTESIAN_POINT('',(-0.0305,-0.013,0.0185));
#7149=CARTESIAN_POINT('',(-0.0305,-0.013,0.017));
#7150=CARTESIAN_POINT('',(-0.0305,-0.013,0.));
#7151=CARTESIAN_POINT('',(-0.02425,-0.013,0.017));
#7152=CARTESIAN_POINT('',(-0.018,-0.013,0.017));
#7153=CARTESIAN_POINT('',(-0.018,-0.013,0.0185));
#7154=CARTESIAN_POINT('',(-0.018,-0.013,0.));
#7155=CARTESIAN_POINT('',(-0.02425,-0.013,0.));
#7156=CARTESIAN_POINT('',(-0.0305,-0.018,0.0185));
#7157=CARTESIAN_POINT('',(-0.0355,-0.018,0.0185));
#7158=CARTESIAN_POINT('',(-0.0355,-0.018,0.017));
#7159=CARTESIAN_POINT('',(-0.0355,-0.018,0.));
#7160=CARTESIAN_POINT('',(-0.0305,-0.018,0.017));
#7161=CARTESIAN_POINT('',(-0.0305,-0.018,0.));
#7162=CARTESIAN_POINT('',(-0.0355,-0.02425,0.0185));
#7163=CARTESIAN_POINT('',(-0.0355,-0.0305,0.0185));
#7164=CARTESIAN_POINT('',(-0.0355,-0.0305,0.017));
#7165=CARTESIAN_POINT('',(-0.0355,-0.0305,0.));
#7166=CARTESIAN_POINT('',(-0.0355,-0.02425,0.017));
#7167=CARTESIAN_POINT('',(-0.0355,-0.02425,0.));
#7168=CARTESIAN_POINT('',(-0.0305,-0.0305,0.0185));
#7169=CARTESIAN_POINT('',(-0.0305,-0.0355,0.0185));
#7170=CARTESIAN_POINT('',(-0.0305,-0.0355,0.017));
#7171=CARTESIAN_POINT('',(-0.0305,-0.0355,0.));
#7172=CARTESIAN_POINT('',(-0.0305,-0.0305,0.017));
#7173=CARTESIAN_POINT('',(-0.0305,-0.0305,0.));
#7174=CARTESIAN_POINT('',(-0.02425,-0.0355,0.0185));
#7175=CARTESIAN_POINT('',(-0.018,-0.0355,0.0185));
#7176=CARTESIAN_POINT('',(-0.018,-0.0355,0.017));
#7177=CARTESIAN_POINT('',(-0.018,-0.0355,0.));
#7178=CARTESIAN_POINT('',(-0.0305,-0.0355,0.017));
#7179=CARTESIAN_POINT('',(-0.02425,-0.0355,0.));
#7180=CARTESIAN_POINT('',(-0.018,-0.0305,0.0185));
#7181=CARTESIAN_POINT('',(-0.013,-0.0305,0.0185));
#7182=CARTESIAN_POINT('',(-0.013,-0.0305,0.017));
#7183=CARTESIAN_POINT('',(-0.013,-0.0305,0.));
#7184=CARTESIAN_POINT('',(-0.018,-0.0305,0.017));
#7185=CARTESIAN_POINT('',(-0.018,-0.0305,0.));
#7186=CARTESIAN_POINT('',(-0.013,-0.02425,0.0185));
#7187=CARTESIAN_POINT('',(-0.013,-0.018,0.0185));
#7188=CARTESIAN_POINT('',(-0.013,-0.018,0.017));
#7189=CARTESIAN_POINT('',(-0.013,-0.018,0.));
#7190=CARTESIAN_POINT('',(-0.013,-0.0305,0.017));
#7191=CARTESIAN_POINT('',(-0.013,-0.02425,0.));
#7192=CARTESIAN_POINT('',(-0.018,-0.018,0.0185));
#7193=CARTESIAN_POINT('',(-0.018,-0.018,0.017));
#7194=CARTESIAN_POINT('',(-0.018,-0.018,0.));
#7195=CARTESIAN_POINT('',(-0.02425,-0.02425,0.0185));
#7196=CARTESIAN_POINT('',(-0.018,-0.03325,0.0185));
#7197=CARTESIAN_POINT('',(-0.0305,-0.03325,0.0185));
#7198=CARTESIAN_POINT('',(-0.018,-0.03325,0.0185));
#7199=CARTESIAN_POINT('',(-0.018,-0.0305,0.0185));
#7200=CARTESIAN_POINT('',(-0.01525,-0.0305,0.0185));
#7201=CARTESIAN_POINT('',(-0.01525,-0.018,0.0185));
#7202=CARTESIAN_POINT('',(-0.01525,-0.018,0.0185));
#7203=CARTESIAN_POINT('',(-0.018,-0.018,0.0185));
#7204=CARTESIAN_POINT('',(-0.018,-0.01525,0.0185));
#7205=CARTESIAN_POINT('',(-0.02425,-0.01525,0.0185));
#7206=CARTESIAN_POINT('',(-0.0305,-0.01525,0.0185));
#7207=CARTESIAN_POINT('',(-0.0305,-0.018,0.0185));
#7208=CARTESIAN_POINT('',(-0.03325,-0.018,0.0185));
#7209=CARTESIAN_POINT('',(-0.03325,-0.02425,0.0185));
#7210=CARTESIAN_POINT('',(-0.03325,-0.0305,0.0185));
#7211=CARTESIAN_POINT('',(-0.0305,-0.0305,0.0185));
#7212=CARTESIAN_POINT('',(-0.0175,-0.02525,0.0185));
#7213=CARTESIAN_POINT('',(-0.019,-0.02525,0.0185));
#7214=CARTESIAN_POINT('',(-0.016,-0.02525,0.0185));
#7215=CARTESIAN_POINT('',(-0.019,-0.02425,0.0185));
#7216=CARTESIAN_POINT('',(-0.019,-0.02325,0.0185));
#7217=CARTESIAN_POINT('',(-0.0175,-0.02325,0.0185));
#7218=CARTESIAN_POINT('',(-0.016,-0.02325,0.0185));
#7219=CARTESIAN_POINT('',(-0.016,-0.02425,0.0185));
#7220=CARTESIAN_POINT('',(-0.02425,-0.02425,0.));
#7221=CARTESIAN_POINT('',(-0.031125,-0.017375,0.));
#7222=CARTESIAN_POINT('',(-0.031125,-0.019325,0.));
#7223=CARTESIAN_POINT('',(-0.031125,-0.031125,0.));
#7224=CARTESIAN_POINT('',(-0.031125,-0.033075,0.));
#7225=CARTESIAN_POINT('',(-0.017375,-0.031125,0.));
#7226=CARTESIAN_POINT('',(-0.017375,-0.033075,0.));
#7227=CARTESIAN_POINT('',(-0.017375,-0.017375,0.));
#7228=CARTESIAN_POINT('',(-0.017375,-0.019325,0.));
#7229=CARTESIAN_POINT('',(-0.0175,-0.02525,0.0175));
#7230=CARTESIAN_POINT('',(-0.016,-0.02525,0.0175));
#7231=CARTESIAN_POINT('',(-0.016,-0.02525,0.0175));
#7232=CARTESIAN_POINT('',(-0.0175,-0.02525,0.0175));
#7233=CARTESIAN_POINT('',(-0.019,-0.02525,0.0175));
#7234=CARTESIAN_POINT('',(-0.019,-0.02525,0.0175));
#7235=CARTESIAN_POINT('',(-0.016,-0.02425,0.0175));
#7236=CARTESIAN_POINT('',(-0.016,-0.02325,0.0175));
#7237=CARTESIAN_POINT('',(-0.016,-0.02325,0.0175));
#7238=CARTESIAN_POINT('',(-0.016,-0.02425,0.0175));
#7239=CARTESIAN_POINT('',(-0.0175,-0.02325,0.0175));
#7240=CARTESIAN_POINT('',(-0.019,-0.02325,0.0175));
#7241=CARTESIAN_POINT('',(-0.019,-0.02325,0.0175));
#7242=CARTESIAN_POINT('',(-0.0175,-0.02325,0.0175));
#7243=CARTESIAN_POINT('',(-0.019,-0.02425,0.0175));
#7244=CARTESIAN_POINT('',(-0.019,-0.02425,0.0175));
#7245=CARTESIAN_POINT('',(-0.02425,-0.02425,0.0175));
#7246=CARTESIAN_POINT('',(-0.0305,-0.018,0.0185));
#7247=CARTESIAN_POINT('',(-0.0305,-0.013,0.017));
#7248=CARTESIAN_POINT('',(-0.03325,-0.018,0.0185));
#7249=CARTESIAN_POINT('',(-0.0355,-0.02425,0.017));
#7250=CARTESIAN_POINT('',(-0.03325,-0.0305,0.0185));
#7251=CARTESIAN_POINT('',(-0.02425,-0.013,0.017));
#7252=CARTESIAN_POINT('',(-0.018,-0.013,0.017));
#7253=CARTESIAN_POINT('',(-0.0305,-0.0305,0.0185));
#7254=CARTESIAN_POINT('',(-0.0305,-0.03325,0.0185));
#7255=CARTESIAN_POINT('',(-0.018,-0.018,0.0185));
#7256=CARTESIAN_POINT('',(-0.013,-0.018,0.017));
#7257=CARTESIAN_POINT('',(-0.02425,-0.03325,0.0185));
#7258=CARTESIAN_POINT('',(-0.018,-0.03325,0.0185));
#7259=CARTESIAN_POINT('',(-0.01525,-0.02425,0.0185));
#7260=CARTESIAN_POINT('',(-0.013,-0.0305,0.017));
#7261=CARTESIAN_POINT('',(-0.018,-0.0305,0.0185));
#7262=CARTESIAN_POINT('',(-0.017375,-0.017375,0.001));
#7263=CARTESIAN_POINT('',(-0.017375,-0.017375,0.001));
#7264=CARTESIAN_POINT('',(-0.017375,-0.019325,0.001));
#7265=CARTESIAN_POINT('',(-0.02425,-0.02425,0.001));
#7266=CARTESIAN_POINT('',(-0.017375,-0.031125,0.001));
#7267=CARTESIAN_POINT('',(-0.017375,-0.031125,0.001));
#7268=CARTESIAN_POINT('',(-0.017375,-0.033075,0.001));
#7269=CARTESIAN_POINT('',(-0.02425,-0.02425,0.001));
#7270=CARTESIAN_POINT('',(-0.031125,-0.031125,0.001));
#7271=CARTESIAN_POINT('',(-0.031125,-0.031125,0.001));
#7272=CARTESIAN_POINT('',(-0.031125,-0.033075,0.001));
#7273=CARTESIAN_POINT('',(-0.02425,-0.02425,0.001));
#7274=CARTESIAN_POINT('',(-0.031125,-0.017375,0.001));
#7275=CARTESIAN_POINT('',(-0.031125,-0.017375,0.001));
#7276=CARTESIAN_POINT('',(-0.031125,-0.019325,0.001));
#7277=CARTESIAN_POINT('',(-0.02425,-0.02425,0.001));
#7278=CARTESIAN_POINT('',(0.,0.,0.));
#7279=CARTESIAN_POINT('',(-0.01125,-0.0485,0.0185));
#7280=CARTESIAN_POINT('',(-0.01125,-0.05475,0.0185));
#7281=CARTESIAN_POINT('',(-0.01125,-0.05475,0.017));
#7282=CARTESIAN_POINT('',(-0.01125,-0.05475,0.));
#7283=CARTESIAN_POINT('',(-0.01125,-0.0485,0.017));
#7284=CARTESIAN_POINT('',(-0.01125,-0.04225,0.017));
#7285=CARTESIAN_POINT('',(-0.01125,-0.04225,0.0185));
#7286=CARTESIAN_POINT('',(-0.01125,-0.04225,0.));
#7287=CARTESIAN_POINT('',(-0.01125,-0.0485,0.));
#7288=CARTESIAN_POINT('',(-0.00625,-0.05475,0.0185));
#7289=CARTESIAN_POINT('',(-0.00625,-0.05975,0.0185));
#7290=CARTESIAN_POINT('',(-0.00625,-0.05975,0.017));
#7291=CARTESIAN_POINT('',(-0.00625,-0.05975,0.));
#7292=CARTESIAN_POINT('',(-0.00625,-0.05475,0.017));
#7293=CARTESIAN_POINT('',(-0.00625,-0.05475,0.));
#7294=CARTESIAN_POINT('',(4.34749613697311E-18,-0.05975,0.0185));
#7295=CARTESIAN_POINT('',(0.00625,-0.05975,0.0185));
#7296=CARTESIAN_POINT('',(0.00625,-0.05975,0.017));
#7297=CARTESIAN_POINT('',(0.00625,-0.05975,0.));
#7298=CARTESIAN_POINT('',(4.34749613697311E-18,-0.05975,0.017));
#7299=CARTESIAN_POINT('',(4.34749613697311E-18,-0.05975,0.));
#7300=CARTESIAN_POINT('',(0.00625,-0.05475,0.0185));
#7301=CARTESIAN_POINT('',(0.01125,-0.05475,0.0185));
#7302=CARTESIAN_POINT('',(0.01125,-0.05475,0.017));
#7303=CARTESIAN_POINT('',(0.01125,-0.05475,0.));
#7304=CARTESIAN_POINT('',(0.00625,-0.05475,0.017));
#7305=CARTESIAN_POINT('',(0.00625,-0.05475,0.));
#7306=CARTESIAN_POINT('',(0.01125,-0.0485,0.0185));
#7307=CARTESIAN_POINT('',(0.01125,-0.04225,0.0185));
#7308=CARTESIAN_POINT('',(0.01125,-0.04225,0.017));
#7309=CARTESIAN_POINT('',(0.01125,-0.04225,0.));
#7310=CARTESIAN_POINT('',(0.01125,-0.05475,0.017));
#7311=CARTESIAN_POINT('',(0.01125,-0.0485,0.));
#7312=CARTESIAN_POINT('',(0.00625,-0.04225,0.0185));
#7313=CARTESIAN_POINT('',(0.00625,-0.03725,0.0185));
#7314=CARTESIAN_POINT('',(0.00625,-0.03725,0.017));
#7315=CARTESIAN_POINT('',(0.00625,-0.03725,0.));
#7316=CARTESIAN_POINT('',(0.00625,-0.04225,0.017));
#7317=CARTESIAN_POINT('',(0.00625,-0.04225,0.));
#7318=CARTESIAN_POINT('',(-1.42682637085248E-19,-0.03725,0.0185));
#7319=CARTESIAN_POINT('',(-0.00625,-0.03725,0.0185));
#7320=CARTESIAN_POINT('',(-0.00625,-0.03725,0.017));
#7321=CARTESIAN_POINT('',(-0.00625,-0.03725,0.));
#7322=CARTESIAN_POINT('',(0.00625,-0.03725,0.017));
#7323=CARTESIAN_POINT('',(-1.42682637085248E-19,-0.03725,0.));
#7324=CARTESIAN_POINT('',(-0.00625,-0.04225,0.0185));
#7325=CARTESIAN_POINT('',(-0.00625,-0.04225,0.017));
#7326=CARTESIAN_POINT('',(-0.00625,-0.04225,0.));
#7327=CARTESIAN_POINT('',(2.96976848793233E-18,-0.0485,0.0185));
#7328=CARTESIAN_POINT('',(0.009,-0.04225,0.0185));
#7329=CARTESIAN_POINT('',(0.009,-0.05475,0.0185));
#7330=CARTESIAN_POINT('',(0.009,-0.04225,0.0185));
#7331=CARTESIAN_POINT('',(0.00625,-0.04225,0.0185));
#7332=CARTESIAN_POINT('',(0.00625,-0.0395,0.0185));
#7333=CARTESIAN_POINT('',(-0.00625,-0.0395,0.0185));
#7334=CARTESIAN_POINT('',(-0.00625,-0.0395,0.0185));
#7335=CARTESIAN_POINT('',(-0.00625,-0.04225,0.0185));
#7336=CARTESIAN_POINT('',(-0.009,-0.04225,0.0185));
#7337=CARTESIAN_POINT('',(-0.009,-0.0485,0.0185));
#7338=CARTESIAN_POINT('',(-0.009,-0.05475,0.0185));
#7339=CARTESIAN_POINT('',(-0.00625,-0.05475,0.0185));
#7340=CARTESIAN_POINT('',(-0.00625,-0.0575,0.0185));
#7341=CARTESIAN_POINT('',(4.07195060716495E-18,-0.0575,0.0185));
#7342=CARTESIAN_POINT('',(0.00625,-0.0575,0.0185));
#7343=CARTESIAN_POINT('',(0.00625,-0.05475,0.0185));
#7344=CARTESIAN_POINT('',(0.001,-0.04175,0.0185));
#7345=CARTESIAN_POINT('',(0.001,-0.04325,0.0185));
#7346=CARTESIAN_POINT('',(0.001,-0.04025,0.0185));
#7347=CARTESIAN_POINT('',(1.89314804938577E-18,-0.04325,0.0185));
#7348=CARTESIAN_POINT('',(-0.001,-0.04325,0.0185));
#7349=CARTESIAN_POINT('',(-0.001,-0.04175,0.0185));
#7350=CARTESIAN_POINT('',(-0.001,-0.04025,0.0185));
#7351=CARTESIAN_POINT('',(1.52575400964156E-18,-0.04025,0.0185));
#7352=CARTESIAN_POINT('',(2.96976848793233E-18,-0.0485,0.));
#7353=CARTESIAN_POINT('',(-0.006875,-0.055375,0.));
#7354=CARTESIAN_POINT('',(-0.004925,-0.055375,0.));
#7355=CARTESIAN_POINT('',(0.006875,-0.055375,0.));
#7356=CARTESIAN_POINT('',(0.008825,-0.055375,0.));
#7357=CARTESIAN_POINT('',(0.006875,-0.041625,0.));
#7358=CARTESIAN_POINT('',(0.008825,-0.041625,0.));
#7359=CARTESIAN_POINT('',(-0.006875,-0.041625,0.));
#7360=CARTESIAN_POINT('',(-0.004925,-0.041625,0.));
#7361=CARTESIAN_POINT('',(0.001,-0.04175,0.0175));
#7362=CARTESIAN_POINT('',(0.001,-0.04025,0.0175));
#7363=CARTESIAN_POINT('',(0.001,-0.04025,0.0175));
#7364=CARTESIAN_POINT('',(0.001,-0.04175,0.0175));
#7365=CARTESIAN_POINT('',(0.001,-0.04325,0.0175));
#7366=CARTESIAN_POINT('',(0.001,-0.04325,0.0175));
#7367=CARTESIAN_POINT('',(1.52575400964156E-18,-0.04025,0.0175));
#7368=CARTESIAN_POINT('',(-0.001,-0.04025,0.0175));
#7369=CARTESIAN_POINT('',(-0.001,-0.04025,0.0175));
#7370=CARTESIAN_POINT('',(1.52575400964156E-18,-0.04025,0.0175));
#7371=CARTESIAN_POINT('',(-0.001,-0.04175,0.0175));
#7372=CARTESIAN_POINT('',(-0.001,-0.04325,0.0175));
#7373=CARTESIAN_POINT('',(-0.001,-0.04325,0.0175));
#7374=CARTESIAN_POINT('',(-0.001,-0.04175,0.0175));
#7375=CARTESIAN_POINT('',(1.89314804938577E-18,-0.04325,0.0175));
#7376=CARTESIAN_POINT('',(1.89314804938577E-18,-0.04325,0.0175));
#7377=CARTESIAN_POINT('',(2.96976848793233E-18,-0.0485,0.0175));
#7378=CARTESIAN_POINT('',(-0.00625,-0.05475,0.0185));
#7379=CARTESIAN_POINT('',(-0.01125,-0.05475,0.017));
#7380=CARTESIAN_POINT('',(-0.00625,-0.0575,0.0185));
#7381=CARTESIAN_POINT('',(4.34749613697311E-18,-0.05975,0.017));
#7382=CARTESIAN_POINT('',(0.00625,-0.0575,0.0185));
#7383=CARTESIAN_POINT('',(-0.01125,-0.0485,0.017));
#7384=CARTESIAN_POINT('',(-0.01125,-0.04225,0.017));
#7385=CARTESIAN_POINT('',(0.00625,-0.05475,0.0185));
#7386=CARTESIAN_POINT('',(0.009,-0.05475,0.0185));
#7387=CARTESIAN_POINT('',(-0.00625,-0.04225,0.0185));
#7388=CARTESIAN_POINT('',(-0.00625,-0.03725,0.017));
#7389=CARTESIAN_POINT('',(0.009,-0.0485,0.0185));
#7390=CARTESIAN_POINT('',(0.009,-0.04225,0.0185));
#7391=CARTESIAN_POINT('',(1.86758636869971E-18,-0.0395,0.0185));
#7392=CARTESIAN_POINT('',(0.00625,-0.03725,0.017));
#7393=CARTESIAN_POINT('',(0.00625,-0.04225,0.0185));
#7394=CARTESIAN_POINT('',(-0.006875,-0.041625,0.001));
#7395=CARTESIAN_POINT('',(-0.006875,-0.041625,0.001));
#7396=CARTESIAN_POINT('',(-0.004925,-0.041625,0.001));
#7397=CARTESIAN_POINT('',(2.96976848793233E-18,-0.0485,0.001));
#7398=CARTESIAN_POINT('',(0.006875,-0.041625,0.001));
#7399=CARTESIAN_POINT('',(0.006875,-0.041625,0.001));
#7400=CARTESIAN_POINT('',(0.008825,-0.041625,0.001));
#7401=CARTESIAN_POINT('',(2.96976848793233E-18,-0.0485,0.001));
#7402=CARTESIAN_POINT('',(0.006875,-0.055375,0.001));
#7403=CARTESIAN_POINT('',(0.006875,-0.055375,0.001));
#7404=CARTESIAN_POINT('',(0.008825,-0.055375,0.001));
#7405=CARTESIAN_POINT('',(2.96976848793233E-18,-0.0485,0.001));
#7406=CARTESIAN_POINT('',(-0.006875,-0.055375,0.001));
#7407=CARTESIAN_POINT('',(-0.006875,-0.055375,0.001));
#7408=CARTESIAN_POINT('',(-0.004925,-0.055375,0.001));
#7409=CARTESIAN_POINT('',(2.96976848793233E-18,-0.0485,0.001));
#7410=CARTESIAN_POINT('',(0.,0.,0.));
#7411=CARTESIAN_POINT('',(0.02425,-0.0355,0.0185));
#7412=CARTESIAN_POINT('',(0.0305,-0.0355,0.0185));
#7413=CARTESIAN_POINT('',(0.0305,-0.0355,0.017));
#7414=CARTESIAN_POINT('',(0.0305,-0.0355,0.));
#7415=CARTESIAN_POINT('',(0.02425,-0.0355,0.017));
#7416=CARTESIAN_POINT('',(0.018,-0.0355,0.017));
#7417=CARTESIAN_POINT('',(0.018,-0.0355,0.0185));
#7418=CARTESIAN_POINT('',(0.018,-0.0355,0.));
#7419=CARTESIAN_POINT('',(0.02425,-0.0355,0.));
#7420=CARTESIAN_POINT('',(0.0305,-0.0305,0.0185));
#7421=CARTESIAN_POINT('',(0.0355,-0.0305,0.0185));
#7422=CARTESIAN_POINT('',(0.0355,-0.0305,0.017));
#7423=CARTESIAN_POINT('',(0.0355,-0.0305,0.));
#7424=CARTESIAN_POINT('',(0.0305,-0.0305,0.017));
#7425=CARTESIAN_POINT('',(0.0305,-0.0305,0.));
#7426=CARTESIAN_POINT('',(0.0355,-0.02425,0.0185));
#7427=CARTESIAN_POINT('',(0.0355,-0.018,0.0185));
#7428=CARTESIAN_POINT('',(0.0355,-0.018,0.017));
#7429=CARTESIAN_POINT('',(0.0355,-0.018,0.));
#7430=CARTESIAN_POINT('',(0.0355,-0.02425,0.017));
#7431=CARTESIAN_POINT('',(0.0355,-0.02425,0.));
#7432=CARTESIAN_POINT('',(0.0305,-0.018,0.0185));
#7433=CARTESIAN_POINT('',(0.0305,-0.013,0.0185));
#7434=CARTESIAN_POINT('',(0.0305,-0.013,0.017));
#7435=CARTESIAN_POINT('',(0.0305,-0.013,0.));
#7436=CARTESIAN_POINT('',(0.0305,-0.018,0.017));
#7437=CARTESIAN_POINT('',(0.0305,-0.018,0.));
#7438=CARTESIAN_POINT('',(0.02425,-0.013,0.0185));
#7439=CARTESIAN_POINT('',(0.018,-0.013,0.0185));
#7440=CARTESIAN_POINT('',(0.018,-0.013,0.017));
#7441=CARTESIAN_POINT('',(0.018,-0.013,0.));
#7442=CARTESIAN_POINT('',(0.0305,-0.013,0.017));
#7443=CARTESIAN_POINT('',(0.02425,-0.013,0.));
#7444=CARTESIAN_POINT('',(0.018,-0.018,0.0185));
#7445=CARTESIAN_POINT('',(0.013,-0.018,0.0185));
#7446=CARTESIAN_POINT('',(0.013,-0.018,0.017));
#7447=CARTESIAN_POINT('',(0.013,-0.018,0.));
#7448=CARTESIAN_POINT('',(0.018,-0.018,0.017));
#7449=CARTESIAN_POINT('',(0.018,-0.018,0.));
#7450=CARTESIAN_POINT('',(0.013,-0.02425,0.0185));
#7451=CARTESIAN_POINT('',(0.013,-0.0305,0.0185));
#7452=CARTESIAN_POINT('',(0.013,-0.0305,0.017));
#7453=CARTESIAN_POINT('',(0.013,-0.0305,0.));
#7454=CARTESIAN_POINT('',(0.013,-0.018,0.017));
#7455=CARTESIAN_POINT('',(0.013,-0.02425,0.));
#7456=CARTESIAN_POINT('',(0.018,-0.0305,0.0185));
#7457=CARTESIAN_POINT('',(0.018,-0.0305,0.017));
#7458=CARTESIAN_POINT('',(0.018,-0.0305,0.));
#7459=CARTESIAN_POINT('',(0.02425,-0.02425,0.0185));
#7460=CARTESIAN_POINT('',(0.018,-0.01525,0.0185));
#7461=CARTESIAN_POINT('',(0.0305,-0.01525,0.0185));
#7462=CARTESIAN_POINT('',(0.018,-0.01525,0.0185));
#7463=CARTESIAN_POINT('',(0.018,-0.018,0.0185));
#7464=CARTESIAN_POINT('',(0.01525,-0.018,0.0185));
#7465=CARTESIAN_POINT('',(0.01525,-0.0305,0.0185));
#7466=CARTESIAN_POINT('',(0.01525,-0.0305,0.0185));
#7467=CARTESIAN_POINT('',(0.018,-0.0305,0.0185));
#7468=CARTESIAN_POINT('',(0.018,-0.03325,0.0185));
#7469=CARTESIAN_POINT('',(0.02425,-0.03325,0.0185));
#7470=CARTESIAN_POINT('',(0.0305,-0.03325,0.0185));
#7471=CARTESIAN_POINT('',(0.0305,-0.0305,0.0185));
#7472=CARTESIAN_POINT('',(0.03325,-0.0305,0.0185));
#7473=CARTESIAN_POINT('',(0.03325,-0.02425,0.0185));
#7474=CARTESIAN_POINT('',(0.03325,-0.018,0.0185));
#7475=CARTESIAN_POINT('',(0.0305,-0.018,0.0185));
#7476=CARTESIAN_POINT('',(0.0175,-0.02325,0.0185));
#7477=CARTESIAN_POINT('',(0.019,-0.02325,0.0185));
#7478=CARTESIAN_POINT('',(0.016,-0.02325,0.0185));
#7479=CARTESIAN_POINT('',(0.019,-0.02425,0.0185));
#7480=CARTESIAN_POINT('',(0.019,-0.02525,0.0185));
#7481=CARTESIAN_POINT('',(0.0175,-0.02525,0.0185));
#7482=CARTESIAN_POINT('',(0.016,-0.02525,0.0185));
#7483=CARTESIAN_POINT('',(0.016,-0.02425,0.0185));
#7484=CARTESIAN_POINT('',(0.02425,-0.02425,0.));
#7485=CARTESIAN_POINT('',(0.031125,-0.031125,0.));
#7486=CARTESIAN_POINT('',(0.031125,-0.029175,0.));
#7487=CARTESIAN_POINT('',(0.031125,-0.017375,0.));
#7488=CARTESIAN_POINT('',(0.031125,-0.015425,0.));
#7489=CARTESIAN_POINT('',(0.017375,-0.017375,0.));
#7490=CARTESIAN_POINT('',(0.017375,-0.015425,0.));
#7491=CARTESIAN_POINT('',(0.017375,-0.031125,0.));
#7492=CARTESIAN_POINT('',(0.017375,-0.029175,0.));
#7493=CARTESIAN_POINT('',(0.0175,-0.02325,0.0175));
#7494=CARTESIAN_POINT('',(0.016,-0.02325,0.0175));
#7495=CARTESIAN_POINT('',(0.016,-0.02325,0.0175));
#7496=CARTESIAN_POINT('',(0.0175,-0.02325,0.0175));
#7497=CARTESIAN_POINT('',(0.019,-0.02325,0.0175));
#7498=CARTESIAN_POINT('',(0.019,-0.02325,0.0175));
#7499=CARTESIAN_POINT('',(0.016,-0.02425,0.0175));
#7500=CARTESIAN_POINT('',(0.016,-0.02525,0.0175));
#7501=CARTESIAN_POINT('',(0.016,-0.02525,0.0175));
#7502=CARTESIAN_POINT('',(0.016,-0.02425,0.0175));
#7503=CARTESIAN_POINT('',(0.0175,-0.02525,0.0175));
#7504=CARTESIAN_POINT('',(0.019,-0.02525,0.0175));
#7505=CARTESIAN_POINT('',(0.019,-0.02525,0.0175));
#7506=CARTESIAN_POINT('',(0.0175,-0.02525,0.0175));
#7507=CARTESIAN_POINT('',(0.019,-0.02425,0.0175));
#7508=CARTESIAN_POINT('',(0.019,-0.02425,0.0175));
#7509=CARTESIAN_POINT('',(0.02425,-0.02425,0.0175));
#7510=CARTESIAN_POINT('',(0.0305,-0.0305,0.0185));
#7511=CARTESIAN_POINT('',(0.0305,-0.0355,0.017));
#7512=CARTESIAN_POINT('',(0.03325,-0.0305,0.0185));
#7513=CARTESIAN_POINT('',(0.0355,-0.02425,0.017));
#7514=CARTESIAN_POINT('',(0.03325,-0.018,0.0185));
#7515=CARTESIAN_POINT('',(0.02425,-0.0355,0.017));
#7516=CARTESIAN_POINT('',(0.018,-0.0355,0.017));
#7517=CARTESIAN_POINT('',(0.0305,-0.018,0.0185));
#7518=CARTESIAN_POINT('',(0.0305,-0.01525,0.0185));
#7519=CARTESIAN_POINT('',(0.018,-0.0305,0.0185));
#7520=CARTESIAN_POINT('',(0.013,-0.0305,0.017));
#7521=CARTESIAN_POINT('',(0.02425,-0.01525,0.0185));
#7522=CARTESIAN_POINT('',(0.018,-0.01525,0.0185));
#7523=CARTESIAN_POINT('',(0.01525,-0.02425,0.0185));
#7524=CARTESIAN_POINT('',(0.013,-0.018,0.017));
#7525=CARTESIAN_POINT('',(0.018,-0.018,0.0185));
#7526=CARTESIAN_POINT('',(0.017375,-0.031125,0.001));
#7527=CARTESIAN_POINT('',(0.017375,-0.031125,0.001));
#7528=CARTESIAN_POINT('',(0.017375,-0.029175,0.001));
#7529=CARTESIAN_POINT('',(0.02425,-0.02425,0.001));
#7530=CARTESIAN_POINT('',(0.017375,-0.017375,0.001));
#7531=CARTESIAN_POINT('',(0.017375,-0.017375,0.001));
#7532=CARTESIAN_POINT('',(0.017375,-0.015425,0.001));
#7533=CARTESIAN_POINT('',(0.02425,-0.02425,0.001));
#7534=CARTESIAN_POINT('',(0.031125,-0.017375,0.001));
#7535=CARTESIAN_POINT('',(0.031125,-0.017375,0.001));
#7536=CARTESIAN_POINT('',(0.031125,-0.015425,0.001));
#7537=CARTESIAN_POINT('',(0.02425,-0.02425,0.001));
#7538=CARTESIAN_POINT('',(0.031125,-0.031125,0.001));
#7539=CARTESIAN_POINT('',(0.031125,-0.031125,0.001));
#7540=CARTESIAN_POINT('',(0.031125,-0.029175,0.001));
#7541=CARTESIAN_POINT('',(0.02425,-0.02425,0.001));
#7542=CARTESIAN_POINT('',(0.,0.,0.));
#7543=CARTESIAN_POINT('',(-0.006875,-0.006875,0.0006));
#7544=CARTESIAN_POINT('',(-0.006875,-0.006875,0.0006));
#7545=CARTESIAN_POINT('',(-0.008025,-0.006875,0.0006));
#7546=CARTESIAN_POINT('',(-0.006875,-0.006875,-0.0018));
#7547=CARTESIAN_POINT('',(-0.008025,-0.006875,-0.0018));
#7548=CARTESIAN_POINT('',(-0.005725,-0.006875,-0.0018));
#7549=CARTESIAN_POINT('',(-0.006875,-0.006875,-0.0018));
#7550=CARTESIAN_POINT('',(0.006875,0.006875,0.0006));
#7551=CARTESIAN_POINT('',(0.006875,0.006875,0.0006));
#7552=CARTESIAN_POINT('',(0.005725,0.006875,0.0006));
#7553=CARTESIAN_POINT('',(0.006875,0.006875,-0.0018));
#7554=CARTESIAN_POINT('',(0.005725,0.006875,-0.0018));
#7555=CARTESIAN_POINT('',(0.008025,0.006875,-0.0018));
#7556=CARTESIAN_POINT('',(0.006875,0.006875,-0.0018));
#7557=CARTESIAN_POINT('',(0.006875,-0.006875,0.0006));
#7558=CARTESIAN_POINT('',(0.006875,-0.006875,0.0006));
#7559=CARTESIAN_POINT('',(0.005725,-0.006875,0.0006));
#7560=CARTESIAN_POINT('',(0.006875,-0.006875,-0.0018));
#7561=CARTESIAN_POINT('',(0.006875,-0.008025,-0.0018));
#7562=CARTESIAN_POINT('',(0.006875,-0.005725,-0.0018));
#7563=CARTESIAN_POINT('',(0.006875,-0.006875,-0.0018));
#7564=CARTESIAN_POINT('',(-0.006875,0.006875,0.0006));
#7565=CARTESIAN_POINT('',(-0.006875,0.006875,0.0006));
#7566=CARTESIAN_POINT('',(-0.008025,0.006875,0.0006));
#7567=CARTESIAN_POINT('',(-0.006875,0.006875,-0.0018));
#7568=CARTESIAN_POINT('',(-0.006875,0.005725,-0.0018));
#7569=CARTESIAN_POINT('',(-0.006875,0.008025,-0.0018));
#7570=CARTESIAN_POINT('',(-0.006875,0.006875,-0.0018));
#7571=CARTESIAN_POINT('',(0.,-0.02425,-0.002));
#7572=CARTESIAN_POINT('',(-0.006875,-0.006875,-0.002));
#7573=CARTESIAN_POINT('',(-0.008025,-0.00880890796058137,-0.002));
#7574=CARTESIAN_POINT('',(-0.008025,-0.00494109203941862,-0.002));
#7575=CARTESIAN_POINT('',(-0.008025,-0.006875,-0.002));
#7576=CARTESIAN_POINT('',(0.,-0.02425,-0.002));
#7577=CARTESIAN_POINT('',(-0.006875,0.006875,-0.002));
#7578=CARTESIAN_POINT('',(-0.00880890796058137,0.008025,-0.002));
#7579=CARTESIAN_POINT('',(-0.00494109203941862,0.008025,-0.002));
#7580=CARTESIAN_POINT('',(-0.006875,0.008025,-0.002));
#7581=CARTESIAN_POINT('',(0.,-0.02425,-0.002));
#7582=CARTESIAN_POINT('',(0.006875,0.006875,-0.002));
#7583=CARTESIAN_POINT('',(0.008025,0.00880890796058137,-0.002));
#7584=CARTESIAN_POINT('',(0.008025,0.00494109203941863,-0.002));
#7585=CARTESIAN_POINT('',(0.008025,0.006875,-0.002));
#7586=CARTESIAN_POINT('',(0.,-0.02425,-0.002));
#7587=CARTESIAN_POINT('',(0.006875,-0.006875,-0.002));
#7588=CARTESIAN_POINT('',(0.00880890796058137,-0.008025,-0.002));
#7589=CARTESIAN_POINT('',(0.00494109203941863,-0.008025,-0.002));
#7590=CARTESIAN_POINT('',(0.006875,-0.008025,-0.002));
#7591=CARTESIAN_POINT('',(0.017375,-0.017375,0.0006));
#7592=CARTESIAN_POINT('',(0.017375,-0.017375,-0.0018));
#7593=CARTESIAN_POINT('',(0.017375,-0.016225,-0.0018));
#7594=CARTESIAN_POINT('',(0.017375,-0.018525,-0.0018));
#7595=CARTESIAN_POINT('',(0.017375,-0.017375,-0.0018));
#7596=CARTESIAN_POINT('',(0.017375,-0.017375,0.0006));
#7597=CARTESIAN_POINT('',(0.017375,-0.016225,0.0006));
#7598=CARTESIAN_POINT('',(0.017375,-0.017375,0.0006));
#7599=CARTESIAN_POINT('',(0.017375,-0.017375,0.0006));
#7600=CARTESIAN_POINT('',(0.017375,-0.015575,0.0006));
#7601=CARTESIAN_POINT('',(0.017375,-0.017375,0.));
#7602=CARTESIAN_POINT('',(0.017375,-0.015575,0.));
#7603=CARTESIAN_POINT('',(0.02425,-0.02425,0.0006));
#7604=CARTESIAN_POINT('',(0.031125,-0.031125,0.0006));
#7605=CARTESIAN_POINT('',(0.031125,-0.031125,-0.0018));
#7606=CARTESIAN_POINT('',(0.031125,-0.029975,-0.0018));
#7607=CARTESIAN_POINT('',(0.031125,-0.032275,-0.0018));
#7608=CARTESIAN_POINT('',(0.031125,-0.031125,-0.0018));
#7609=CARTESIAN_POINT('',(0.031125,-0.031125,0.0006));
#7610=CARTESIAN_POINT('',(0.031125,-0.029975,0.0006));
#7611=CARTESIAN_POINT('',(0.031125,-0.031125,0.0006));
#7612=CARTESIAN_POINT('',(0.031125,-0.031125,0.0006));
#7613=CARTESIAN_POINT('',(0.031125,-0.029325,0.0006));
#7614=CARTESIAN_POINT('',(0.031125,-0.031125,0.));
#7615=CARTESIAN_POINT('',(0.031125,-0.029325,0.));
#7616=CARTESIAN_POINT('',(0.02425,-0.02425,0.0006));
#7617=CARTESIAN_POINT('',(0.02425,-0.0355,-0.002));
#7618=CARTESIAN_POINT('',(0.02425,-0.0355,0.));
#7619=CARTESIAN_POINT('',(0.01625,-0.0355,0.));
#7620=CARTESIAN_POINT('',(0.0305,-0.0355,0.));
#7621=CARTESIAN_POINT('',(0.01625,-0.0355,-0.002));
#7622=CARTESIAN_POINT('',(0.01625,-0.0355,-0.004));
#7623=CARTESIAN_POINT('',(0.02425,-0.0355,-0.004));
#7624=CARTESIAN_POINT('',(0.0305,-0.0355,-0.004));
#7625=CARTESIAN_POINT('',(0.0305,-0.0355,-0.002));
#7626=CARTESIAN_POINT('',(0.02425,-0.013,-0.002));
#7627=CARTESIAN_POINT('',(0.02425,-0.013,0.));
#7628=CARTESIAN_POINT('',(0.01625,-0.013,0.));
#7629=CARTESIAN_POINT('',(0.0305,-0.013,0.));
#7630=CARTESIAN_POINT('',(0.0305,-0.013,-0.004));
#7631=CARTESIAN_POINT('',(0.0305,-0.013,-0.004));
#7632=CARTESIAN_POINT('',(0.02425,-0.013,-0.004));
#7633=CARTESIAN_POINT('',(0.01625,-0.013,-0.004));
#7634=CARTESIAN_POINT('',(0.01625,-0.013,-0.002));
#7635=CARTESIAN_POINT('',(0.0355,-0.02425,-0.002));
#7636=CARTESIAN_POINT('',(0.0355,-0.02425,0.));
#7637=CARTESIAN_POINT('',(0.0355,-0.0305,0.));
#7638=CARTESIAN_POINT('',(0.0355,-0.018,0.));
#7639=CARTESIAN_POINT('',(0.0355,-0.0305,-0.002));
#7640=CARTESIAN_POINT('',(0.0355,-0.0305,-0.004));
#7641=CARTESIAN_POINT('',(0.0355,-0.02425,-0.004));
#7642=CARTESIAN_POINT('',(0.0355,-0.018,-0.004));
#7643=CARTESIAN_POINT('',(0.0355,-0.018,0.));
#7644=CARTESIAN_POINT('',(0.02425,-0.02425,0.));
#7645=CARTESIAN_POINT('',(0.031125,-0.017375,0.));
#7646=CARTESIAN_POINT('',(0.031125,-0.015575,0.));
#7647=CARTESIAN_POINT('',(0.017375,-0.031125,0.));
#7648=CARTESIAN_POINT('',(0.017375,-0.029325,0.));
#7649=CARTESIAN_POINT('',(4.34749613697311E-18,-0.05975,0.));
#7650=CARTESIAN_POINT('',(-0.00625,-0.05975,0.));
#7651=CARTESIAN_POINT('',(0.00625,-0.05975,0.));
#7652=CARTESIAN_POINT('',(0.00625,-0.05475,0.));
#7653=CARTESIAN_POINT('',(0.01125,-0.05475,0.));
#7654=CARTESIAN_POINT('',(0.01125,-0.0485,0.));
#7655=CARTESIAN_POINT('',(0.01125,-0.0405,0.));
#7656=CARTESIAN_POINT('',(0.01625,-0.0405,0.));
#7657=CARTESIAN_POINT('',(0.0305,-0.0305,0.));
#7658=CARTESIAN_POINT('',(0.0305,-0.018,0.));
#7659=CARTESIAN_POINT('',(0.01625,-0.008,0.));
#7660=CARTESIAN_POINT('',(0.01125,-0.008,0.));
#7661=CARTESIAN_POINT('',(0.01125,0.,0.));
#7662=CARTESIAN_POINT('',(0.01125,0.00625,0.));
#7663=CARTESIAN_POINT('',(0.00625,0.00625,0.));
#7664=CARTESIAN_POINT('',(0.00625,0.01125,0.));
#7665=CARTESIAN_POINT('',(0.,0.01125,0.));
#7666=CARTESIAN_POINT('',(-0.00625,0.01125,0.));
#7667=CARTESIAN_POINT('',(-0.00625,0.00625,0.));
#7668=CARTESIAN_POINT('',(-0.01125,0.00625,0.));
#7669=CARTESIAN_POINT('',(-0.01125,0.,0.));
#7670=CARTESIAN_POINT('',(-0.01125,-0.008,0.));
#7671=CARTESIAN_POINT('',(-0.01625,-0.008,0.));
#7672=CARTESIAN_POINT('',(-0.01625,-0.013,0.));
#7673=CARTESIAN_POINT('',(-0.02425,-0.013,0.));
#7674=CARTESIAN_POINT('',(-0.0305,-0.013,0.));
#7675=CARTESIAN_POINT('',(-0.0305,-0.018,0.));
#7676=CARTESIAN_POINT('',(-0.0355,-0.018,0.));
#7677=CARTESIAN_POINT('',(-0.0355,-0.02425,0.));
#7678=CARTESIAN_POINT('',(-0.0355,-0.0305,0.));
#7679=CARTESIAN_POINT('',(-0.0305,-0.0305,0.));
#7680=CARTESIAN_POINT('',(-0.0305,-0.0355,0.));
#7681=CARTESIAN_POINT('',(-0.02425,-0.0355,0.));
#7682=CARTESIAN_POINT('',(-0.01625,-0.0355,0.));
#7683=CARTESIAN_POINT('',(-0.01625,-0.0405,0.));
#7684=CARTESIAN_POINT('',(-0.01125,-0.0405,0.));
#7685=CARTESIAN_POINT('',(-0.01125,-0.0485,0.));
#7686=CARTESIAN_POINT('',(-0.01125,-0.05475,0.));
#7687=CARTESIAN_POINT('',(-0.00625,-0.05475,0.));
#7688=CARTESIAN_POINT('',(-0.006875,-0.006875,0.));
#7689=CARTESIAN_POINT('',(-0.008675,-0.006875,0.));
#7690=CARTESIAN_POINT('',(-0.006875,0.006875,0.));
#7691=CARTESIAN_POINT('',(-0.008675,0.006875,0.));
#7692=CARTESIAN_POINT('',(0.006875,0.006875,0.));
#7693=CARTESIAN_POINT('',(0.005075,0.006875,0.));
#7694=CARTESIAN_POINT('',(0.006875,-0.006875,0.));
#7695=CARTESIAN_POINT('',(0.005075,-0.006875,0.));
#7696=CARTESIAN_POINT('',(-0.017375,-0.031125,0.));
#7697=CARTESIAN_POINT('',(-0.017375,-0.032925,0.));
#7698=CARTESIAN_POINT('',(-0.031125,-0.031125,0.));
#7699=CARTESIAN_POINT('',(-0.031125,-0.032925,0.));
#7700=CARTESIAN_POINT('',(-0.031125,-0.017375,0.));
#7701=CARTESIAN_POINT('',(-0.031125,-0.019175,0.));
#7702=CARTESIAN_POINT('',(-0.017375,-0.017375,0.));
#7703=CARTESIAN_POINT('',(-0.017375,-0.019175,0.));
#7704=CARTESIAN_POINT('',(0.006875,-0.041625,0.));
#7705=CARTESIAN_POINT('',(0.008675,-0.041625,0.));
#7706=CARTESIAN_POINT('',(0.006875,-0.055375,0.));
#7707=CARTESIAN_POINT('',(0.008675,-0.055375,0.));
#7708=CARTESIAN_POINT('',(-0.006875,-0.055375,0.));
#7709=CARTESIAN_POINT('',(-0.005075,-0.055375,0.));
#7710=CARTESIAN_POINT('',(-0.006875,-0.041625,0.));
#7711=CARTESIAN_POINT('',(-0.005075,-0.041625,0.));
#7712=CARTESIAN_POINT('',(0.00635,-0.0306,0.));
#7713=CARTESIAN_POINT('',(0.003975,-0.0306,0.));
#7714=CARTESIAN_POINT('',(-0.00635,-0.0179,0.));
#7715=CARTESIAN_POINT('',(-0.008725,-0.0179,0.));
#7716=CARTESIAN_POINT('',(-0.00635,-0.0306,0.));
#7717=CARTESIAN_POINT('',(-0.008725,-0.0306,0.));
#7718=CARTESIAN_POINT('',(0.00635,-0.0179,0.));
#7719=CARTESIAN_POINT('',(0.003975,-0.0179,0.));
#7720=CARTESIAN_POINT('',(0.02425,-0.02425,0.0006));
#7721=CARTESIAN_POINT('',(0.017375,-0.031125,0.0006));
#7722=CARTESIAN_POINT('',(0.017375,-0.029975,0.0006));
#7723=CARTESIAN_POINT('',(0.017375,-0.031125,0.0006));
#7724=CARTESIAN_POINT('',(0.017375,-0.029325,0.0006));
#7725=CARTESIAN_POINT('',(0.017375,-0.031125,0.0006));
#7726=CARTESIAN_POINT('',(0.017375,-0.031125,0.0006));
#7727=CARTESIAN_POINT('',(0.017375,-0.031125,-0.0018));
#7728=CARTESIAN_POINT('',(0.016225,-0.031125,-0.0018));
#7729=CARTESIAN_POINT('',(0.018525,-0.031125,-0.0018));
#7730=CARTESIAN_POINT('',(0.017375,-0.031125,-0.0018));
#7731=CARTESIAN_POINT('',(0.02425,-0.02425,0.0006));
#7732=CARTESIAN_POINT('',(0.031125,-0.017375,0.0006));
#7733=CARTESIAN_POINT('',(0.031125,-0.016225,0.0006));
#7734=CARTESIAN_POINT('',(0.031125,-0.017375,0.0006));
#7735=CARTESIAN_POINT('',(0.031125,-0.015575,0.0006));
#7736=CARTESIAN_POINT('',(0.031125,-0.017375,0.0006));
#7737=CARTESIAN_POINT('',(0.031125,-0.017375,0.0006));
#7738=CARTESIAN_POINT('',(0.031125,-0.017375,-0.0018));
#7739=CARTESIAN_POINT('',(0.029975,-0.017375,-0.0018));
#7740=CARTESIAN_POINT('',(0.032275,-0.017375,-0.0018));
#7741=CARTESIAN_POINT('',(0.031125,-0.017375,-0.0018));
#7742=CARTESIAN_POINT('',(-0.006875,-0.006875,0.0006));
#7743=CARTESIAN_POINT('',(-0.006875,-0.006875,0.0006));
#7744=CARTESIAN_POINT('',(-0.008675,-0.006875,0.0006));
#7745=CARTESIAN_POINT('',(0.,0.,0.0006));
#7746=CARTESIAN_POINT('',(0.006875,0.006875,0.0006));
#7747=CARTESIAN_POINT('',(0.006875,0.006875,0.0006));
#7748=CARTESIAN_POINT('',(0.005075,0.006875,0.0006));
#7749=CARTESIAN_POINT('',(0.,0.,0.0006));
#7750=CARTESIAN_POINT('',(0.01125,0.,-0.002));
#7751=CARTESIAN_POINT('',(0.01125,-0.008,-0.002));
#7752=CARTESIAN_POINT('',(0.01125,-0.008,-0.004));
#7753=CARTESIAN_POINT('',(0.01125,0.,-0.004));
#7754=CARTESIAN_POINT('',(0.01125,0.00625,-0.004));
#7755=CARTESIAN_POINT('',(0.01125,0.00625,-0.002));
#7756=CARTESIAN_POINT('',(-0.01125,0.,-0.002));
#7757=CARTESIAN_POINT('',(-0.01125,0.00625,-0.004));
#7758=CARTESIAN_POINT('',(-0.01125,0.00625,-0.004));
#7759=CARTESIAN_POINT('',(-0.01125,0.,-0.004));
#7760=CARTESIAN_POINT('',(-0.01125,-0.008,-0.004));
#7761=CARTESIAN_POINT('',(-0.01125,-0.008,-0.002));
#7762=CARTESIAN_POINT('',(0.,0.01125,-0.002));
#7763=CARTESIAN_POINT('',(0.00625,0.01125,-0.002));
#7764=CARTESIAN_POINT('',(0.00625,0.01125,-0.004));
#7765=CARTESIAN_POINT('',(0.,0.01125,-0.004));
#7766=CARTESIAN_POINT('',(-0.00625,0.01125,-0.004));
#7767=CARTESIAN_POINT('',(-0.00625,0.01125,0.));
#7768=CARTESIAN_POINT('',(0.,0.,0.0006));
#7769=CARTESIAN_POINT('',(0.006875,-0.006875,0.0006));
#7770=CARTESIAN_POINT('',(0.005075,-0.006875,0.0006));
#7771=CARTESIAN_POINT('',(0.006875,-0.006875,0.0006));
#7772=CARTESIAN_POINT('',(0.,0.,0.0006));
#7773=CARTESIAN_POINT('',(-0.006875,0.006875,0.0006));
#7774=CARTESIAN_POINT('',(-0.008675,0.006875,0.0006));
#7775=CARTESIAN_POINT('',(-0.006875,0.006875,0.0006));
#7776=CARTESIAN_POINT('',(-0.017375,-0.031125,0.0006));
#7777=CARTESIAN_POINT('',(-0.017375,-0.031125,-0.0018));
#7778=CARTESIAN_POINT('',(-0.017375,-0.032275,-0.0018));
#7779=CARTESIAN_POINT('',(-0.017375,-0.029975,-0.0018));
#7780=CARTESIAN_POINT('',(-0.017375,-0.031125,-0.0018));
#7781=CARTESIAN_POINT('',(-0.017375,-0.031125,0.0006));
#7782=CARTESIAN_POINT('',(-0.017375,-0.032275,0.0006));
#7783=CARTESIAN_POINT('',(-0.017375,-0.031125,0.0006));
#7784=CARTESIAN_POINT('',(-0.017375,-0.031125,0.0006));
#7785=CARTESIAN_POINT('',(-0.017375,-0.032925,0.0006));
#7786=CARTESIAN_POINT('',(-0.02425,-0.02425,0.0006));
#7787=CARTESIAN_POINT('',(-0.031125,-0.017375,0.0006));
#7788=CARTESIAN_POINT('',(-0.031125,-0.017375,-0.0018));
#7789=CARTESIAN_POINT('',(-0.031125,-0.016225,-0.0018));
#7790=CARTESIAN_POINT('',(-0.031125,-0.018525,-0.0018));
#7791=CARTESIAN_POINT('',(-0.031125,-0.017375,-0.0018));
#7792=CARTESIAN_POINT('',(-0.031125,-0.017375,0.0006));
#7793=CARTESIAN_POINT('',(-0.031125,-0.018525,0.0006));
#7794=CARTESIAN_POINT('',(-0.031125,-0.017375,0.0006));
#7795=CARTESIAN_POINT('',(-0.031125,-0.017375,0.0006));
#7796=CARTESIAN_POINT('',(-0.031125,-0.019175,0.0006));
#7797=CARTESIAN_POINT('',(-0.02425,-0.02425,0.0006));
#7798=CARTESIAN_POINT('',(-0.02425,-0.013,-0.002));
#7799=CARTESIAN_POINT('',(-0.01625,-0.013,-0.002));
#7800=CARTESIAN_POINT('',(-0.01625,-0.013,-0.004));
#7801=CARTESIAN_POINT('',(-0.02425,-0.013,-0.004));
#7802=CARTESIAN_POINT('',(-0.0305,-0.013,-0.004));
#7803=CARTESIAN_POINT('',(-0.0305,-0.013,-0.002));
#7804=CARTESIAN_POINT('',(-0.02425,-0.0355,-0.002));
#7805=CARTESIAN_POINT('',(-0.0305,-0.0355,-0.004));
#7806=CARTESIAN_POINT('',(-0.0305,-0.0355,-0.004));
#7807=CARTESIAN_POINT('',(-0.02425,-0.0355,-0.004));
#7808=CARTESIAN_POINT('',(-0.01625,-0.0355,-0.004));
#7809=CARTESIAN_POINT('',(-0.01625,-0.0355,-0.002));
#7810=CARTESIAN_POINT('',(-0.0355,-0.02425,-0.002));
#7811=CARTESIAN_POINT('',(-0.0355,-0.018,-0.002));
#7812=CARTESIAN_POINT('',(-0.0355,-0.018,-0.004));
#7813=CARTESIAN_POINT('',(-0.0355,-0.02425,-0.004));
#7814=CARTESIAN_POINT('',(-0.0355,-0.0305,-0.004));
#7815=CARTESIAN_POINT('',(-0.0355,-0.0305,0.));
#7816=CARTESIAN_POINT('',(-0.02425,-0.02425,0.0006));
#7817=CARTESIAN_POINT('',(-0.017375,-0.017375,0.0006));
#7818=CARTESIAN_POINT('',(-0.017375,-0.018525,0.0006));
#7819=CARTESIAN_POINT('',(-0.017375,-0.017375,0.0006));
#7820=CARTESIAN_POINT('',(-0.017375,-0.019175,0.0006));
#7821=CARTESIAN_POINT('',(-0.017375,-0.017375,0.0006));
#7822=CARTESIAN_POINT('',(-0.017375,-0.017375,0.0006));
#7823=CARTESIAN_POINT('',(-0.017375,-0.017375,-0.0018));
#7824=CARTESIAN_POINT('',(-0.018525,-0.017375,-0.0018));
#7825=CARTESIAN_POINT('',(-0.016225,-0.017375,-0.0018));
#7826=CARTESIAN_POINT('',(-0.017375,-0.017375,-0.0018));
#7827=CARTESIAN_POINT('',(-0.02425,-0.02425,0.0006));
#7828=CARTESIAN_POINT('',(-0.031125,-0.031125,0.0006));
#7829=CARTESIAN_POINT('',(-0.031125,-0.032275,0.0006));
#7830=CARTESIAN_POINT('',(-0.031125,-0.031125,0.0006));
#7831=CARTESIAN_POINT('',(-0.031125,-0.032925,0.0006));
#7832=CARTESIAN_POINT('',(-0.031125,-0.031125,0.0006));
#7833=CARTESIAN_POINT('',(-0.031125,-0.031125,0.0006));
#7834=CARTESIAN_POINT('',(-0.031125,-0.031125,-0.0018));
#7835=CARTESIAN_POINT('',(-0.032275,-0.031125,-0.0018));
#7836=CARTESIAN_POINT('',(-0.029975,-0.031125,-0.0018));
#7837=CARTESIAN_POINT('',(-0.031125,-0.031125,-0.0018));
#7838=CARTESIAN_POINT('',(0.006875,-0.041625,0.0006));
#7839=CARTESIAN_POINT('',(0.006875,-0.041625,-0.0018));
#7840=CARTESIAN_POINT('',(0.005725,-0.041625,-0.0018));
#7841=CARTESIAN_POINT('',(0.008025,-0.041625,-0.0018));
#7842=CARTESIAN_POINT('',(0.006875,-0.041625,-0.0018));
#7843=CARTESIAN_POINT('',(0.006875,-0.041625,0.0006));
#7844=CARTESIAN_POINT('',(0.008025,-0.041625,0.0006));
#7845=CARTESIAN_POINT('',(0.006875,-0.041625,0.0006));
#7846=CARTESIAN_POINT('',(0.006875,-0.041625,0.0006));
#7847=CARTESIAN_POINT('',(0.008675,-0.041625,0.0006));
#7848=CARTESIAN_POINT('',(2.96976848793233E-18,-0.0485,0.0006));
#7849=CARTESIAN_POINT('',(-0.006875,-0.055375,0.0006));
#7850=CARTESIAN_POINT('',(-0.006875,-0.055375,-0.0018));
#7851=CARTESIAN_POINT('',(-0.005725,-0.055375,-0.0018));
#7852=CARTESIAN_POINT('',(-0.008025,-0.055375,-0.0018));
#7853=CARTESIAN_POINT('',(-0.006875,-0.055375,-0.0018));
#7854=CARTESIAN_POINT('',(-0.006875,-0.055375,0.0006));
#7855=CARTESIAN_POINT('',(-0.005725,-0.055375,0.0006));
#7856=CARTESIAN_POINT('',(-0.006875,-0.055375,0.0006));
#7857=CARTESIAN_POINT('',(-0.006875,-0.055375,0.0006));
#7858=CARTESIAN_POINT('',(-0.005075,-0.055375,0.0006));
#7859=CARTESIAN_POINT('',(2.96976848793233E-18,-0.0485,0.0006));
#7860=CARTESIAN_POINT('',(-0.01125,-0.0485,-0.002));
#7861=CARTESIAN_POINT('',(-0.01125,-0.0485,-0.004));
#7862=CARTESIAN_POINT('',(-0.01125,-0.0405,-0.004));
#7863=CARTESIAN_POINT('',(-0.01125,-0.05475,-0.004));
#7864=CARTESIAN_POINT('',(-0.01125,-0.05475,-0.002));
#7865=CARTESIAN_POINT('',(-0.01125,-0.0405,-0.002));
#7866=CARTESIAN_POINT('',(0.01125,-0.0485,-0.002));
#7867=CARTESIAN_POINT('',(0.01125,-0.05475,-0.004));
#7868=CARTESIAN_POINT('',(0.01125,-0.05475,-0.004));
#7869=CARTESIAN_POINT('',(0.01125,-0.0485,-0.004));
#7870=CARTESIAN_POINT('',(0.01125,-0.0405,-0.004));
#7871=CARTESIAN_POINT('',(0.01125,-0.0405,-0.002));
#7872=CARTESIAN_POINT('',(4.34749613697311E-18,-0.05975,-0.002));
#7873=CARTESIAN_POINT('',(4.34749613697311E-18,-0.05975,-0.004));
#7874=CARTESIAN_POINT('',(-0.00625,-0.05975,-0.004));
#7875=CARTESIAN_POINT('',(0.00625,-0.05975,-0.004));
#7876=CARTESIAN_POINT('',(0.00625,-0.05975,0.));
#7877=CARTESIAN_POINT('',(-0.00625,-0.05975,-0.002));
#7878=CARTESIAN_POINT('',(2.96976848793233E-18,-0.0485,0.0006));
#7879=CARTESIAN_POINT('',(-0.006875,-0.041625,0.0006));
#7880=CARTESIAN_POINT('',(-0.005725,-0.041625,0.0006));
#7881=CARTESIAN_POINT('',(-0.006875,-0.041625,0.0006));
#7882=CARTESIAN_POINT('',(-0.005075,-0.041625,0.0006));
#7883=CARTESIAN_POINT('',(-0.006875,-0.041625,0.0006));
#7884=CARTESIAN_POINT('',(-0.006875,-0.041625,0.0006));
#7885=CARTESIAN_POINT('',(-0.006875,-0.041625,-0.0018));
#7886=CARTESIAN_POINT('',(-0.006875,-0.040475,-0.0018));
#7887=CARTESIAN_POINT('',(-0.006875,-0.042775,-0.0018));
#7888=CARTESIAN_POINT('',(-0.006875,-0.041625,-0.0018));
#7889=CARTESIAN_POINT('',(2.96976848793233E-18,-0.0485,0.0006));
#7890=CARTESIAN_POINT('',(0.006875,-0.055375,0.0006));
#7891=CARTESIAN_POINT('',(0.008025,-0.055375,0.0006));
#7892=CARTESIAN_POINT('',(0.006875,-0.055375,0.0006));
#7893=CARTESIAN_POINT('',(0.008675,-0.055375,0.0006));
#7894=CARTESIAN_POINT('',(0.006875,-0.055375,0.0006));
#7895=CARTESIAN_POINT('',(0.006875,-0.055375,0.0006));
#7896=CARTESIAN_POINT('',(0.006875,-0.055375,-0.0018));
#7897=CARTESIAN_POINT('',(0.006875,-0.054225,-0.0018));
#7898=CARTESIAN_POINT('',(0.006875,-0.056525,-0.0018));
#7899=CARTESIAN_POINT('',(0.006875,-0.055375,-0.0018));
#7900=CARTESIAN_POINT('',(0.00635,-0.0179,1.99999999999983E-6));
#7901=CARTESIAN_POINT('',(0.00635,-0.0179,-0.004));
#7902=CARTESIAN_POINT('',(0.003975,-0.0179,-0.004));
#7903=CARTESIAN_POINT('',(0.00635,-0.0306,1.99999999999983E-6));
#7904=CARTESIAN_POINT('',(0.00635,-0.0306,-0.004));
#7905=CARTESIAN_POINT('',(0.003975,-0.0306,-0.004));
#7906=CARTESIAN_POINT('',(-0.00635,-0.0306,1.99999999999983E-6));
#7907=CARTESIAN_POINT('',(-0.00635,-0.0306,-0.004));
#7908=CARTESIAN_POINT('',(-0.008725,-0.0306,-0.004));
#7909=CARTESIAN_POINT('',(-0.00635,-0.0179,1.99999999999983E-6));
#7910=CARTESIAN_POINT('',(-0.00635,-0.0179,-0.004));
#7911=CARTESIAN_POINT('',(-0.008725,-0.0179,-0.004));
#7912=CARTESIAN_POINT('',(0.02425,-0.02425,-0.004));
#7913=CARTESIAN_POINT('',(0.017375,-0.017375,-0.004));
#7914=CARTESIAN_POINT('',(0.015125,-0.017375,-0.004));
#7915=CARTESIAN_POINT('',(0.031125,-0.017375,-0.004));
#7916=CARTESIAN_POINT('',(0.028875,-0.017375,-0.004));
#7917=CARTESIAN_POINT('',(0.031125,-0.031125,-0.004));
#7918=CARTESIAN_POINT('',(0.028875,-0.031125,-0.004));
#7919=CARTESIAN_POINT('',(0.017375,-0.031125,-0.004));
#7920=CARTESIAN_POINT('',(0.015125,-0.031125,-0.004));
#7921=CARTESIAN_POINT('',(0.006875,-0.041625,-0.004));
#7922=CARTESIAN_POINT('',(0.004625,-0.041625,-0.004));
#7923=CARTESIAN_POINT('',(0.006875,-0.055375,-0.004));
#7924=CARTESIAN_POINT('',(0.004625,-0.055375,-0.004));
#7925=CARTESIAN_POINT('',(-0.006875,-0.055375,-0.004));
#7926=CARTESIAN_POINT('',(-0.009125,-0.055375,-0.004));
#7927=CARTESIAN_POINT('',(-0.006875,-0.041625,-0.004));
#7928=CARTESIAN_POINT('',(-0.009125,-0.041625,-0.004));
#7929=CARTESIAN_POINT('',(-0.017375,-0.017375,-0.004));
#7930=CARTESIAN_POINT('',(-0.019625,-0.017375,-0.004));
#7931=CARTESIAN_POINT('',(-0.031125,-0.017375,-0.004));
#7932=CARTESIAN_POINT('',(-0.033375,-0.017375,-0.004));
#7933=CARTESIAN_POINT('',(-0.031125,-0.031125,-0.004));
#7934=CARTESIAN_POINT('',(-0.033375,-0.031125,-0.004));
#7935=CARTESIAN_POINT('',(-0.017375,-0.031125,-0.004));
#7936=CARTESIAN_POINT('',(-0.019625,-0.031125,-0.004));
#7937=CARTESIAN_POINT('',(0.006875,-0.006875,-0.004));
#7938=CARTESIAN_POINT('',(0.004625,-0.006875,-0.004));
#7939=CARTESIAN_POINT('',(0.006875,0.006875,-0.004));
#7940=CARTESIAN_POINT('',(0.004625,0.006875,-0.004));
#7941=CARTESIAN_POINT('',(-0.006875,0.006875,-0.004));
#7942=CARTESIAN_POINT('',(-0.009125,0.006875,-0.004));
#7943=CARTESIAN_POINT('',(-0.006875,-0.006875,-0.004));
#7944=CARTESIAN_POINT('',(-0.009125,-0.006875,-0.004));
#7945=CARTESIAN_POINT('',(0.00625,-0.05475,-0.004));
#7946=CARTESIAN_POINT('',(-0.00625,-0.05475,-0.004));
#7947=CARTESIAN_POINT('',(-0.01625,-0.0405,-0.004));
#7948=CARTESIAN_POINT('',(-0.0305,-0.0305,-0.004));
#7949=CARTESIAN_POINT('',(-0.0305,-0.018,-0.004));
#7950=CARTESIAN_POINT('',(-0.01625,-0.008,-0.004));
#7951=CARTESIAN_POINT('',(-0.00625,0.00625,-0.004));
#7952=CARTESIAN_POINT('',(0.00625,0.00625,-0.004));
#7953=CARTESIAN_POINT('',(0.01625,-0.008,-0.004));
#7954=CARTESIAN_POINT('',(0.0305,-0.018,-0.004));
#7955=CARTESIAN_POINT('',(0.0305,-0.0305,-0.004));
#7956=CARTESIAN_POINT('',(0.01625,-0.0405,-0.004));
#7957=CARTESIAN_POINT('',(0.,-0.02425,-0.002));
#7958=CARTESIAN_POINT('',(-0.005725,-0.006875,-0.002));
#7959=CARTESIAN_POINT('',(-0.005725,-0.00494109203941863,-0.002));
#7960=CARTESIAN_POINT('',(-0.005725,-0.00880890796058137,-0.002));
#7961=CARTESIAN_POINT('',(-0.006875,-0.006875,-0.002));
#7962=CARTESIAN_POINT('',(-0.006875,-0.006875,-0.002));
#7963=CARTESIAN_POINT('',(-0.005725,-0.00494109203941863,-0.0018));
#7964=CARTESIAN_POINT('',(-0.005725,-0.00494109203941863,-0.0018));
#7965=CARTESIAN_POINT('',(-0.006875,-0.006875,-0.0018));
#7966=CARTESIAN_POINT('',(-0.008025,-0.00494109203941862,-0.0018));
#7967=CARTESIAN_POINT('',(-0.008025,-0.00494109203941862,-0.0018));
#7968=CARTESIAN_POINT('',(-0.008025,-0.00880890796058137,-0.0018));
#7969=CARTESIAN_POINT('',(-0.008025,-0.00880890796058137,-0.0018));
#7970=CARTESIAN_POINT('',(-0.006875,-0.006875,-0.0018));
#7971=CARTESIAN_POINT('',(-0.005725,-0.00880890796058137,-0.0018));
#7972=CARTESIAN_POINT('',(-0.005725,-0.00880890796058137,-0.0018));
#7973=CARTESIAN_POINT('',(0.,-0.02425,-0.002));
#7974=CARTESIAN_POINT('',(-0.006875,0.005725,-0.002));
#7975=CARTESIAN_POINT('',(-0.00494109203941863,0.005725,-0.002));
#7976=CARTESIAN_POINT('',(-0.00880890796058137,0.005725,-0.002));
#7977=CARTESIAN_POINT('',(-0.006875,0.006875,-0.002));
#7978=CARTESIAN_POINT('',(-0.006875,0.006875,-0.002));
#7979=CARTESIAN_POINT('',(-0.00880890796058137,0.008025,-0.0018));
#7980=CARTESIAN_POINT('',(-0.00880890796058137,0.008025,-0.0018));
#7981=CARTESIAN_POINT('',(-0.006875,0.006875,-0.0018));
#7982=CARTESIAN_POINT('',(-0.00880890796058137,0.005725,-0.0018));
#7983=CARTESIAN_POINT('',(-0.00880890796058137,0.005725,-0.0018));
#7984=CARTESIAN_POINT('',(-0.00494109203941863,0.005725,-0.0018));
#7985=CARTESIAN_POINT('',(-0.00494109203941863,0.005725,-0.0018));
#7986=CARTESIAN_POINT('',(-0.006875,0.006875,-0.0018));
#7987=CARTESIAN_POINT('',(-0.00494109203941862,0.008025,-0.0018));
#7988=CARTESIAN_POINT('',(-0.00494109203941862,0.008025,-0.0018));
#7989=CARTESIAN_POINT('',(0.,-0.02425,-0.002));
#7990=CARTESIAN_POINT('',(0.005725,0.006875,-0.002));
#7991=CARTESIAN_POINT('',(0.005725,0.00494109203941863,-0.002));
#7992=CARTESIAN_POINT('',(0.005725,0.00880890796058137,-0.002));
#7993=CARTESIAN_POINT('',(0.006875,0.006875,-0.002));
#7994=CARTESIAN_POINT('',(0.006875,0.006875,-0.002));
#7995=CARTESIAN_POINT('',(0.008025,0.00880890796058137,-0.0018));
#7996=CARTESIAN_POINT('',(0.008025,0.00880890796058137,-0.0018));
#7997=CARTESIAN_POINT('',(0.006875,0.006875,-0.0018));
#7998=CARTESIAN_POINT('',(0.005725,0.00880890796058137,-0.0018));
#7999=CARTESIAN_POINT('',(0.005725,0.00880890796058137,-0.0018));
#8000=CARTESIAN_POINT('',(0.005725,0.00494109203941863,-0.0018));
#8001=CARTESIAN_POINT('',(0.005725,0.00494109203941863,-0.0018));
#8002=CARTESIAN_POINT('',(0.006875,0.006875,-0.0018));
#8003=CARTESIAN_POINT('',(0.008025,0.00494109203941863,-0.0018));
#8004=CARTESIAN_POINT('',(0.008025,0.00494109203941863,-0.0018));
#8005=CARTESIAN_POINT('',(0.,-0.02425,-0.002));
#8006=CARTESIAN_POINT('',(0.006875,-0.005725,-0.002));
#8007=CARTESIAN_POINT('',(0.00494109203941863,-0.005725,-0.002));
#8008=CARTESIAN_POINT('',(0.00880890796058137,-0.005725,-0.002));
#8009=CARTESIAN_POINT('',(0.006875,-0.006875,-0.002));
#8010=CARTESIAN_POINT('',(0.006875,-0.006875,-0.002));
#8011=CARTESIAN_POINT('',(0.00494109203941863,-0.005725,-0.0018));
#8012=CARTESIAN_POINT('',(0.00494109203941863,-0.005725,-0.0018));
#8013=CARTESIAN_POINT('',(0.006875,-0.006875,-0.0018));
#8014=CARTESIAN_POINT('',(0.00494109203941863,-0.008025,-0.0018));
#8015=CARTESIAN_POINT('',(0.00494109203941863,-0.008025,-0.0018));
#8016=CARTESIAN_POINT('',(0.00880890796058137,-0.008025,-0.0018));
#8017=CARTESIAN_POINT('',(0.00880890796058137,-0.008025,-0.0018));
#8018=CARTESIAN_POINT('',(0.006875,-0.006875,-0.0018));
#8019=CARTESIAN_POINT('',(0.00880890796058137,-0.005725,-0.0018));
#8020=CARTESIAN_POINT('',(0.00880890796058137,-0.005725,-0.0018));
#8021=CARTESIAN_POINT('',(-0.006875,0.008025,-0.0018));
#8022=CARTESIAN_POINT('',(-0.006875,0.008025,-0.0018));
#8023=CARTESIAN_POINT('',(-0.006875,0.008025,-0.0018));
#8024=CARTESIAN_POINT('',(-0.006875,0.005725,-0.0018));
#8025=CARTESIAN_POINT('',(-0.006875,0.005725,-0.0018));
#8026=CARTESIAN_POINT('',(-0.006875,0.005725,-0.0018));
#8027=CARTESIAN_POINT('',(0.,0.,-0.0018));
#8028=CARTESIAN_POINT('',(0.,0.,-0.0018));
#8029=CARTESIAN_POINT('',(0.006875,-0.008025,-0.0018));
#8030=CARTESIAN_POINT('',(0.006875,-0.008025,-0.0018));
#8031=CARTESIAN_POINT('',(0.006875,-0.008025,-0.0018));
#8032=CARTESIAN_POINT('',(0.006875,-0.005725,-0.0018));
#8033=CARTESIAN_POINT('',(0.006875,-0.005725,-0.0018));
#8034=CARTESIAN_POINT('',(0.006875,-0.005725,-0.0018));
#8035=CARTESIAN_POINT('',(0.,0.,-0.0018));
#8036=CARTESIAN_POINT('',(0.,0.,-0.0018));
#8037=CARTESIAN_POINT('',(0.008025,0.006875,-0.0018));
#8038=CARTESIAN_POINT('',(0.008025,0.006875,-0.0018));
#8039=CARTESIAN_POINT('',(0.008025,0.006875,-0.0018));
#8040=CARTESIAN_POINT('',(0.005725,0.006875,-0.0018));
#8041=CARTESIAN_POINT('',(0.005725,0.006875,-0.0018));
#8042=CARTESIAN_POINT('',(0.005725,0.006875,-0.0018));
#8043=CARTESIAN_POINT('',(0.,0.,-0.0018));
#8044=CARTESIAN_POINT('',(0.,0.,-0.0018));
#8045=CARTESIAN_POINT('',(-0.008025,-0.006875,-0.0018));
#8046=CARTESIAN_POINT('',(-0.008025,-0.006875,-0.0018));
#8047=CARTESIAN_POINT('',(-0.008025,-0.006875,-0.0018));
#8048=CARTESIAN_POINT('',(-0.005725,-0.006875,-0.0018));
#8049=CARTESIAN_POINT('',(-0.005725,-0.006875,-0.0018));
#8050=CARTESIAN_POINT('',(-0.005725,-0.006875,-0.0018));
#8051=CARTESIAN_POINT('',(0.,0.,-0.0018));
#8052=CARTESIAN_POINT('',(0.,0.,-0.0018));
#8053=CARTESIAN_POINT('',(-0.017375,-0.029975,-0.0018));
#8054=CARTESIAN_POINT('',(-0.017375,-0.029975,-0.0018));
#8055=CARTESIAN_POINT('',(-0.0154410920394187,-0.029975,-0.0018));
#8056=CARTESIAN_POINT('',(-0.017375,-0.029975,-0.0018));
#8057=CARTESIAN_POINT('',(-0.0193089079605814,-0.029975,-0.0018));
#8058=CARTESIAN_POINT('',(-0.0193089079605814,-0.029975,-0.0018));
#8059=CARTESIAN_POINT('',(-0.0193089079605814,-0.029975,-0.002));
#8060=CARTESIAN_POINT('',(-0.017375,-0.029975,-0.002));
#8061=CARTESIAN_POINT('',(-0.0154410920394187,-0.029975,-0.002));
#8062=CARTESIAN_POINT('',(-0.0154410920394187,-0.029975,-0.0018));
#8063=CARTESIAN_POINT('',(-0.017375,-0.032275,-0.0018));
#8064=CARTESIAN_POINT('',(-0.0154410920394187,-0.032275,-0.0018));
#8065=CARTESIAN_POINT('',(-0.0154410920394187,-0.032275,-0.0018));
#8066=CARTESIAN_POINT('',(-0.0154410920394187,-0.032275,-0.002));
#8067=CARTESIAN_POINT('',(-0.017375,-0.032275,-0.002));
#8068=CARTESIAN_POINT('',(-0.0193089079605814,-0.032275,-0.002));
#8069=CARTESIAN_POINT('',(-0.0193089079605814,-0.032275,-0.0018));
#8070=CARTESIAN_POINT('',(-0.0193089079605814,-0.032275,-0.0018));
#8071=CARTESIAN_POINT('',(-0.017375,-0.032275,-0.0018));
#8072=CARTESIAN_POINT('',(-0.017375,-0.032275,-0.0018));
#8073=CARTESIAN_POINT('',(0.,-0.02425,-0.002));
#8074=CARTESIAN_POINT('',(-0.017375,-0.031125,-0.002));
#8075=CARTESIAN_POINT('',(0.,-0.02425,-0.002));
#8076=CARTESIAN_POINT('',(-0.017375,-0.031125,-0.002));
#8077=CARTESIAN_POINT('',(-0.017375,-0.031125,-0.002));
#8078=CARTESIAN_POINT('',(-0.017375,-0.031125,-0.0018));
#8079=CARTESIAN_POINT('',(-0.017375,-0.031125,-0.0018));
#8080=CARTESIAN_POINT('',(-0.02425,-0.02425,-0.0018));
#8081=CARTESIAN_POINT('',(-0.02425,-0.02425,-0.0018));
#8082=CARTESIAN_POINT('',(0.,-0.02425,-0.002));
#8083=CARTESIAN_POINT('',(-0.029975,-0.031125,-0.002));
#8084=CARTESIAN_POINT('',(-0.029975,-0.0291910920394186,-0.002));
#8085=CARTESIAN_POINT('',(-0.029975,-0.0330589079605814,-0.002));
#8086=CARTESIAN_POINT('',(-0.031125,-0.031125,-0.002));
#8087=CARTESIAN_POINT('',(-0.029975,-0.031125,-0.0018));
#8088=CARTESIAN_POINT('',(-0.029975,-0.031125,-0.0018));
#8089=CARTESIAN_POINT('',(-0.029975,-0.0330589079605814,-0.0018));
#8090=CARTESIAN_POINT('',(-0.029975,-0.031125,-0.0018));
#8091=CARTESIAN_POINT('',(-0.029975,-0.0291910920394186,-0.0018));
#8092=CARTESIAN_POINT('',(-0.029975,-0.0291910920394186,-0.0018));
#8093=CARTESIAN_POINT('',(-0.029975,-0.0330589079605814,-0.0018));
#8094=CARTESIAN_POINT('',(-0.032275,-0.031125,-0.0018));
#8095=CARTESIAN_POINT('',(-0.032275,-0.0330589079605814,-0.0018));
#8096=CARTESIAN_POINT('',(-0.032275,-0.0330589079605814,-0.0018));
#8097=CARTESIAN_POINT('',(-0.032275,-0.0330589079605814,-0.002));
#8098=CARTESIAN_POINT('',(-0.032275,-0.031125,-0.002));
#8099=CARTESIAN_POINT('',(-0.032275,-0.0291910920394186,-0.002));
#8100=CARTESIAN_POINT('',(-0.032275,-0.0291910920394186,-0.0018));
#8101=CARTESIAN_POINT('',(-0.032275,-0.0291910920394186,-0.0018));
#8102=CARTESIAN_POINT('',(-0.032275,-0.031125,-0.0018));
#8103=CARTESIAN_POINT('',(-0.032275,-0.031125,-0.0018));
#8104=CARTESIAN_POINT('',(0.,-0.02425,-0.002));
#8105=CARTESIAN_POINT('',(-0.031125,-0.031125,-0.002));
#8106=CARTESIAN_POINT('',(-0.031125,-0.031125,-0.002));
#8107=CARTESIAN_POINT('',(-0.031125,-0.031125,-0.0018));
#8108=CARTESIAN_POINT('',(-0.031125,-0.031125,-0.0018));
#8109=CARTESIAN_POINT('',(-0.02425,-0.02425,-0.0018));
#8110=CARTESIAN_POINT('',(-0.02425,-0.02425,-0.0018));
#8111=CARTESIAN_POINT('',(0.,-0.02425,-0.002));
#8112=CARTESIAN_POINT('',(-0.031125,-0.018525,-0.002));
#8113=CARTESIAN_POINT('',(-0.0291910920394186,-0.018525,-0.002));
#8114=CARTESIAN_POINT('',(-0.0330589079605814,-0.018525,-0.002));
#8115=CARTESIAN_POINT('',(-0.031125,-0.017375,-0.002));
#8116=CARTESIAN_POINT('',(-0.031125,-0.018525,-0.0018));
#8117=CARTESIAN_POINT('',(-0.031125,-0.018525,-0.0018));
#8118=CARTESIAN_POINT('',(-0.0330589079605814,-0.018525,-0.0018));
#8119=CARTESIAN_POINT('',(-0.031125,-0.018525,-0.0018));
#8120=CARTESIAN_POINT('',(-0.0291910920394186,-0.018525,-0.0018));
#8121=CARTESIAN_POINT('',(-0.0291910920394186,-0.018525,-0.0018));
#8122=CARTESIAN_POINT('',(-0.0330589079605814,-0.018525,-0.0018));
#8123=CARTESIAN_POINT('',(-0.031125,-0.016225,-0.0018));
#8124=CARTESIAN_POINT('',(-0.0330589079605814,-0.016225,-0.0018));
#8125=CARTESIAN_POINT('',(-0.0330589079605814,-0.016225,-0.0018));
#8126=CARTESIAN_POINT('',(-0.0330589079605814,-0.016225,-0.002));
#8127=CARTESIAN_POINT('',(-0.031125,-0.016225,-0.002));
#8128=CARTESIAN_POINT('',(-0.0291910920394186,-0.016225,-0.002));
#8129=CARTESIAN_POINT('',(-0.0291910920394186,-0.016225,-0.0018));
#8130=CARTESIAN_POINT('',(-0.0291910920394186,-0.016225,-0.0018));
#8131=CARTESIAN_POINT('',(-0.031125,-0.016225,-0.0018));
#8132=CARTESIAN_POINT('',(-0.031125,-0.016225,-0.0018));
#8133=CARTESIAN_POINT('',(0.,-0.02425,-0.002));
#8134=CARTESIAN_POINT('',(-0.031125,-0.017375,-0.002));
#8135=CARTESIAN_POINT('',(-0.031125,-0.017375,-0.002));
#8136=CARTESIAN_POINT('',(-0.031125,-0.017375,-0.0018));
#8137=CARTESIAN_POINT('',(-0.031125,-0.017375,-0.0018));
#8138=CARTESIAN_POINT('',(-0.02425,-0.02425,-0.0018));
#8139=CARTESIAN_POINT('',(-0.02425,-0.02425,-0.0018));
#8140=CARTESIAN_POINT('',(-0.018525,-0.017375,-0.0018));
#8141=CARTESIAN_POINT('',(-0.018525,-0.017375,-0.0018));
#8142=CARTESIAN_POINT('',(-0.018525,-0.0154410920394187,-0.0018));
#8143=CARTESIAN_POINT('',(-0.018525,-0.017375,-0.0018));
#8144=CARTESIAN_POINT('',(-0.018525,-0.0193089079605814,-0.0018));
#8145=CARTESIAN_POINT('',(-0.018525,-0.0193089079605814,-0.0018));
#8146=CARTESIAN_POINT('',(-0.018525,-0.0193089079605814,-0.002));
#8147=CARTESIAN_POINT('',(-0.018525,-0.017375,-0.002));
#8148=CARTESIAN_POINT('',(-0.018525,-0.0154410920394187,-0.002));
#8149=CARTESIAN_POINT('',(-0.018525,-0.0154410920394187,-0.0018));
#8150=CARTESIAN_POINT('',(-0.016225,-0.017375,-0.0018));
#8151=CARTESIAN_POINT('',(-0.016225,-0.0154410920394187,-0.0018));
#8152=CARTESIAN_POINT('',(-0.016225,-0.0154410920394187,-0.0018));
#8153=CARTESIAN_POINT('',(-0.016225,-0.0154410920394187,-0.002));
#8154=CARTESIAN_POINT('',(-0.016225,-0.017375,-0.002));
#8155=CARTESIAN_POINT('',(-0.016225,-0.0193089079605814,-0.002));
#8156=CARTESIAN_POINT('',(-0.016225,-0.0193089079605814,-0.0018));
#8157=CARTESIAN_POINT('',(-0.016225,-0.0193089079605814,-0.0018));
#8158=CARTESIAN_POINT('',(-0.016225,-0.017375,-0.0018));
#8159=CARTESIAN_POINT('',(-0.016225,-0.017375,-0.0018));
#8160=CARTESIAN_POINT('',(0.,-0.02425,-0.002));
#8161=CARTESIAN_POINT('',(-0.017375,-0.017375,-0.002));
#8162=CARTESIAN_POINT('',(0.,-0.02425,-0.002));
#8163=CARTESIAN_POINT('',(-0.017375,-0.017375,-0.002));
#8164=CARTESIAN_POINT('',(-0.017375,-0.017375,-0.002));
#8165=CARTESIAN_POINT('',(-0.017375,-0.017375,-0.0018));
#8166=CARTESIAN_POINT('',(-0.017375,-0.017375,-0.0018));
#8167=CARTESIAN_POINT('',(-0.02425,-0.02425,-0.0018));
#8168=CARTESIAN_POINT('',(-0.02425,-0.02425,-0.0018));
#8169=CARTESIAN_POINT('',(-0.006875,-0.042775,-0.0018));
#8170=CARTESIAN_POINT('',(-0.006875,-0.042775,-0.0018));
#8171=CARTESIAN_POINT('',(-0.00880890796058137,-0.042775,-0.0018));
#8172=CARTESIAN_POINT('',(-0.006875,-0.042775,-0.0018));
#8173=CARTESIAN_POINT('',(-0.00494109203941863,-0.042775,-0.0018));
#8174=CARTESIAN_POINT('',(-0.00494109203941863,-0.042775,-0.0018));
#8175=CARTESIAN_POINT('',(-0.00494109203941863,-0.042775,-0.002));
#8176=CARTESIAN_POINT('',(-0.006875,-0.042775,-0.002));
#8177=CARTESIAN_POINT('',(-0.00880890796058137,-0.042775,-0.002));
#8178=CARTESIAN_POINT('',(-0.00880890796058137,-0.042775,-0.0018));
#8179=CARTESIAN_POINT('',(-0.006875,-0.040475,-0.0018));
#8180=CARTESIAN_POINT('',(-0.00880890796058137,-0.040475,-0.0018));
#8181=CARTESIAN_POINT('',(-0.00880890796058137,-0.040475,-0.0018));
#8182=CARTESIAN_POINT('',(-0.00880890796058137,-0.040475,-0.002));
#8183=CARTESIAN_POINT('',(-0.006875,-0.040475,-0.002));
#8184=CARTESIAN_POINT('',(-0.00494109203941862,-0.040475,-0.002));
#8185=CARTESIAN_POINT('',(-0.00494109203941862,-0.040475,-0.0018));
#8186=CARTESIAN_POINT('',(-0.00494109203941862,-0.040475,-0.0018));
#8187=CARTESIAN_POINT('',(-0.006875,-0.040475,-0.0018));
#8188=CARTESIAN_POINT('',(-0.006875,-0.040475,-0.0018));
#8189=CARTESIAN_POINT('',(0.,-0.02425,-0.002));
#8190=CARTESIAN_POINT('',(-0.006875,-0.041625,-0.002));
#8191=CARTESIAN_POINT('',(0.,-0.02425,-0.002));
#8192=CARTESIAN_POINT('',(-0.006875,-0.041625,-0.002));
#8193=CARTESIAN_POINT('',(-0.006875,-0.041625,-0.002));
#8194=CARTESIAN_POINT('',(-0.006875,-0.041625,-0.0018));
#8195=CARTESIAN_POINT('',(-0.006875,-0.041625,-0.0018));
#8196=CARTESIAN_POINT('',(2.96976848793233E-18,-0.0485,-0.0018));
#8197=CARTESIAN_POINT('',(2.96976848793233E-18,-0.0485,-0.0018));
#8198=CARTESIAN_POINT('',(0.,-0.02425,-0.002));
#8199=CARTESIAN_POINT('',(-0.005725,-0.055375,-0.002));
#8200=CARTESIAN_POINT('',(-0.005725,-0.0534410920394186,-0.002));
#8201=CARTESIAN_POINT('',(-0.005725,-0.0573089079605814,-0.002));
#8202=CARTESIAN_POINT('',(-0.006875,-0.055375,-0.002));
#8203=CARTESIAN_POINT('',(-0.005725,-0.055375,-0.0018));
#8204=CARTESIAN_POINT('',(-0.005725,-0.055375,-0.0018));
#8205=CARTESIAN_POINT('',(-0.005725,-0.0573089079605814,-0.0018));
#8206=CARTESIAN_POINT('',(-0.005725,-0.055375,-0.0018));
#8207=CARTESIAN_POINT('',(-0.005725,-0.0534410920394186,-0.0018));
#8208=CARTESIAN_POINT('',(-0.005725,-0.0534410920394186,-0.0018));
#8209=CARTESIAN_POINT('',(-0.005725,-0.0573089079605814,-0.0018));
#8210=CARTESIAN_POINT('',(-0.008025,-0.055375,-0.0018));
#8211=CARTESIAN_POINT('',(-0.008025,-0.0573089079605814,-0.0018));
#8212=CARTESIAN_POINT('',(-0.008025,-0.0573089079605814,-0.0018));
#8213=CARTESIAN_POINT('',(-0.008025,-0.0573089079605814,-0.002));
#8214=CARTESIAN_POINT('',(-0.008025,-0.055375,-0.002));
#8215=CARTESIAN_POINT('',(-0.008025,-0.0534410920394186,-0.002));
#8216=CARTESIAN_POINT('',(-0.008025,-0.0534410920394186,-0.0018));
#8217=CARTESIAN_POINT('',(-0.008025,-0.0534410920394186,-0.0018));
#8218=CARTESIAN_POINT('',(-0.008025,-0.055375,-0.0018));
#8219=CARTESIAN_POINT('',(-0.008025,-0.055375,-0.0018));
#8220=CARTESIAN_POINT('',(0.,-0.02425,-0.002));
#8221=CARTESIAN_POINT('',(-0.006875,-0.055375,-0.002));
#8222=CARTESIAN_POINT('',(-0.006875,-0.055375,-0.002));
#8223=CARTESIAN_POINT('',(-0.006875,-0.055375,-0.0018));
#8224=CARTESIAN_POINT('',(-0.006875,-0.055375,-0.0018));
#8225=CARTESIAN_POINT('',(2.96976848793233E-18,-0.0485,-0.0018));
#8226=CARTESIAN_POINT('',(2.96976848793233E-18,-0.0485,-0.0018));
#8227=CARTESIAN_POINT('',(0.,-0.02425,-0.002));
#8228=CARTESIAN_POINT('',(0.006875,-0.054225,-0.002));
#8229=CARTESIAN_POINT('',(0.00494109203941863,-0.054225,-0.002));
#8230=CARTESIAN_POINT('',(0.00880890796058138,-0.054225,-0.002));
#8231=CARTESIAN_POINT('',(0.006875,-0.055375,-0.002));
#8232=CARTESIAN_POINT('',(0.006875,-0.054225,-0.0018));
#8233=CARTESIAN_POINT('',(0.006875,-0.054225,-0.0018));
#8234=CARTESIAN_POINT('',(0.00880890796058138,-0.054225,-0.0018));
#8235=CARTESIAN_POINT('',(0.006875,-0.054225,-0.0018));
#8236=CARTESIAN_POINT('',(0.00494109203941863,-0.054225,-0.0018));
#8237=CARTESIAN_POINT('',(0.00494109203941863,-0.054225,-0.0018));
#8238=CARTESIAN_POINT('',(0.00880890796058138,-0.054225,-0.0018));
#8239=CARTESIAN_POINT('',(0.006875,-0.056525,-0.0018));
#8240=CARTESIAN_POINT('',(0.00880890796058138,-0.056525,-0.0018));
#8241=CARTESIAN_POINT('',(0.00880890796058138,-0.056525,-0.0018));
#8242=CARTESIAN_POINT('',(0.00880890796058138,-0.056525,-0.002));
#8243=CARTESIAN_POINT('',(0.006875,-0.056525,-0.002));
#8244=CARTESIAN_POINT('',(0.00494109203941863,-0.056525,-0.002));
#8245=CARTESIAN_POINT('',(0.00494109203941863,-0.056525,-0.0018));
#8246=CARTESIAN_POINT('',(0.00494109203941863,-0.056525,-0.0018));
#8247=CARTESIAN_POINT('',(0.006875,-0.056525,-0.0018));
#8248=CARTESIAN_POINT('',(0.006875,-0.056525,-0.0018));
#8249=CARTESIAN_POINT('',(0.,-0.02425,-0.002));
#8250=CARTESIAN_POINT('',(0.006875,-0.055375,-0.002));
#8251=CARTESIAN_POINT('',(0.006875,-0.055375,-0.002));
#8252=CARTESIAN_POINT('',(0.006875,-0.055375,-0.0018));
#8253=CARTESIAN_POINT('',(0.006875,-0.055375,-0.0018));
#8254=CARTESIAN_POINT('',(2.96976848793233E-18,-0.0485,-0.0018));
#8255=CARTESIAN_POINT('',(2.96976848793233E-18,-0.0485,-0.0018));
#8256=CARTESIAN_POINT('',(0.005725,-0.041625,-0.0018));
#8257=CARTESIAN_POINT('',(0.005725,-0.041625,-0.0018));
#8258=CARTESIAN_POINT('',(0.005725,-0.0396910920394186,-0.0018));
#8259=CARTESIAN_POINT('',(0.005725,-0.041625,-0.0018));
#8260=CARTESIAN_POINT('',(0.005725,-0.0435589079605814,-0.0018));
#8261=CARTESIAN_POINT('',(0.005725,-0.0435589079605814,-0.0018));
#8262=CARTESIAN_POINT('',(0.005725,-0.0435589079605814,-0.002));
#8263=CARTESIAN_POINT('',(0.005725,-0.041625,-0.002));
#8264=CARTESIAN_POINT('',(0.005725,-0.0396910920394186,-0.002));
#8265=CARTESIAN_POINT('',(0.005725,-0.0396910920394186,-0.0018));
#8266=CARTESIAN_POINT('',(0.008025,-0.041625,-0.0018));
#8267=CARTESIAN_POINT('',(0.008025,-0.0396910920394186,-0.0018));
#8268=CARTESIAN_POINT('',(0.008025,-0.0396910920394186,-0.0018));
#8269=CARTESIAN_POINT('',(0.008025,-0.0396910920394186,-0.002));
#8270=CARTESIAN_POINT('',(0.008025,-0.041625,-0.002));
#8271=CARTESIAN_POINT('',(0.008025,-0.0435589079605814,-0.002));
#8272=CARTESIAN_POINT('',(0.008025,-0.0435589079605814,-0.0018));
#8273=CARTESIAN_POINT('',(0.008025,-0.0435589079605814,-0.0018));
#8274=CARTESIAN_POINT('',(0.008025,-0.041625,-0.0018));
#8275=CARTESIAN_POINT('',(0.008025,-0.041625,-0.0018));
#8276=CARTESIAN_POINT('',(0.,-0.02425,-0.002));
#8277=CARTESIAN_POINT('',(0.006875,-0.041625,-0.002));
#8278=CARTESIAN_POINT('',(0.,-0.02425,-0.002));
#8279=CARTESIAN_POINT('',(0.006875,-0.041625,-0.002));
#8280=CARTESIAN_POINT('',(0.006875,-0.041625,-0.002));
#8281=CARTESIAN_POINT('',(0.006875,-0.041625,-0.0018));
#8282=CARTESIAN_POINT('',(0.006875,-0.041625,-0.0018));
#8283=CARTESIAN_POINT('',(2.96976848793233E-18,-0.0485,-0.0018));
#8284=CARTESIAN_POINT('',(2.96976848793233E-18,-0.0485,-0.0018));
#8285=CARTESIAN_POINT('',(0.018525,-0.031125,-0.0018));
#8286=CARTESIAN_POINT('',(0.018525,-0.031125,-0.0018));
#8287=CARTESIAN_POINT('',(0.018525,-0.0330589079605814,-0.0018));
#8288=CARTESIAN_POINT('',(0.018525,-0.031125,-0.0018));
#8289=CARTESIAN_POINT('',(0.018525,-0.0291910920394186,-0.0018));
#8290=CARTESIAN_POINT('',(0.018525,-0.0291910920394186,-0.0018));
#8291=CARTESIAN_POINT('',(0.018525,-0.0291910920394186,-0.002));
#8292=CARTESIAN_POINT('',(0.018525,-0.031125,-0.002));
#8293=CARTESIAN_POINT('',(0.018525,-0.0330589079605814,-0.002));
#8294=CARTESIAN_POINT('',(0.018525,-0.0330589079605814,-0.0018));
#8295=CARTESIAN_POINT('',(0.016225,-0.031125,-0.0018));
#8296=CARTESIAN_POINT('',(0.016225,-0.0330589079605814,-0.0018));
#8297=CARTESIAN_POINT('',(0.016225,-0.0330589079605814,-0.0018));
#8298=CARTESIAN_POINT('',(0.016225,-0.0330589079605814,-0.002));
#8299=CARTESIAN_POINT('',(0.016225,-0.031125,-0.002));
#8300=CARTESIAN_POINT('',(0.016225,-0.0291910920394186,-0.002));
#8301=CARTESIAN_POINT('',(0.016225,-0.0291910920394186,-0.0018));
#8302=CARTESIAN_POINT('',(0.016225,-0.0291910920394186,-0.0018));
#8303=CARTESIAN_POINT('',(0.016225,-0.031125,-0.0018));
#8304=CARTESIAN_POINT('',(0.016225,-0.031125,-0.0018));
#8305=CARTESIAN_POINT('',(0.,-0.02425,-0.002));
#8306=CARTESIAN_POINT('',(0.017375,-0.031125,-0.002));
#8307=CARTESIAN_POINT('',(0.,-0.02425,-0.002));
#8308=CARTESIAN_POINT('',(0.017375,-0.031125,-0.002));
#8309=CARTESIAN_POINT('',(0.017375,-0.031125,-0.002));
#8310=CARTESIAN_POINT('',(0.017375,-0.031125,-0.0018));
#8311=CARTESIAN_POINT('',(0.017375,-0.031125,-0.0018));
#8312=CARTESIAN_POINT('',(0.02425,-0.02425,-0.0018));
#8313=CARTESIAN_POINT('',(0.02425,-0.02425,-0.0018));
#8314=CARTESIAN_POINT('',(0.,-0.02425,-0.002));
#8315=CARTESIAN_POINT('',(0.031125,-0.029975,-0.002));
#8316=CARTESIAN_POINT('',(0.0291910920394186,-0.029975,-0.002));
#8317=CARTESIAN_POINT('',(0.0330589079605813,-0.029975,-0.002));
#8318=CARTESIAN_POINT('',(0.031125,-0.031125,-0.002));
#8319=CARTESIAN_POINT('',(0.031125,-0.029975,-0.0018));
#8320=CARTESIAN_POINT('',(0.031125,-0.029975,-0.0018));
#8321=CARTESIAN_POINT('',(0.0330589079605813,-0.029975,-0.0018));
#8322=CARTESIAN_POINT('',(0.031125,-0.029975,-0.0018));
#8323=CARTESIAN_POINT('',(0.0291910920394186,-0.029975,-0.0018));
#8324=CARTESIAN_POINT('',(0.0291910920394186,-0.029975,-0.0018));
#8325=CARTESIAN_POINT('',(0.0330589079605813,-0.029975,-0.0018));
#8326=CARTESIAN_POINT('',(0.031125,-0.032275,-0.0018));
#8327=CARTESIAN_POINT('',(0.0330589079605814,-0.032275,-0.0018));
#8328=CARTESIAN_POINT('',(0.0330589079605814,-0.032275,-0.0018));
#8329=CARTESIAN_POINT('',(0.0330589079605814,-0.032275,-0.002));
#8330=CARTESIAN_POINT('',(0.031125,-0.032275,-0.002));
#8331=CARTESIAN_POINT('',(0.0291910920394186,-0.032275,-0.002));
#8332=CARTESIAN_POINT('',(0.0291910920394186,-0.032275,-0.0018));
#8333=CARTESIAN_POINT('',(0.0291910920394186,-0.032275,-0.0018));
#8334=CARTESIAN_POINT('',(0.031125,-0.032275,-0.0018));
#8335=CARTESIAN_POINT('',(0.031125,-0.032275,-0.0018));
#8336=CARTESIAN_POINT('',(0.,-0.02425,-0.002));
#8337=CARTESIAN_POINT('',(0.031125,-0.031125,-0.002));
#8338=CARTESIAN_POINT('',(0.031125,-0.031125,-0.002));
#8339=CARTESIAN_POINT('',(0.031125,-0.031125,-0.0018));
#8340=CARTESIAN_POINT('',(0.031125,-0.031125,-0.0018));
#8341=CARTESIAN_POINT('',(0.02425,-0.02425,-0.0018));
#8342=CARTESIAN_POINT('',(0.02425,-0.02425,-0.0018));
#8343=CARTESIAN_POINT('',(0.,-0.02425,-0.002));
#8344=CARTESIAN_POINT('',(0.029975,-0.017375,-0.002));
#8345=CARTESIAN_POINT('',(0.029975,-0.0193089079605814,-0.002));
#8346=CARTESIAN_POINT('',(0.029975,-0.0154410920394187,-0.002));
#8347=CARTESIAN_POINT('',(0.031125,-0.017375,-0.002));
#8348=CARTESIAN_POINT('',(0.029975,-0.017375,-0.0018));
#8349=CARTESIAN_POINT('',(0.029975,-0.017375,-0.0018));
#8350=CARTESIAN_POINT('',(0.029975,-0.0154410920394187,-0.0018));
#8351=CARTESIAN_POINT('',(0.029975,-0.017375,-0.0018));
#8352=CARTESIAN_POINT('',(0.029975,-0.0193089079605814,-0.0018));
#8353=CARTESIAN_POINT('',(0.029975,-0.0193089079605814,-0.0018));
#8354=CARTESIAN_POINT('',(0.029975,-0.0154410920394187,-0.0018));
#8355=CARTESIAN_POINT('',(0.032275,-0.017375,-0.0018));
#8356=CARTESIAN_POINT('',(0.032275,-0.0154410920394187,-0.0018));
#8357=CARTESIAN_POINT('',(0.032275,-0.0154410920394187,-0.0018));
#8358=CARTESIAN_POINT('',(0.032275,-0.0154410920394187,-0.002));
#8359=CARTESIAN_POINT('',(0.032275,-0.017375,-0.002));
#8360=CARTESIAN_POINT('',(0.032275,-0.0193089079605814,-0.002));
#8361=CARTESIAN_POINT('',(0.032275,-0.0193089079605814,-0.0018));
#8362=CARTESIAN_POINT('',(0.032275,-0.0193089079605814,-0.0018));
#8363=CARTESIAN_POINT('',(0.032275,-0.017375,-0.0018));
#8364=CARTESIAN_POINT('',(0.032275,-0.017375,-0.0018));
#8365=CARTESIAN_POINT('',(0.,-0.02425,-0.002));
#8366=CARTESIAN_POINT('',(0.031125,-0.017375,-0.002));
#8367=CARTESIAN_POINT('',(0.031125,-0.017375,-0.002));
#8368=CARTESIAN_POINT('',(0.031125,-0.017375,-0.0018));
#8369=CARTESIAN_POINT('',(0.031125,-0.017375,-0.0018));
#8370=CARTESIAN_POINT('',(0.02425,-0.02425,-0.0018));
#8371=CARTESIAN_POINT('',(0.02425,-0.02425,-0.0018));
#8372=CARTESIAN_POINT('',(0.017375,-0.016225,-0.0018));
#8373=CARTESIAN_POINT('',(0.0154410920394187,-0.016225,-0.0018));
#8374=CARTESIAN_POINT('',(0.0154410920394187,-0.016225,-0.0018));
#8375=CARTESIAN_POINT('',(0.0154410920394187,-0.016225,-0.002));
#8376=CARTESIAN_POINT('',(0.017375,-0.016225,-0.002));
#8377=CARTESIAN_POINT('',(0.0193089079605814,-0.016225,-0.002));
#8378=CARTESIAN_POINT('',(0.0193089079605814,-0.016225,-0.0018));
#8379=CARTESIAN_POINT('',(0.0193089079605814,-0.016225,-0.0018));
#8380=CARTESIAN_POINT('',(0.017375,-0.016225,-0.0018));
#8381=CARTESIAN_POINT('',(0.017375,-0.016225,-0.0018));
#8382=CARTESIAN_POINT('',(0.017375,-0.018525,-0.0018));
#8383=CARTESIAN_POINT('',(0.017375,-0.018525,-0.0018));
#8384=CARTESIAN_POINT('',(0.0154410920394187,-0.018525,-0.0018));
#8385=CARTESIAN_POINT('',(0.017375,-0.018525,-0.0018));
#8386=CARTESIAN_POINT('',(0.0193089079605814,-0.018525,-0.0018));
#8387=CARTESIAN_POINT('',(0.0193089079605814,-0.018525,-0.0018));
#8388=CARTESIAN_POINT('',(0.0193089079605814,-0.018525,-0.002));
#8389=CARTESIAN_POINT('',(0.017375,-0.018525,-0.002));
#8390=CARTESIAN_POINT('',(0.0154410920394187,-0.018525,-0.002));
#8391=CARTESIAN_POINT('',(0.0154410920394187,-0.018525,-0.0018));
#8392=CARTESIAN_POINT('',(0.,-0.02425,-0.002));
#8393=CARTESIAN_POINT('',(0.017375,-0.017375,-0.002));
#8394=CARTESIAN_POINT('',(0.,-0.02425,-0.002));
#8395=CARTESIAN_POINT('',(0.017375,-0.017375,-0.002));
#8396=CARTESIAN_POINT('',(0.017375,-0.017375,-0.002));
#8397=CARTESIAN_POINT('',(0.017375,-0.017375,-0.0018));
#8398=CARTESIAN_POINT('',(0.017375,-0.017375,-0.0018));
#8399=CARTESIAN_POINT('',(0.02425,-0.02425,-0.0018));
#8400=CARTESIAN_POINT('',(0.02425,-0.02425,-0.0018));
#8401=CARTESIAN_POINT('',(0.00625,-0.05475,-0.002));
#8402=CARTESIAN_POINT('',(0.01625,-0.0405,-0.002));
#8403=CARTESIAN_POINT('',(0.0305,-0.0305,-0.002));
#8404=CARTESIAN_POINT('',(0.0305,-0.018,-0.002));
#8405=CARTESIAN_POINT('',(0.01625,-0.008,-0.002));
#8406=CARTESIAN_POINT('',(0.00625,0.00625,-0.002));
#8407=CARTESIAN_POINT('',(-0.00625,0.00625,-0.002));
#8408=CARTESIAN_POINT('',(-0.01625,-0.008,-0.002));
#8409=CARTESIAN_POINT('',(-0.0305,-0.018,-0.002));
#8410=CARTESIAN_POINT('',(-0.0305,-0.0305,-0.002));
#8411=CARTESIAN_POINT('',(-0.00625,-0.05475,-0.002));
#8412=CARTESIAN_POINT('',(-0.01625,-0.0405,-0.002));
#8413=CARTESIAN_POINT('',(0.,0.,0.));
#8414=CARTESIAN_POINT('',(0.01125,-4.33680868994202E-19,0.0185));
#8415=CARTESIAN_POINT('',(0.01125,0.00625,0.0185));
#8416=CARTESIAN_POINT('',(0.01125,0.00625,0.017));
#8417=CARTESIAN_POINT('',(0.01125,0.00625,0.));
#8418=CARTESIAN_POINT('',(0.01125,-4.33680868994202E-19,0.017));
#8419=CARTESIAN_POINT('',(0.01125,-0.00625,0.017));
#8420=CARTESIAN_POINT('',(0.01125,-0.00625,0.0185));
#8421=CARTESIAN_POINT('',(0.01125,-0.00625,0.));
#8422=CARTESIAN_POINT('',(0.01125,-4.33680868994202E-19,0.));
#8423=CARTESIAN_POINT('',(0.00625,0.00625,0.0185));
#8424=CARTESIAN_POINT('',(0.00625,0.01125,0.0185));
#8425=CARTESIAN_POINT('',(0.00625,0.01125,0.017));
#8426=CARTESIAN_POINT('',(0.00625,0.01125,0.));
#8427=CARTESIAN_POINT('',(0.00625,0.00625,0.017));
#8428=CARTESIAN_POINT('',(0.00625,0.00625,0.));
#8429=CARTESIAN_POINT('',(0.,0.01125,0.0185));
#8430=CARTESIAN_POINT('',(-0.00625,0.01125,0.0185));
#8431=CARTESIAN_POINT('',(-0.00625,0.01125,0.017));
#8432=CARTESIAN_POINT('',(-0.00625,0.01125,0.));
#8433=CARTESIAN_POINT('',(0.,0.01125,0.017));
#8434=CARTESIAN_POINT('',(0.,0.01125,0.));
#8435=CARTESIAN_POINT('',(-0.00625,0.00625,0.0185));
#8436=CARTESIAN_POINT('',(-0.01125,0.00625,0.0185));
#8437=CARTESIAN_POINT('',(-0.01125,0.00625,0.017));
#8438=CARTESIAN_POINT('',(-0.01125,0.00625,0.));
#8439=CARTESIAN_POINT('',(-0.00625,0.00625,0.017));
#8440=CARTESIAN_POINT('',(-0.00625,0.00625,0.));
#8441=CARTESIAN_POINT('',(-0.01125,-4.33680868994202E-19,0.0185));
#8442=CARTESIAN_POINT('',(-0.01125,-0.00625,0.0185));
#8443=CARTESIAN_POINT('',(-0.01125,-0.00625,0.017));
#8444=CARTESIAN_POINT('',(-0.01125,-0.00625,0.));
#8445=CARTESIAN_POINT('',(-0.01125,0.00625,0.017));
#8446=CARTESIAN_POINT('',(-0.01125,-4.33680868994202E-19,0.));
#8447=CARTESIAN_POINT('',(-0.00625,-0.00625,0.0185));
#8448=CARTESIAN_POINT('',(-0.00625,-0.01125,0.0185));
#8449=CARTESIAN_POINT('',(-0.00625,-0.01125,0.017));
#8450=CARTESIAN_POINT('',(-0.00625,-0.01125,0.));
#8451=CARTESIAN_POINT('',(-0.00625,-0.00625,0.017));
#8452=CARTESIAN_POINT('',(-0.00625,-0.00625,0.));
#8453=CARTESIAN_POINT('',(1.7347234759768E-18,-0.01125,0.0185));
#8454=CARTESIAN_POINT('',(0.00625,-0.01125,0.0185));
#8455=CARTESIAN_POINT('',(0.00625,-0.01125,0.017));
#8456=CARTESIAN_POINT('',(0.00625,-0.01125,0.));
#8457=CARTESIAN_POINT('',(-0.00625,-0.01125,0.017));
#8458=CARTESIAN_POINT('',(1.7347234759768E-18,-0.01125,0.));
#8459=CARTESIAN_POINT('',(0.00625,-0.00625,0.0185));
#8460=CARTESIAN_POINT('',(0.00625,-0.00625,0.017));
#8461=CARTESIAN_POINT('',(0.00625,-0.00625,0.));
#8462=CARTESIAN_POINT('',(0.,0.,0.0185));
#8463=CARTESIAN_POINT('',(-0.009,-0.00625,0.0185));
#8464=CARTESIAN_POINT('',(-0.009,0.00625,0.0185));
#8465=CARTESIAN_POINT('',(-0.009,-0.00625,0.0185));
#8466=CARTESIAN_POINT('',(-0.00625,-0.00625,0.0185));
#8467=CARTESIAN_POINT('',(-0.00625,-0.009,0.0185));
#8468=CARTESIAN_POINT('',(0.00625,-0.009,0.0185));
#8469=CARTESIAN_POINT('',(0.00625,-0.009,0.0185));
#8470=CARTESIAN_POINT('',(0.00625,-0.00625,0.0185));
#8471=CARTESIAN_POINT('',(0.009,-0.00625,0.0185));
#8472=CARTESIAN_POINT('',(0.009,0.,0.0185));
#8473=CARTESIAN_POINT('',(0.009,0.00625,0.0185));
#8474=CARTESIAN_POINT('',(0.00625,0.00625,0.0185));
#8475=CARTESIAN_POINT('',(0.00625,0.009,0.0185));
#8476=CARTESIAN_POINT('',(0.,0.009,0.0185));
#8477=CARTESIAN_POINT('',(-0.00625,0.009,0.0185));
#8478=CARTESIAN_POINT('',(-0.00625,0.00625,0.0185));
#8479=CARTESIAN_POINT('',(-0.001,-0.00675,0.0185));
#8480=CARTESIAN_POINT('',(-0.001,-0.00525,0.0185));
#8481=CARTESIAN_POINT('',(-0.001,-0.00825,0.0185));
#8482=CARTESIAN_POINT('',(4.33680868994202E-19,-0.00525,0.0185));
#8483=CARTESIAN_POINT('',(0.001,-0.00525,0.0185));
#8484=CARTESIAN_POINT('',(0.001,-0.00675,0.0185));
#8485=CARTESIAN_POINT('',(0.001,-0.00825,0.0185));
#8486=CARTESIAN_POINT('',(4.33680868994202E-19,-0.00825,0.0185));
#8487=CARTESIAN_POINT('',(0.,0.,0.));
#8488=CARTESIAN_POINT('',(0.006875,0.006875,0.));
#8489=CARTESIAN_POINT('',(0.004925,0.006875,0.));
#8490=CARTESIAN_POINT('',(-0.006875,0.006875,0.));
#8491=CARTESIAN_POINT('',(-0.008825,0.006875,0.));
#8492=CARTESIAN_POINT('',(-0.006875,-0.006875,0.));
#8493=CARTESIAN_POINT('',(-0.008825,-0.006875,0.));
#8494=CARTESIAN_POINT('',(0.006875,-0.006875,0.));
#8495=CARTESIAN_POINT('',(0.004925,-0.006875,0.));
#8496=CARTESIAN_POINT('',(-0.001,-0.00675,0.0175));
#8497=CARTESIAN_POINT('',(-0.001,-0.00825,0.0175));
#8498=CARTESIAN_POINT('',(-0.001,-0.00825,0.0175));
#8499=CARTESIAN_POINT('',(-0.001,-0.00675,0.0175));
#8500=CARTESIAN_POINT('',(-0.001,-0.00525,0.0175));
#8501=CARTESIAN_POINT('',(-0.001,-0.00525,0.0175));
#8502=CARTESIAN_POINT('',(4.33680868994202E-19,-0.00825,0.0175));
#8503=CARTESIAN_POINT('',(0.001,-0.00825,0.0175));
#8504=CARTESIAN_POINT('',(0.001,-0.00825,0.0175));
#8505=CARTESIAN_POINT('',(4.33680868994202E-19,-0.00825,0.0175));
#8506=CARTESIAN_POINT('',(0.001,-0.00675,0.0175));
#8507=CARTESIAN_POINT('',(0.001,-0.00525,0.0175));
#8508=CARTESIAN_POINT('',(0.001,-0.00525,0.0175));
#8509=CARTESIAN_POINT('',(0.001,-0.00675,0.0175));
#8510=CARTESIAN_POINT('',(4.33680868994202E-19,-0.00525,0.0175));
#8511=CARTESIAN_POINT('',(4.33680868994202E-19,-0.00525,0.0175));
#8512=CARTESIAN_POINT('',(0.,0.,0.0175));
#8513=CARTESIAN_POINT('',(0.00625,0.00625,0.0185));
#8514=CARTESIAN_POINT('',(0.01125,0.00625,0.017));
#8515=CARTESIAN_POINT('',(0.00625,0.009,0.0185));
#8516=CARTESIAN_POINT('',(0.,0.01125,0.017));
#8517=CARTESIAN_POINT('',(-0.00625,0.009,0.0185));
#8518=CARTESIAN_POINT('',(0.01125,-4.33680868994202E-19,0.017));
#8519=CARTESIAN_POINT('',(0.01125,-0.00625,0.017));
#8520=CARTESIAN_POINT('',(-0.00625,0.00625,0.0185));
#8521=CARTESIAN_POINT('',(-0.009,0.00625,0.0185));
#8522=CARTESIAN_POINT('',(0.00625,-0.00625,0.0185));
#8523=CARTESIAN_POINT('',(0.00625,-0.01125,0.017));
#8524=CARTESIAN_POINT('',(-0.009,0.,0.0185));
#8525=CARTESIAN_POINT('',(-0.009,-0.00625,0.0185));
#8526=CARTESIAN_POINT('',(0.,-0.009,0.0185));
#8527=CARTESIAN_POINT('',(-0.00625,-0.01125,0.017));
#8528=CARTESIAN_POINT('',(-0.00625,-0.00625,0.0185));
#8529=CARTESIAN_POINT('',(0.006875,-0.006875,0.001));
#8530=CARTESIAN_POINT('',(0.006875,-0.006875,0.001));
#8531=CARTESIAN_POINT('',(0.004925,-0.006875,0.001));
#8532=CARTESIAN_POINT('',(0.,0.,0.001));
#8533=CARTESIAN_POINT('',(-0.006875,-0.006875,0.001));
#8534=CARTESIAN_POINT('',(-0.006875,-0.006875,0.001));
#8535=CARTESIAN_POINT('',(-0.008825,-0.006875,0.001));
#8536=CARTESIAN_POINT('',(0.,0.,0.001));
#8537=CARTESIAN_POINT('',(-0.006875,0.006875,0.001));
#8538=CARTESIAN_POINT('',(-0.006875,0.006875,0.001));
#8539=CARTESIAN_POINT('',(-0.008825,0.006875,0.001));
#8540=CARTESIAN_POINT('',(0.,0.,0.001));
#8541=CARTESIAN_POINT('',(0.006875,0.006875,0.001));
#8542=CARTESIAN_POINT('',(0.006875,0.006875,0.001));
#8543=CARTESIAN_POINT('',(0.004925,0.006875,0.001));
#8544=CARTESIAN_POINT('',(0.,0.,0.001));
#8545=MECHANICAL_DESIGN_GEOMETRIC_PRESENTATION_REPRESENTATION('',(#4921),
#8550);
#8546=MECHANICAL_DESIGN_GEOMETRIC_PRESENTATION_REPRESENTATION('',(#4922),
#8551);
#8547=MECHANICAL_DESIGN_GEOMETRIC_PRESENTATION_REPRESENTATION('',(#4923),
#8552);
#8548=MECHANICAL_DESIGN_GEOMETRIC_PRESENTATION_REPRESENTATION('',(#4924),
#8553);
#8549=MECHANICAL_DESIGN_GEOMETRIC_PRESENTATION_REPRESENTATION('',(#4925),
#8554);
#8550=(
GEOMETRIC_REPRESENTATION_CONTEXT(3)
GLOBAL_UNCERTAINTY_ASSIGNED_CONTEXT((#8555))
GLOBAL_UNIT_ASSIGNED_CONTEXT((#8570,#8565,#8560))
REPRESENTATION_CONTEXT('Sensor','TOP_LEVEL_ASSEMBLY_PART')
);
#8551=(
GEOMETRIC_REPRESENTATION_CONTEXT(3)
GLOBAL_UNCERTAINTY_ASSIGNED_CONTEXT((#8556))
GLOBAL_UNIT_ASSIGNED_CONTEXT((#8571,#8566,#8561))
REPRESENTATION_CONTEXT('Sensor','TOP_LEVEL_ASSEMBLY_PART')
);
#8552=(
GEOMETRIC_REPRESENTATION_CONTEXT(3)
GLOBAL_UNCERTAINTY_ASSIGNED_CONTEXT((#8557))
GLOBAL_UNIT_ASSIGNED_CONTEXT((#8572,#8567,#8562))
REPRESENTATION_CONTEXT('Sensor','TOP_LEVEL_ASSEMBLY_PART')
);
#8553=(
GEOMETRIC_REPRESENTATION_CONTEXT(3)
GLOBAL_UNCERTAINTY_ASSIGNED_CONTEXT((#8558))
GLOBAL_UNIT_ASSIGNED_CONTEXT((#8573,#8568,#8563))
REPRESENTATION_CONTEXT('Mount','TOP_LEVEL_ASSEMBLY_PART')
);
#8554=(
GEOMETRIC_REPRESENTATION_CONTEXT(3)
GLOBAL_UNCERTAINTY_ASSIGNED_CONTEXT((#8559))
GLOBAL_UNIT_ASSIGNED_CONTEXT((#8574,#8569,#8564))
REPRESENTATION_CONTEXT('Sensor','TOP_LEVEL_ASSEMBLY_PART')
);
#8555=UNCERTAINTY_MEASURE_WITH_UNIT(LENGTH_MEASURE(5.E-6),#8570,
'DISTANCE_ACCURACY_VALUE','Maximum Tolerance applied to model');
#8556=UNCERTAINTY_MEASURE_WITH_UNIT(LENGTH_MEASURE(5.E-6),#8571,
'DISTANCE_ACCURACY_VALUE','Maximum Tolerance applied to model');
#8557=UNCERTAINTY_MEASURE_WITH_UNIT(LENGTH_MEASURE(5.E-6),#8572,
'DISTANCE_ACCURACY_VALUE','Maximum Tolerance applied to model');
#8558=UNCERTAINTY_MEASURE_WITH_UNIT(LENGTH_MEASURE(5.E-6),#8573,
'DISTANCE_ACCURACY_VALUE','Maximum Tolerance applied to model');
#8559=UNCERTAINTY_MEASURE_WITH_UNIT(LENGTH_MEASURE(5.E-6),#8574,
'DISTANCE_ACCURACY_VALUE','Maximum Tolerance applied to model');
#8560=(
NAMED_UNIT(*)
SI_UNIT($,.STERADIAN.)
SOLID_ANGLE_UNIT()
);
#8561=(
NAMED_UNIT(*)
SI_UNIT($,.STERADIAN.)
SOLID_ANGLE_UNIT()
);
#8562=(
NAMED_UNIT(*)
SI_UNIT($,.STERADIAN.)
SOLID_ANGLE_UNIT()
);
#8563=(
NAMED_UNIT(*)
SI_UNIT($,.STERADIAN.)
SOLID_ANGLE_UNIT()
);
#8564=(
NAMED_UNIT(*)
SI_UNIT($,.STERADIAN.)
SOLID_ANGLE_UNIT()
);
#8565=(
NAMED_UNIT(*)
PLANE_ANGLE_UNIT()
SI_UNIT($,.RADIAN.)
);
#8566=(
NAMED_UNIT(*)
PLANE_ANGLE_UNIT()
SI_UNIT($,.RADIAN.)
);
#8567=(
NAMED_UNIT(*)
PLANE_ANGLE_UNIT()
SI_UNIT($,.RADIAN.)
);
#8568=(
NAMED_UNIT(*)
PLANE_ANGLE_UNIT()
SI_UNIT($,.RADIAN.)
);
#8569=(
NAMED_UNIT(*)
PLANE_ANGLE_UNIT()
SI_UNIT($,.RADIAN.)
);
#8570=(
LENGTH_UNIT()
NAMED_UNIT(*)
SI_UNIT($,.METRE.)
);
#8571=(
LENGTH_UNIT()
NAMED_UNIT(*)
SI_UNIT($,.METRE.)
);
#8572=(
LENGTH_UNIT()
NAMED_UNIT(*)
SI_UNIT($,.METRE.)
);
#8573=(
LENGTH_UNIT()
NAMED_UNIT(*)
SI_UNIT($,.METRE.)
);
#8574=(
LENGTH_UNIT()
NAMED_UNIT(*)
SI_UNIT($,.METRE.)
);
#8575=PRODUCT_DEFINITION_SHAPE('','',#8580);
#8576=PRODUCT_DEFINITION_SHAPE('','',#8581);
#8577=PRODUCT_DEFINITION_SHAPE('','',#8582);
#8578=PRODUCT_DEFINITION_SHAPE('','',#8583);
#8579=PRODUCT_DEFINITION_SHAPE('','',#8584);
#8580=PRODUCT_DEFINITION('','',#8590,#8585);
#8581=PRODUCT_DEFINITION('','',#8591,#8586);
#8582=PRODUCT_DEFINITION('','',#8592,#8587);
#8583=PRODUCT_DEFINITION('','',#8593,#8588);
#8584=PRODUCT_DEFINITION('','',#8594,#8589);
#8585=PRODUCT_DEFINITION_CONTEXT('',#8620,'design');
#8586=PRODUCT_DEFINITION_CONTEXT('',#8621,'design');
#8587=PRODUCT_DEFINITION_CONTEXT('',#8622,'design');
#8588=PRODUCT_DEFINITION_CONTEXT('',#8623,'design');
#8589=PRODUCT_DEFINITION_CONTEXT('',#8624,'design');
#8590=PRODUCT_DEFINITION_FORMATION_WITH_SPECIFIED_SOURCE('','',#8600,
 .NOT_KNOWN.);
#8591=PRODUCT_DEFINITION_FORMATION_WITH_SPECIFIED_SOURCE('','',#8601,
 .NOT_KNOWN.);
#8592=PRODUCT_DEFINITION_FORMATION_WITH_SPECIFIED_SOURCE('','',#8602,
 .NOT_KNOWN.);
#8593=PRODUCT_DEFINITION_FORMATION_WITH_SPECIFIED_SOURCE('','',#8603,
 .NOT_KNOWN.);
#8594=PRODUCT_DEFINITION_FORMATION_WITH_SPECIFIED_SOURCE('','',#8604,
 .NOT_KNOWN.);
#8595=PRODUCT_RELATED_PRODUCT_CATEGORY('','',(#8600));
#8596=PRODUCT_RELATED_PRODUCT_CATEGORY('','',(#8601));
#8597=PRODUCT_RELATED_PRODUCT_CATEGORY('','',(#8602));
#8598=PRODUCT_RELATED_PRODUCT_CATEGORY('','',(#8603));
#8599=PRODUCT_RELATED_PRODUCT_CATEGORY('','',(#8604));
#8600=PRODUCT('Sensor','Sensor','Sensor',(#8610));
#8601=PRODUCT('Sensor','Sensor','Sensor',(#8611));
#8602=PRODUCT('Sensor','Sensor','Sensor',(#8612));
#8603=PRODUCT('Mount','Mount','Mount',(#8613));
#8604=PRODUCT('Sensor','Sensor','Sensor',(#8614));
#8605=PRODUCT_CATEGORY('','');
#8606=PRODUCT_CATEGORY('','');
#8607=PRODUCT_CATEGORY('','');
#8608=PRODUCT_CATEGORY('','');
#8609=PRODUCT_CATEGORY('','');
#8610=PRODUCT_CONTEXT('',#8620,'mechanical');
#8611=PRODUCT_CONTEXT('',#8621,'mechanical');
#8612=PRODUCT_CONTEXT('',#8622,'mechanical');
#8613=PRODUCT_CONTEXT('',#8623,'mechanical');
#8614=PRODUCT_CONTEXT('',#8624,'mechanical');
#8615=APPLICATION_PROTOCOL_DEFINITION('international standard',
'ap242_managed_model_based_3d_engineering',2011,#8620);
#8616=APPLICATION_PROTOCOL_DEFINITION('international standard',
'ap242_managed_model_based_3d_engineering',2011,#8621);
#8617=APPLICATION_PROTOCOL_DEFINITION('international standard',
'ap242_managed_model_based_3d_engineering',2011,#8622);
#8618=APPLICATION_PROTOCOL_DEFINITION('international standard',
'ap242_managed_model_based_3d_engineering',2011,#8623);
#8619=APPLICATION_PROTOCOL_DEFINITION('international standard',
'ap242_managed_model_based_3d_engineering',2011,#8624);
#8620=APPLICATION_CONTEXT('managed model based 3d engineering');
#8621=APPLICATION_CONTEXT('managed model based 3d engineering');
#8622=APPLICATION_CONTEXT('managed model based 3d engineering');
#8623=APPLICATION_CONTEXT('managed model based 3d engineering');
#8624=APPLICATION_CONTEXT('managed model based 3d engineering');
ENDSEC;
END-ISO-10303-21;
